Phrase,IPA,ES Pronunciation,ES Translation
I like apples.,/aɪ laɪk ˈæpəlz/,ai laik apols.,Me gustan las manzanas.
I do not like apples.,/aɪ dʌ nɒt laɪk ˈæpəlz/,ai da not laik apols.,No me gustan las manzanas.
Do you like apples?,/duː juː laɪk ˈæpəlz/,du yu laik apols?,¿Te gustan las manzanas?
Why do you like apples?,/waɪ duː juː laɪk ˈæpəlz/,uai du yu laik apols?,¿Por qué te gustan las manzanas?
I liked apples.,/aɪ laɪkt ˈæpəlz/,ai laikt apols.,Me gustaban las manzanas.
You are my friend.,/juː ɑː maɪ frɛnd/,yu ar mai frend.,Tú eres mi amigo.
He is tall.,/hiː ɪz tɔːl/,ji iz tol.,Él es alto.
She is happy.,/ʃiː ɪz ˈhæpi/,shi iz japi.,Ella está feliz.
We go home.,/wiː gəʊ həʊm/,ui gou jom.,Nosotros vamos a casa.
You are here.,/juː ɑː hɪə/,yu ar jia.,Ustedes están aquí.
You are not here.,/juː ɑː nɒt hɪə/,yu ar not jia.,Ustedes no están aquí.
Are you here?,/ɑː juː hɪə/,ar yu jia?,¿Están ustedes aquí?
Where are you?,/wɛər ɑː juː/,uer ar yu?,¿Dónde están ustedes?
You were here.,/juː wɜː hɪə/,yu wer jia.,Ustedes estuvieron aquí.
They play football.,/ðeɪ pleɪ ˈfʊtbɔːl/,dei plei fútbol.,Ellos juegan al fútbol.
They read books.,/ðeɪ riːd bʊks/,dei rid buks.,Ellas leen libros.
"Hello, my friend.",/həˈləʊ maɪ frɛnd/,jelou mai frend.,"Hola, mi amigo."
"Hello, sir.",/həˈləʊ sɜː/,jelou ser.,"Hola, señor."
"Good morning, mom.",/ɡʊd ˈmɔːnɪŋ mɒm/,gud morning mom.,"Buenos días, mamá."
"Good afternoon, sir.",/ɡʊd ˌɑːftəˈnuːn sɜː/,gud áfternun ser.,"Buenas tardes, señor."
"Good evening, dad.",/ɡʊd ˈiːvnɪŋ dæd/,gud ivning dad.,"Buenas noches, papá."
I say hello to him.,/aɪ seɪ həˈləʊ tuː hɪm/,ai sei jelou tu jim.,Le digo hola.
"Hi, how are you?",/haɪ haʊ ɑː juː/,jai jau ar yu?,"Hola, ¿cómo estás?"
This is my greeting.,/ðɪs ɪz maɪ ˈɡriːtɪŋ/,dis iz mai griting.,Este es mi saludo.
She greets the dog.,/ʃiː ɡriːts ðə dɒɡ/,shi grits de dog.,Ella saluda al perro.
How are you today?,/haʊ ɑː juː təˈdeɪ/,jau ar yu tudei?,¿Cómo estás hoy?
"How are you, sir?",/haʊ ɑː juː sɜː/,jau ar yu ser?,"¿Cómo está usted, señor?"
What is new with you?,/wɒt ɪz njuː wɪð juː/,guot is niu wid yu?,¿Qué hay de nuevo?
"Goodbye, teacher.",/ˌɡʊdˈbaɪ ˈtiːtʃə/,gudbai ticher.,"Adiós, profesor."
"Bye, see you later.",/baɪ siː juː ˈleɪtə/,bai si yu leiter.,"Adiós, hasta luego."
I see you soon.,/aɪ siː juː suːn/,ai si yu sun.,Te veo pronto.
"Farewell, old friend.",/ˌfɛəˈwɛl əʊld frɛnd/,fauer uold frend.,"Adiós, viejo amigo."
Thank you for the help.,/θæŋk juː fɔː ðə hɛlp/,zank yu for de jelp.,Gracias por la ayuda.
I say thank you very much.,/aɪ seɪ θæŋk juː vɛri mʌtʃ/,ai sei zank yu veri mach.,Digo muchas gracias.
You are welcome here.,/juː ɑː ˈwɛlkəm hɪə/,yu ar welkom jir.,Eres bienvenido aquí.
You are not welcome here.,/juː ɑː nɒt ˈwɛlkəm hɪə/,yu ar not welkom jia.,No eres bienvenido aquí.
Are you welcome here?,/ɑː juː ˈwɛlkəm hɪə/,ar yu welkom jia?,¿Eres bienvenido aquí?
Who is welcome here?,/huː ɪz ˈwɛlkəm hɪə/,ju is welkom jia?,¿Quién es bienvenido aquí?
You were welcome here.,/juː wɜː ˈwɛlkəm hɪə/,yu wer welkom jia.,Fuiste bienvenido aquí.
"Hey, excuse me.",/heɪ ɪksˈkjuːz miː/,"ei, ekskius mi.","Oye, discúlpame."
"Excuse me, sir.",/ɪksˈkjuːz miː sɜː/,"ekskius mi, ser.","Disculpe, señor."
I want to apologize.,/aɪ wɒnt tuː əˈpɒlədʒaɪz/,ai uant tu apoloyais.,Quiero disculparme.
I am sorry now.,/aɪ æm ˈsɒri naʊ/,ai am sori nau.,Lo siento ahora.
I can forgive you.,/aɪ kæn fəˈgɪv juː/,ai ken forgiv yu.,Puedo perdonarte.
It is okay today.,/ɪt ɪz əʊˈkeɪ təˈdeɪ/,it is okei tudei.,Está bien hoy.
Please help me.,/pliːz hɛlp miː/,pliz jelp mi.,Por favor ayúdame.
Do not forget it.,/duː nɒt fəˈgɛt ɪt/,du not forget it.,No lo olvides.
I go certainly.,/aɪ gəʊ ˈsɜːtnli/,ai gou sertli.,Voy ciertamente.
Of course not now.,/ɒv kɔːs nɒt naʊ/,of cors not nau.,Por supuesto que no.
"Excuse me, please.",/ɪksˈkjuːz miː pliːz/,"ekskius mi, pliz.","Disculpe, por favor."
"Hello, mister.",/həˈləʊ ˈmɪstə/,"jalo, mister.","Hola, señor."
"Yes, ma'am.",/jɛs mæm/,"yes, mam.","Sí, señora."
She is a miss.,/ʃiː ɪz ə mɪs/,shi is a mis.,Ella es una señorita.
He is a young man.,/hiː ɪz ə jʌŋ mæn/,ji is a yang man.,Él es un joven.
The boy is small.,/ðə bɔɪ ɪz smɔːl/,de boy is esmol.,El niño es pequeño.
The girl plays.,/ðə gɜːl pleɪz/,de guerl pleis.,La niña juega.
I have zero apples.,/aɪ hæv ˈzɪərəʊ ˈæplz/,ai jav ziro aples.,Tengo cero manzanas.
I see one dog.,/aɪ siː wʌn dɒg/,ai si uan dog.,Veo un perro.
I do not see one dog.,/aɪ dʌ nɒt siː wʌn dɒg/,ai da not si uan dog.,No veo un perro.
Do you see one dog?,/duː juː siː wʌn dɒg/,du yu si uan dog?,¿Ves un perro?
Why do you see one dog?,/waɪ du juː siː wʌn dɒɡ/,uai du yu si uan dog?,¿Por qué ves un perro?
I saw one dog.,/aɪ sɔː wʌn dɒg/,ai so uan dog.,Vi un perro.
I have two cats.,/aɪ hæv tuː kæts/,ai jav tu kats.,Tengo dos gatos.
I eat three eggs.,/aɪ iːt θriː ɛgz/,ai iit sri eggs.,Como tres huevos.
I need four pens.,/aɪ niːd fɔː pɛnz/,ai nid for pens.,Necesito cuatro bolígrafos.
I have five books.,/aɪ hæv faɪv bʊks/,ai jav faiv buks.,Tengo cinco libros.
I have six red apples.,/aɪ hæv sɪks rɛd ˈæpəlz/,ai jav six red apels.,Tengo seis manzanas rojas.
She is seven years old.,/ʃiː ɪz ˈsɛvən jɪərz əʊld/,shi iz seven yiers old.,Ella tiene siete años.
There are eight birds.,/ðeər ɑːr eɪt bɜːrdz/,der ar eit berds.,Hay ocho pájaros.
It is nine o'clock.,/ɪt ɪz naɪn əˈklɒk/,it iz nain oclok.,Son las nueve en punto.
I see ten dogs.,/aɪ siː tɛn dɒgz/,ai si ten dogs.,Veo diez perros.
He has eleven books.,/hiː hæz ɪˈlɛvən bʊks/,ji jav ileven buks.,Él tiene once libros.
He does not have eleven books.,/hiː dʌz nɒt hæv ɪˈlɛvən bʊks/,ji das not jav ileven buks.,Él no tiene once libros.
Does he have eleven books?,/dʌz hiː hæv ɪˈlɛvən bʊks/,das ji jav ileven buks?,¿Él tiene once libros?
How many books does he have?,/haʊ ˈmɛni bʊks dʌz hiː hæv/,jau meni buks das ji jav?,¿Cuántos libros tiene él?
He had eleven books.,/hiː hæd ɪˈlɛvən bʊks/,ji jad ileven buks.,Él tenía once libros.
We eat at twelve.,/wiː iːt æt twɛlv/,ui it at tuelf.,Comemos a las doce.
My sister is thirteen.,/maɪ ˈsɪstər ɪz ˌθɜːrˈtiːn/,mai syster is zirtin.,Mi hermana tiene trece años.
There are fourteen cars.,/ðeər ɑːr ˌfɔːrˈtiːn kɑːrz/,der ar fortin cars.,Hay catorce coches.
I need fifteen eggs.,/aɪ niːd ˌfɪfˈtiːn ɛgz/,ai nid fiftein eggs.,Necesito quince huevos.
They are sixteen.,/ðeɪ ɑːr ˌsɪksˈtiːn/,dei ar sixtin.,Ellos tienen dieciséis años.
She has seventeen cats.,/ʃiː hæz ˌsɛvənˈtiːn kæts/,shi jav seventin cats.,Ella tiene diecisiete gatos.
She doesn't have seventeen cats.,/ʃiː ˈdʌznt hæv ˌsɛvənˈtiːn kæts/,shi daznt jav seventin cats.,Ella no tiene diecisiete gatos.
Does she have seventeen cats?,/dʌz ʃiː hæv ˌsɛvənˈtiːn kæts/,daz shi jav seventin cats?,¿Ella tiene diecisiete gatos?
Who has seventeen cats?,/huː hæz ˌsɛvənˈtiːn kæts/,ju jav seventin cats?,¿Quién tiene diecisiete gatos?
She had seventeen cats.,/ʃiː hæd ˌsɛvənˈtiːn kæts/,shi jad seventin cats.,Ella tenía diecisiete gatos.
He is eighteen today.,/hiː ɪz ˌeɪˈtiːn təˈdeɪ/,ji iz eitin tudei.,Él tiene dieciocho años hoy.
I see nineteen trees.,/aɪ siː ˌnaɪnˈtiːn triːz/,ai si naintin tris.,Veo diecinueve árboles.
It is twenty degrees.,/ɪt ɪz ˈtwɛnti dɪˈgriːz/,it iz tuenti digris.,Hace veinte grados.
I live at twenty-one.,/aɪ lɪv æt ˈtwɛnti wʌn/,ai liv at tuenti uan.,Vivo en el veintiuno.
There are thirty days.,/ðeər ɑːr ˈθɜːrti deɪz/,der ar zirti deis.,Hay treinta días.
She is forty years old.,/ʃiː ɪz ˈfɔːrti jɪərz əʊld/,shi iz forti yiers old.,Ella tiene cuarenta años.
It costs fifty dollars.,/ɪt kɒsts ˈfɪfti ˈdɒlərz/,it casts fifti dolars.,Cuesta cincuenta dólares.
He has sixty students.,/hiː hæz ˈsɪksti ˈstjuːdənts/,ji jav sikti students.,Él tiene sesenta estudiantes.
He doesn't have sixty students.,/hiː ˈdʌznt hæv ˈsɪksti ˈstjuːdənts/,ji daznt jav sikti students.,Él no tiene sesenta estudiantes.
Does he have sixty students?,/dʌz hiː hæv ˈsɪksti ˈstjuːdənts/,daz ji jav sikti students?,¿Él tiene sesenta estudiantes?
Why does he have sixty students?,/waɪ dʌz hiː hæv ˈsɪksti ˈstjuːdənts/,wai daz ji jav sikti students?,¿Por qué él tiene sesenta estudiantes?
He had sixty students.,/hiː hæd ˈsɪksti ˈstjuːdənts/,ji jad sikti students.,Él tenía sesenta estudiantes.
My dad is seventy.,/maɪ dæd ɪz ˈsɛvənti/,mai dad is seventi.,Mi papá tiene setenta años.
The speed is eighty.,/ðə spiːd ɪz ˈeɪti/,de espid is eiti.,La velocidad es ochenta.
It is ninety degrees.,/ɪt ɪz ˈnaɪnti dɪˈgriːz/,it iz nainti digris.,Hace noventa grados.
I have one hundred yen.,/aɪ hæv wʌn ˈhʌndrəd jɛn/,ai jav uan jandren yen.,Tengo cien yenes.
There are two hundred pages.,/ðeər ɑːr tuː ˈhʌndrəd peɪdʒɪz/,der ar tu jandren peidjis.,Hay doscientas páginas.
I have three hundred books.,/aɪ hæv θriː ˈhʌndrəd bʊks/,ai jav jri jandred buks.,Tengo trescientos libros.
She has four hundred stickers.,/ʃiː hæz fɔːr ˈhʌndrəd ˈstɪkərz/,shi jas for jandred stikers.,Ella tiene cuatrocientas pegatinas.
It costs five hundred yen.,/ɪt kɒsts faɪv ˈhʌndrəd jɛn/,it kosts faiv jandred yen.,Cuesta quinientos yenes.
We see six hundred birds.,/wiː siː sɪks ˈhʌndrəd bɜːrds/,wi si siks jandred berds.,Vemos seiscientos pájaros.
He runs seven hundred meters.,/hiː rʌnz ˈsɛvən ˈhʌndrəd ˈmiːtərz/,ji rans seven jandred miters.,Él corre setecientos metros.
You need eight hundred grams.,/juː niːd eɪt ˈhʌndrəd ɡræmz/,yu nid eit jandred grams.,Necesitas ochocientos gramos.
They eat nine hundred apples.,/ðeɪ iːt naɪn ˈhʌndrəd ˈæpəlz/,dei it nain jandred apels.,Ellos comen novecientas manzanas.
One thousand people are here.,/wʌn ˈθaʊzənd ˈpiːpəl ɑːr hɪər/,uan jausand pipol ar jir.,Mil personas están aquí.
It is two thousand miles.,/ɪt ɪz tuː ˈθaʊzənd maɪlz/,it is tu jausand mailz.,Son dos mil millas.
I save three thousand dollars.,/aɪ seɪv θriː ˈθaʊzənd ˈdɑːlərz/,ai seiv jri jausand dalers.,Ahorro tres mil dólares.
He has ten thousand cards.,/hiː hæz tɛn ˈθaʊzənd kɑːrdz/,ji jas ten jausand kards.,Él tiene diez mil tarjetas.
One hundred thousand cars drive.,/wʌn ˈhʌndrəd ˈθaʊzənd kɑːrz draɪv/,uan jandred jausand cars draiv.,Cien mil coches conducen.
One million stars shine bright.,/wʌn ˈmɪljən stɑːrz ʃaɪn braɪt/,uan milion stars shain brait.,Un millón de estrellas brillan.
One billion people live here.,/wʌn ˈbɪljən ˈpiːpəl lɪv hɪər/,uan bilion pipol liv jir.,Mil millones de personas viven aquí.
I am the first student.,/aɪ æm ðə fɜːrst ˈstuːdənt/,ai am de ferest studenti.,Soy el primer estudiante.
You are the second person.,/juː ɑːr ðə ˈsɛkənd ˈpɜːrsən/,yu ar de second person.,Eres la segunda persona.
He is the third boy.,/hiː ɪz ðə θɜːrd bɔɪ/,ji is de serd boi.,Él es el tercer niño.
It is the fourth room.,/ɪt ɪz ðə fɔːrθ ruːm/,it is de forz rum.,Es la cuarta habitación.
She is the fifth girl.,/ʃiː ɪz ðə fɪfθ ɡɜːrl/,shi is de fifz gerl.,Ella es la quinta chica.
We take the sixth bus.,/wiː teɪk ðə sɪksθ bʌs/,wi teik de siksbas.,Tomamos el sexto autobús.
This is the seventh day.,/ðɪs ɪz ðə ˈsɛvənθ deɪ/,dis is de seventz dei.,Este es el séptimo día.
He wins the eighth game.,/hiː wɪnz ðə eɪtθ ɡeɪm/,ji wins de eitz geim.,Él gana el octavo juego.
It is on the ninth floor.,/ɪt ɪz ɒn ðə naɪnθ flɔːr/,it is on de nainz flor.,Está en el noveno piso.
Today is the tenth month.,/təˈdeɪ ɪz ðə tɛnθ mʌnθ/,tudei is de tenss monz.,Hoy es el décimo mes.
A fraction of the pie.,/ə ˈfrækʃən ʌv ðə paɪ/,a fraction of de pai.,Una fracción del pastel.
I eat one half of the apple.,/aɪ iːt wʌn hɑːf ɒv ðə ˈæpəl/,ai it juan jaf ov de apol,Como la mitad de la manzana.
She wants one third of the cake.,/ʃiː wɒnts wʌn θɜːd ɒv ðə keɪk/,shi uants juan zerd ov de keik,Ella quiere un tercio del pastel.
It is one quarter past four.,/ɪt ɪz wʌn ˈkwɔːtə pɑːst fɔː/,it is juen kuorter past for,Son las cuatro y cuarto.
He gives me one eighth of the pizza.,/hiː ɡɪvz miː wʌn eɪtθ ɒv ðə ˈpiːtsə/,ji givs mi juon eit ov de pitsa,Él me da una octava parte de la pizza.
I study for one tenth of the day.,/aɪ ˈstʌdi fɔː wʌn tɛnθ ɒv ðə deɪ/,ai studi for juon tent ov de dei,Estudio una décima parte del día.
We drink two thirds of the water.,/wiː drɪŋk tuː θɜːdz ɒv ðə ˈwɔːtə/,ui drink tu zerds ov de uoter,Bebemos dos tercios del agua.
It is three quarters to five.,/ɪt ɪz θriː ˈkwɔːtəz tuː faɪv/,it is zri kuoters tu faiv,Son las cinco menos cuarto.
We learn subtraction in school.,/wiː lɜːn səbˈtrækʃən ɪn skuːl/,ui lern sabtrakshon in skul,Aprendemos la resta en la escuela.
You subtract two from five.,/juː səbˈtrækt tuː frɒm faɪv/,yu sabtrakt tu from faiv,Restas dos de cinco.
I like division and addition.,/aɪ laɪk dɪˈvɪʒən ænd əˈdɪʃən/,ai laik divishon and adishon,Me gusta la división y la suma.
She divides the cake into pieces.,/ʃiː dɪˈvaɪdz ðə keɪk ˈɪntuː ˈpiːsɪz/,shi divides de keik intu pisiz,Ella divide el pastel en trozos.
Addition is easy for me.,/əˈdɪʃən ɪz ˈiːzi fɔː miː/,adishon is isi for mi,La suma es fácil para mí.
He adds up the numbers.,/hiː ædz ʌp ðə ˈnʌmbəz/,ji ads ap de namber,Él suma los números.
Please add one and two.,/pliːz æd wʌn ænd tuː/,pliz ad juan and tu,"Por favor, suma uno y dos."
Multiplication is very hard.,/ˌmʌltɪplɪˈkeɪʃən ɪz ˈvɛri hɑːd/,multiplicayshon is very jard,La multiplicación es muy difícil.
You multiply three by three.,/juː ˈmʌltɪplaɪ θriː baɪ θriː/,yu multiply zri bai zri,Multiplicas tres por tres.
Five is a single digit.,/faɪv ɪz ə ˈsɪŋɡəl ˈdɪdʒɪt/,faiv is a singol didjit,Cinco es un solo dígito.
I see the number ten.,/aɪ siː ðə ˈnʌmbə tɛn/,ai si de namber ten,Veo el número diez.
This is a Roman numeral.,/ðɪs ɪz ə ˈrəʊmən ˈnjuːmərəl/,dis is a rouman numerol,Este es un número romano.
Write a minus sign here.,/raɪt ə ˈmaɪnəs saɪn hɪə/,rait a mainos sain jia,Escribe un signo menos aquí.
The plus sign is small.,/ðə plʌs saɪn ɪz smɔːl/,de plus sain is smol,El signo más es pequeño.
We use a formula for math.,/wiː juːz ə ˈfɔːmjʊlə fɔː mæθ/,ui yus a formiula for mas,Usamos una fórmula para matemáticas.
The calculation is correct.,/ðə ˌkælkjʊˈleɪʃən ɪz kəˈrɛkt/,de calkiuleishon is corect,El cálculo es correcto.
I count the books.,/aɪ kaʊnt ðə bʊks/,ai kaunt de buks,Cuento los libros.
You count up to ten.,/juː kaʊnt ʌp tuː tɛn/,yu kaunt ap tu ten,Cuentas hasta diez.
I compare the books.,/aɪ kəmˈpeə ðə bʊks/,ai compare de buks,Comparo los libros.
How much is it?,/haʊ mʌtʃ ɪz ɪt/,jau mutch is it,¿Cuánto cuesta?
How many do you have?,/haʊ ˈmɛni duː juː hæv/,jau meni du yu jav,¿Cuántos tienes?
The sum is ten.,/ðə sʌm ɪz tɛn/,de sum is ten,La suma es diez.
The result is good.,/ðə rɪˈzʌlt ɪz gʊd/,de result is gud,El resultado es bueno.
I eat the remainder.,/aɪ iːt ðə rɪˈmeɪndə/,ai iit de remainder,Me como el resto.
I have a few pens.,/aɪ hæv ə fjuː pɛnz/,ai jav a fiu pens,Tengo unos bolígrafos.
I eat little bread.,/aɪ iːt ˈlɪtəl brɛd/,ai iit litol bred,Como poco pan.
The rest is here.,/ðə rɛst ɪz hɪə/,de rest is jier,El resto está aquí.
The rest is not here.,/ðə rɛst ɪz nɒt hɪə/,de rest is not jia.,El resto no está aquí.
Is the rest here?,/ɪz ðə rɛst hɪə/,is de rest jia?,¿Está el resto aquí?
Where is the rest?,/weə ɪz ðə rest/,uer is der rest?,¿Dónde está el resto?
The rest was here.,/ðə rɛst wɒz hɪə/,de rest woz jia.,El resto estaba aquí.
It is one and a half.,/ɪt ɪz wʌn ænd ə hɑːf/,it is wan and a jaf,Es uno y medio.
I want a dozen eggs.,/aɪ wɒnt ə ˈdʌzn ɛgz/,ai uant a dazn eggs,Quiero una docena de huevos.
Cut it in half.,/kʌt ɪt ɪn hɑːf/,kat it in jaf,Córtalo por la mitad.
We share it equally.,/wiː ʃeə ɪt ˈiːkwəli/,ui shear it ikwali,Lo compartimos por igual.
I eat half the apple.,/aɪ iːt hɑːf ðə ˈæpl/,ai iit jaf de apol,Como la mitad de la manzana.
I go there three times.,/aɪ gəʊ ðeə θriː taɪmz/,ai gou der taim taims,Voy ahí tres veces.
I advise you.,/aɪ ədˈvaɪz juː/,ai advais yu,Te aconsejo.
I agree with you.,/aɪ əˈgriː wɪð juː/,ai agri wid yu,Estoy de acuerdo contigo.
Please answer the question.,/pliːz ˈɑːnsə ðə ˈkwɛstʃən/,pliz answer de kweschon,"Responde la pregunta, por favor."
I apologize to you.,/aɪ əˈpɒlədʒaɪz tuː juː/,ai apolodchai tu yu,Te pido disculpas.
We arrive at noon.,/wiː əˈraɪv æt nuːn/,ui arrive at nun,Llegamos al mediodía.
I ask myself a question.,/aɪ ɑːsk maɪˈsɛlf ə ˈkwɛstʃən/,ai ask maiself a kweschon,Me hago una pregunta.
I ask him to help.,/aɪ ɑːsk hɪm tuː hɛlp/,ai ask jim tu jelp,Le pido que ayude.
I am happy.,/aɪ æm ˈhæpi/,ai am japi,Estoy feliz.
I am afraid of dogs.,/aɪ æm əˈfreɪd ɒv dɒgz/,ai am afraid of dogs,Tengo miedo de los perros.
I am very hungry.,/aɪ æm ˈvɛri ˈhʌŋgri/,ai am beri jangri,Tengo mucha hambre.
I am not very hungry.,/aɪ æm nɒt ˈvɛri ˈhʌŋgri/,ai am not beri jangri.,No tengo mucha hambre.
Are you very hungry?,/ɑː juː ˈvɛri ˈhʌŋgri/,ar yu beri jangri?,¿Tienes mucha hambre?
How hungry are you?,/haʊ ˈhʌŋgri ɑː juː/,jau jangri ar yu?,¿Qué tanta hambre tienes?
I was very hungry.,/aɪ wɒz ˈvɛri ˈhʌŋgri/,ai woz beri jangri.,Tenía mucha hambre.
I am interested in art.,/aɪ ɛm ˈɪntrəstɪd ɪn ɑːrt/,ai em interested in art.,Estoy interesado en el arte.
Help is needed here.,/hɛlp ɪz ˈniːdɪd hɪr/,jelp is nidid jir.,Se necesita ayuda aquí.
She is surprised by the gift.,/ʃi ɪz sərˈpraɪzd baɪ ðə ɡɪft/,shi is serpraisd bai de gift.,Ella está sorprendida por el regalo.
I am very thirsty today.,/aɪ ɛm ˈvɛri ˈθɜːrsti ˈtədeɪ/,ai em veri zirsti tudei.,Tengo mucha sed hoy.
I am not very thirsty today.,/aɪ æm nɒt ˈvɛri ˈθɜːrsti təˈdeɪ/,ai am not veri zirsti tudei.,No tengo mucha sed hoy.
Are you very thirsty today?,/ɑː juː ˈvɛri ˈθɜːrsti təˈdeɪ/,ar yu veri zirsti tudei?,¿Tienes mucha sed hoy?
Why are you very thirsty today?,/waɪ ə juː ˈveri ˈθɜːsti təˈdeɪ/,uai ar yu veri zirsti tudei?,¿Por qué tienes mucha sed hoy?
I was very thirsty today.,/aɪ wɒz ˈvɛri ˈθɜːrsti təˈdeɪ/,ai woz veri zirsti tudei.,Hoy tuve mucha sed.
We begin the class now.,/wi bɪˈɡɪn ðə klæs naʊ/,ui bigin de klas nau.,Empezamos la clase ahora.
This book belongs to my friend.,/ðɪs bʊk bɪˈlɒŋ tuː maɪ frɛnd/,dis buk bilongs tu mai frend.,Este libro pertenece a mi amigo.
He likes to boast about his car.,/hi laɪks tu ˈboʊst əˈbaʊt hɪz kɑːr/,ji laiks tu bost abaut jiz kar.,A él le gusta presumir de su coche.
Please break the chocolate.,/pliːz breɪk ðə ˈtʃɒkələt/,plis breik de chokolat.,"Por favor, rompe el chocolate."
Please call for help now.,/pliːz kɔːl fɔːr hɛlp naʊ/,plis kol for jelp nau.,"Por favor, llama para pedir ayuda ahora."
I can swim very well.,/aɪ kæn swɪm ˈvɛri wɛl/,ai kan suim veri uel.,Sé nadar muy bien.
Please catch the ball.,/pliːz kætʃ ðə bɔːl/,plis kach de bol.,"Por favor, atrapa la pelota."
I need to change my shirt.,/aɪ niːd tu ʧeɪndʒ maɪ ʃɜːrt/,ai nid tu cheinch mai shert.,Necesito cambiarme de camisa.
She will choose a red dress.,/ʃi wɪl ʧuːz ə rɛd drɛs/,shi uil chuz a red dres.,Ella elegirá un vestido rojo.
Please come down from the tree.,/pliːz kʌm daʊn frəm ðə triː/,plis kam daun from de tri.,"Por favor, baja del árbol."
Please come in and sit down.,/pliːz kʌm ɪn ænd sɪt daʊn/,plis kam in and sit daun.,"Por favor, entra y siéntate."
Let us compare the two prices.,/lɛt ʌs kəmˈpeər ðə tuː ˈpraɪsɪz/,let us kompeer de tu praisiz.,Comparemos los dos precios.
He complains about the food.,/hi kəmˈpleɪnz əˈbaʊt ðə fuːd/,ji kompleins abaut de fud.,Él se queja de la comida.
This problem confuses me.,/ðɪs ˈprɒbləm kənˈfjuːz miː/,dis problam konfiuz mi.,Este problema me confunde.
Please continue your work.,/pliːz kənˈtɪnjuː jɔːr wɜːrk/,plis kontiniu yor werk.,"Por favor, continúa con tu trabajo."
She controls the remote.,/ʃi kənˈtroʊl ðə rɪˈmoʊt/,shi kontrols de rimot.,Ella controla el mando a distancia.
I cook dinner every day.,/aɪ kʊk ˈdɪnər ˈɛvri deɪ/,ai kok diner evri dei.,Yo cocino la cena todos los días.
How much does this cost?,/haʊ mʌtʃ dʌz ðɪs kɒst/,jau mach das dis kost.,¿Cuánto cuesta esto?
Please count the apples.,/pliːz kaʊnt ðə ˈæpəlz/,plis kaunt de apols.,"Por favor, cuenta las manzanas."
I can count on my family.,/aɪ kæn kaʊnt ɒn maɪ ˈfæmɪli/,ai kan kaunt on mai famili.,Puedo contar con mi familia.
We create art at school.,/wi kriˈeɪt ɑːrt ət skuːl/,ui kriit art at skul.,Creamos arte en la escuela.
The baby cries.,/ðə ˈbeɪbi kraɪz/,de beibi krais.,El bebé llora.
Do not lie to me.,/duː nɒt laɪ tuː miː/,du not lai tu mi.,No me mientas.
We decorate the tree.,/wiː ˈdɛkəreɪt ðə triː/,ui dekoreit de tri.,Decoramos el árbol.
He defends the city.,/hiː dɪˈfɛndz ðə ˈsɪti/,ji difends de siti.,Él defiende la ciudad.
I demand water.,/aɪ dɪˈmɑːnd ˈwɔːtə/,ai demand uoter.,Exijo agua.
They dig the hole.,/ðeɪ dɪɡ ðə həʊl/,dei dig de jol.,Ellos cavan el agujero.
We discuss the plan.,/wiː dɪsˈkʌs ðə plæn/,ui discas de plan.,Discutimos el plan.
I do my work.,/aɪ duː maɪ wɜːk/,ai du mai uork.,Hago mi trabajo.
I don't do my work.,/aɪ dəʊnt duː maɪ wɜːk/,ai dont du mai uork.,No hago mi trabajo.
Do you do your work?,/duː juː duː jɔːr wɜːk/,du yu du yor uork?,¿Haces tu trabajo?
When do you do your work?,/wɛn duː juː duː jɔːr wɜːk/,güen du yu du yor uork?,¿Cuándo haces tu trabajo?
I did my work.,/aɪ dɪd maɪ wɜːk/,ai did mai uork.,Hice mi trabajo.
I doubt it.,/aɪ daʊt ɪt/,ai daut it.,Lo dudo.
Drop the ball.,/drɒp ðə bɔːl/,drop de bol.,Suelta la pelota.
Please excuse me.,/pliːz ɪksˈkjuːz miː/,pliz ekskius mi.,"Por favor, discúlpame."
Birds exist.,/bɜːdz ɪɡˈzɪst/,berds exist.,Las aves existen.
I expect rain.,/aɪ ɪksˈpɛkt reɪn/,ai ekspect rein.,Espero lluvia.
Explain the word.,/ɪksˈpleɪn ðə wɜːd/,eksplein de uord.,Explica la palabra.
Leaves fall.,/liːvz fɔːl/,lifs fol.,Las hojas caen.
I find the key.,/aɪ faɪnd ðə kiː/,ai faind de ki.,Encuentro la llave.
We finish work.,/wiː ˈfɪnɪʃ wɜːk/,ui finish uork.,Terminamos el trabajo.
Birds fly high.,/bɜːdz flaɪ haɪ/,berds flai jai.,Las aves vuelan alto.
Follow the dog.,/ˈfɒləʊ ðə dɒɡ/,folou de dog.,Sigue al perro.
I forget the name.,/aɪ fəˈɡɛt ðə neɪm/,ai forguet de neim.,Olvido el nombre.
Forgive him.,/fəˈɡɪv hɪm/,forgiv jim.,Perdónalo.
Give me the pen.,/ɡɪv miː ðə pɛn/,giv mi de pen.,Dame el bolígrafo.
Give a hint.,/ɡɪv ə hɪnt/,giv a jint.,Dame una pista.
I go home.,/aɪ ɡəʊ həʊm/,ai go jom.,Voy a casa.
I don't go home.,/aɪ dəʊnt ɡəʊ həʊm/,ai dont go jom.,No voy a casa.
Do you go home?,/duː juː ɡəʊ həʊm/,du yu go jom?,¿Vas a casa?
Why do you go home?,/waɪ duː juː ɡəʊ həʊm/,guai du yu go jom?,¿Por qué vas a casa?
I went home.,/aɪ wɛnt həʊm/,ai guent jom.,Fui a casa.
We go for a swim.,/wiː ɡəʊ fɔːr ə swɪm/,ui go for a swim.,Vamos a nadar.
We don't go for a swim.,/wiː dəʊnt ɡəʊ fɔːr ə swɪm/,ui dount gou for a swim.,No vamos a nadar.
Do we go for a swim?,/duː wiː ɡəʊ fɔːr ə swɪm/,du ui gou for a swim?,¿Vamos a nadar?
Who goes for a swim?,/huː ɡəʊz fɔːr ə swɪm/,ju gouz for a swim?,¿Quién va a nadar?
We went for a swim.,/wiː went fɔːr ə swɪm/,ui uent for a swim.,Fuimos a nadar.
I go out from the room.,/aɪ ɡəʊ aʊt frɒm ðə ruːm/,ai gou aut from de rum.,Salgo de la habitación.
You guess right.,/juː ɡɛs raɪt/,yu gues rait.,Adivinas bien.
I have a car.,/aɪ hæv ə kɑː/,ai jav a car.,Tengo un coche.
I don't have a car.,/aɪ dəʊnt hæv ə kɑː/,ai dont jav a car.,No tengo un coche.
Do you have a car?,/duː juː hæv ə kɑː/,du iu jav a car?,¿Tienes un coche?
What car do you have?,/wɒt kɑː duː juː hæv/,wot car du iu jav?,¿Qué coche tienes?
I had a car.,/aɪ hæd ə kɑː/,ai jad a car.,Tenía un coche.
We have breakfast.,/wiː hæv ˈbrɛkfəst/,wi jav brekfost.,Desayunamos.
They have dinner.,/ðeɪ hæv ˈdɪnə/,dei jav diner.,Cenan.
She has lunch.,/ʃiː hæz lʌntʃ/,shi jas lanch.,Ella almuerza.
She doesn't have lunch.,/ʃiː ˈdʌznt hæv lʌntʃ/,shi daznt jav lanch.,Ella no almuerza.
Does she have lunch?,/dʌz ʃiː hæv lʌntʃ/,daz shi jav lanch?,¿Ella almuerza?
When does she have lunch?,/wɛn dʌz ʃiː hæv lʌntʃ/,wen daz shi jav lanch?,¿Cuándo almuerza ella?
She had lunch.,/ʃiː hæd lʌntʃ/,shi jad lanch.,Ella almorzó.
I hear a sound.,/aɪ hɪər ə saʊnd/,ai jir a saund.,Oigo un sonido.
I help my mom.,/aɪ hɛlp maɪ mɒm/,ai jelp mai mom.,Ayudo a mi mamá.
I hide the toy.,/aɪ haɪd ðə tɔɪ/,ai jaid de toi.,Escondo el juguete.
I hope for sun.,/aɪ həʊp fɔː sʌn/,ai joup for san.,Espero que haga sol.
I hunt for food.,/aɪ hʌnt fɔː fuːd/,ai jant for fud.,Cazo comida.
I hurry to work.,/aɪ ˈhʌri tuː wɜːk/,ai jari tu werk.,Me apresuro al trabajo.
I inform him.,/aɪ ɪnˈfɔːm hɪm/,ai inform jim.,Le informo.
I insist on it.,/aɪ ɪnˈsɪst ɒn ɪt/,ai insist on it.,Insisto en eso.
Do not insult me.,/duː nɒt ɪnˈsʌlt miː/,du not insult mi.,No me insultes.
I invite my friend.,/aɪ ɪnˈvaɪt maɪ frɛnd/,ai inbait mai frend.,Invito a mi amigo.
I joke a lot.,/aɪ dʒəʊk ə lɒt/,ai yolk a lot.,Bromeo mucho.
I keep the book.,/aɪ kiːp ðə bʊk/,ai kip de buk.,Me quedo con el libro.
I keep silent now.,/aɪ kiːp ˈsaɪlənt naʊ/,ai kip sailent nau.,Me quedo callado ahora.
I kill the bug.,/aɪ kɪl ðə bʌɡ/,ai kil de bag.,Mato el insecto.
I know him well.,/aɪ nəʊ hɪm wɛl/,ai nou jim uel.,Lo conozco bien.
I know the truth.,/aɪ nəʊ ðə truːθ/,ai nou de truz.,Conozco la verdad.
I laugh at it.,/aɪ lɑːf æt ɪt/,ai laf at it.,Me río de eso.
They liberate the city.,/ðeɪ ˈlɪbəreɪt ðə ˈsɪti/,dei libereit de siti.,Liberan la ciudad.
I like this song.,/aɪ laɪk ðɪs sɒŋ/,ai laik dis song.,Me gusta esta canción.
I don't like this song.,/aɪ dəʊnt laɪk ðɪs sɒŋ/,ai dont laik dis song.,No me gusta esta canción.
Do you like this song?,/duː juː laɪk ðɪs sɒŋ/,du iu laik dis song?,¿Te gusta esta canción?
How much do you like this song?,/haʊ mʌtʃ duː juː laɪk ðɪs sɒŋ/,jau mach du iu laik dis song?,¿Cuánto te gusta esta canción?
I liked this song.,/aɪ laɪkt ðɪs sɒŋ/,ai laikt dis song.,Me gustó esta canción.
I look for my cat.,/aɪ lʊk fɔː maɪ kæt/,ai luk for mai kat.,Busco a mi gato.
I love you very much.,/aɪ lʌv juː vɛri mʌtʃ/,ai lav yu beri mach.,Te quiero mucho.
I don't love you very much.,/aɪ dəʊnt lʌv juː vɛri mʌtʃ/,ai dont lav yu beri mach.,No te quiero mucho.
Do you love me very much?,/duː juː lʌv miː vɛri mʌtʃ/,du yu lav mi beri mach?,¿Me quieres mucho?
How much do you love me?,/haʊ mʌtʃ duː juː lʌv miː/,jau mach du yu lav mi?,¿Cuánto me quieres?
I loved you very much.,/aɪ lʌvd juː vɛri mʌtʃ/,ai lavd yu beri mach.,Te quise mucho.
I make a mistake.,/aɪ meɪk ə mɪsteɪk/,ai meik a misteik.,Cometo un error.
He runs the shop.,/hiː rʌnz ðə ʃɒp/,ji rans de shop.,Él gestiona la tienda.
It means good luck.,/ɪt miːnz gʊd lʌk/,it mins gud lak.,Significa buena suerte.
I mention the book.,/aɪ mɛnʃən ðə bʊk/,ai menshion de buk.,Menciono el libro.
I miss the bus.,/aɪ mɪs ðə bʌs/,ai mis de bas.,Pierdo el autobús.
I notice the dog.,/aɪ nəʊtɪs ðə dɒg/,ai notis de dog.,Noto al perro.
I object to it.,/aɪ əbˈdʒɛkt tuː ɪt/,ai obyect tu it.,Me opongo a eso.
We observe the birds.,/wiː əbˈzɜːv ðə bɜːdz/,ui obzerv de bords.,Observamos a los pájaros.
Please open the door.,/pliːz ˈəʊpən ðə dɔː/,pliz oupen de dor.,"Por favor, abre la puerta."
I order some tea.,/aɪ ˈɔːdə sʌm tiː/,ai oder som ti.,Pido algo de té.
He orders the men.,/hiː ˈɔːdəz ðə mɛn/,ji oderz de men.,Él ordena a los hombres.
I own a car.,/aɪ əʊn ə kɑː/,ai oun a car.,Poseo un coche.
I participate in the game.,/aɪ pɑːˈtɪsɪpeɪt ɪn ðə geɪm/,ai partisipeit in de geim.,Participo en el juego.
I pay for the food.,/aɪ peɪ fɔː ðə fuːd/,ai pei for de fud.,Pago la comida.
It permits no cars.,/ɪt pəˈmɪts nəʊ kɑːz/,it permit nou cars.,No permite coches.
We plan a trip.,/wiː plæn ə trɪp/,ui plan a trip.,Planificamos un viaje.
The kids play in the park.,/ðə kɪdz pleɪ ɪn ðə pɑːk/,de kids plei in de park.,Los niños juegan en el parque.
I pray every day.,/aɪ preɪ ˈɛvri deɪ/,ai prei evrei dei.,Rezo todos los días.
I prefer coffee.,/aɪ prɪˈfɜː kɒfi/,ai prefer cofi.,Prefiero café.
I promise to help.,/aɪ ˈprɒmɪs tuː hɛlp/,ai promis tu jelp.,Prometo ayudar.
Please pronounce the word.,/pliːz prəˈnaʊns ðə wɜːd/,liz pronauns de uord.,"Por favor, pronuncia la palabra."
I propose a new plan.,/aɪ prəˈpəʊz ə njuː plæn/,ai propous a niu plan.,Propongo un nuevo plan.
They punish the dog.,/ðeɪ pʌnɪʃ ðə dɒg/,dei panish de dog.,Ellos castigan al perro.
I read a book at home.,/aɪ riːd ə bʊk æt həʊm/,ai rid a buk at jom.,Leo un libro en casa.
I recommend this good food.,/aɪ rɛkəˈmɛnd ðɪs gʊd fuːd/,ai rekomend dis gud fud.,Recomiendo esta buena comida.
I refuse the red car.,/aɪ rɪˈfjuːz ðə rɛd kɑː/,ai rifius de red kar.,Rechazo el coche rojo.
I regret my bad mistake.,/aɪ rɪˈɡrɛt maɪ bæd mɪˈsteɪk/,ai rigret mai bad misteik.,Lamento mi mal error.
I rent a small house.,/aɪ rɛnt ə smɔːl haʊs/,ai rent a smol jaus.,Alquilo una casa pequeña.
Please repeat the word.,/pliːz rɪˈpiːt ðə wɜːd/,pliz ripit de werd.,Por favor repite la palabra.
I book a hotel room.,/aɪ bʊk ə həʊˈtɛl ruːm/,ai buk a jotel rum.,Reservo una habitación de hotel.
The dog runs in the park.,/ðə dɒg rʌnz ɪn ðə pɑːk/,de dag rans in de park.,El perro corre en el parque.
He saves the little cat.,/hiː seɪvz ðə ˈlɪtl kæt/,ji seivs de litl kat.,Él salva al gatito.
I say hello to my friend.,/aɪ seɪ həˈləʊ tuː maɪ frɛnd/,ai sei jelo tu mai frend.,Digo hola a mi amigo.
She scolds the bad boy.,/ʃiː skəʊldz ðə bæd bɔɪ/,shi skolds de bad boi.,Ella regaña al mal chico.
I see the big sun.,/aɪ siː ðə bɪg sʌn/,ai si de big san.,Veo el gran sol.
I don't see the big sun.,/aɪ dəʊnt siː ðə bɪg sʌn/,ai dont si de big san.,No veo el gran sol.
Do you see the big sun?,/duː juː siː ðə bɪg sʌn/,du iu si de big san?,¿Ves el gran sol?
Why do you see the big sun?,/waɪ du juː siː ðə bɪg sʌn/,uai du yu si der big san?,¿Por qué ves el gran sol?
I saw the big sun.,/aɪ sɔː ðə bɪg sʌn/,ai so de big san.,Vi el gran sol.
They sell fresh fruit.,/ðeɪ sɛl frɛʃ fruːt/,dei sel fresh frut.,Ellos venden fruta fresca.
I send a letter today.,/aɪ sɛnd ə ˈlɛtə təˈdeɪ/,ai send a leter tudei.,Envío una carta hoy.
The man shoots at the sky.,/ðə mæn ʃuːts æt ðə skaɪ/,de man shuts at de skai.,El hombre dispara al cielo.
Do not shout at me.,/duː nɒt ʃaʊt æt miː/,du not shaut at mi.,No me grites.
Show me your new phone.,/ʃəʊ miː jɔː njuː fəʊn/,sho mi yur niu fon.,Enséñame tu nuevo teléfono.
Please sign the paper here.,/pliːz saɪn ðə ˈpeɪpə hɪə/,pliz sain de peiper jia.,Por favor firma el papel aquí.
I sit down on the chair.,/aɪ sɪt daʊn ɒn ðə ʧɛə/,ai sit daun on de cher.,Me siento en la silla.
She smiles at her dad.,/ʃiː smaɪlz æt hɜː dæd/,shi smails at jer dad.,Ella sonríe a su papá.
I speak English with you.,/aɪ spiːk ˈɪŋglɪʃ wɪð juː/,ai spik inglish wid yu.,Hablo inglés contigo.
He steals the money.,/hiː stiːlz ðə ˈmʌni/,ji stils de mani.,Él roba el dinero.
Please stop the music now.,/pliːz stɒp ðə ˈmjuːzɪk naʊ/,pliz stop de miusic nau.,Por favor para la música ahora.
The bus stops here.,/ðə bʌs stɒps hɪə/,de bas stops jia.,El autobús para aquí.
I study math at school.,/aɪ ˈstʌdi mæθ æt skuːl/,ai estudi maz at skul.,Estudio matemáticas en la escuela.
I like to swim in the pool.,/aɪ laɪk tuː swɪm ɪn ðə puːl/,ai laik tu suim in de pul.,Me gusta nadar en la piscina.
I don't like to swim in the pool.,/aɪ dəʊnt laɪk tuː swɪm ɪn ðə puːl/,ai dont laik tu suim in de pul.,No me gusta nadar en la piscina.
Do you like to swim in the pool?,/duː juː laɪk tuː swɪm ɪn ðə puːl/,du yu laik tu suim in de pul?,¿Te gusta nadar en la piscina?
Which pool do you like to swim in?,/wɪtʃ puːl duː juː laɪk tuː swɪm ɪn/,guich pul du yu laik tu suim in?,¿En qué piscina te gusta nadar?
I liked to swim in the pool.,/aɪ laɪkt tuː swɪm ɪn ðə puːl/,ai laikt tu suim in de pul.,Me gustaba nadar en la piscina.
Please take this book.,/pliːz teɪk ðɪs bʊk/,pliz teik dis buk.,Por favor toma este libro.
I think about you.,/aɪ θɪŋk əbaʊt juː/,ai zink abaut yu.,Pienso en ti.
He will not hurt you.,/hiː wɪl nɒt hɜːt juː/,ji wil not jurt yu.,Él no te hará daño.
Do not touch the dog.,/duː nɒt tʌtʃ ðə dɒɡ/,du not tach de dog.,No toques al perro.
She can read it.,/ʃiː kæn riːd ɪt/,shi kan rid it.,Ella puede leerlo.
I trust my best friend.,/aɪ trʌst maɪ bɛst frɛnd/,ai trust mai best frend.,Confío en mi mejor amigo.
Try to eat the food.,/traɪ tuː iːt ðə fuːd/,trai tu it de fud.,Intenta comer la comida.
Turn to the left.,/tɜːn tuː ðə lɛft/,tern tu de left.,Gira a la izquierda.
He is a strong boy.,/hiː ɪz ə strɒŋ bɔɪ/,ji iz a stron boi.,Él es un niño fuerte.
I understand the lesson.,/aɪ ʌndəˈstænd ðə ˈlɛsən/,ai anderstand de lesn.,Entiendo la lección.
We play together.,/wiː pleɪ təˈɡeðə/,ui plei tugether.,Jugamos juntos.
Please wait for me.,/pliːz weɪt fɔː miː/,pliz weit for mi.,Por favor espérame.
I want a red apple.,/aɪ wɒnt ə rɛd ˈæpəl/,ai wont a red apol.,Quiero una manzana roja.
Be careful with that.,/biː ˈkɛəfəl wɪð ðæt/,bi cariul wid dat.,Ten cuidado con eso.
She works at a shop.,/ʃiː wɜːks æt ə ʃɒp/,shi works at a shop.,Ella trabaja en una tienda.
I write with a pen.,/aɪ raɪt wɪð ə pɛn/,ai rait wid a pen.,Escribo con un boli.
Write down your name.,/raɪt daʊn jɔː neɪm/,rait daun yor neim.,Escribe tu nombre.
The color is blue.,/ðə ˈkʌlə ɪz bluː/,de colar is blu.,El color es azul.
I like this blue.,/aɪ laɪk ðɪs bluː/,ai laik dis blu.,Me gusta este azul.
I don't like this blue.,/aɪ dəʊnt laɪk ðɪs bluː/,ai dont laik dis blu.,No me gusta este azul.
Do you like this blue?,/duː juː laɪk ðɪs bluː/,du iu laik dis blu?,¿Te gusta este azul?
Why do you like this blue?,/waɪ duː juː laɪk ðɪs bluː/,wai du iu laik dis blu?,¿Por qué te gusta este azul?
I liked this blue.,/aɪ laɪkt ðɪs bluː/,ai laikt dis blu.,Me gustó este azul.
What is the color?,/wɒt ɪz ðə ˈkʌlə/,uot is de colar.,¿Cuál es el color?
Look at the rainbow.,/lʊk æt ðə ˈreɪnbəʊ/,luk at de reinbou.,Mira el arcoíris.
The cat is white.,/ðə kæt ɪz waɪt/,de kat is uait.,El gato es blanco.
My bike is black.,/maɪ baɪk ɪz blæk/,mai baik is blak.,Mi bicicleta es negra.
The sky is gray.,/ðə skaɪ ɪz ɡreɪ/,de skai is grei.,El cielo está gris.
The grass is green.,/ðə ɡrɑːs ɪz ɡriːn/,de gras is green.,La hierba es verde.
The banana is yellow.,/ðə bəˈnɑːnə ɪz ˈjɛloʊ/,de banana is yelou.,El plátano es amarillo.
The apple is red.,/ðə ˈæpəl ɪz rɛd/,de apol is red.,La manzana es roja.
The sky is blue.,/ðə skaɪ ɪz bluː/,de skai is blu.,El cielo es azul.
Her shirt is light blue.,/hɜːr ʃɜːrt ɪz laɪt bluː/,jer shurt is lait blu.,Su camisa es azul claro.
The flower is pink.,/ðə ˈflaʊər ɪz pɪŋk/,de flauer is pink.,La flor es rosa.
The car is orange.,/ðə kɑːr ɪz ˈɔːrɪndʒ/,de car is orinch.,El coche es naranja.
The flower is violet.,/ðə ˈflaʊər ɪz ˈvaɪələt/,de flauer is vaiollet.,La flor es violeta.
The dog is brown.,/ðə dɔːɡ ɪz braʊn/,de dog is braun.,El perro es marrón.
The ring is golden.,/ðə rɪŋ ɪz ˈɡoʊldən/,de ring is goulden.,El anillo es dorado.
The coin is silvery.,/ðə kɔɪn ɪz ˈsɪlvəri/,de coin is silveri.,La moneda es plateada.
The wall is beige.,/ðə wɔːl ɪz beɪʒ/,de uol is beish.,La pared es beige.
The dress is cream.,/ðə drɛs ɪz kriːm/,de dres is crim.,El vestido es crema.
The stone is turquoise.,/ðə stoʊn ɪz ˈtɜːrkwɔɪz/,de ston is turkois.,La piedra es turquesa.
The car is cherry red.,/ðə kɑːr ɪz ˈtʃɛri rɛd/,de car is cheredi red.,El coche es rojo cereza.
The dress is lilac.,/ðə drɛs ɪz ˈlaɪlək/,de dres is laillak.,El vestido es lila.
The flag is crimson.,/ðə flæɡ ɪz ˈkrɪmzən/,de flag is crimzon.,La bandera es carmesí.
The room is light.,/ðə ruːm ɪz laɪt/,de rum is lait.,La habitación es clara.
The room is dark.,/ðə ruːm ɪz dɑːrk/,de rum is dark.,La habitación está oscura.
The sun is bright.,/ðə sʌn ɪz braɪt/,de san is brait.,El sol es brillante.
I use colored pencils.,/aɪ juːz ˈkʌlərd ˈpɛnsəlz/,ai yus colord pensols.,Uso lápices de colores.
I like this color.,/aɪ laɪk ðɪs ˈkʌlər/,ai laik dis color.,Me gusta este color.
I don't like this color.,/aɪ dəʊnt laɪk ðɪs ˈkʌlər/,ai dont laik dis color.,No me gusta este color.
Do you like this color?,/duː juː laɪk ðɪs ˈkʌlər/,du iu laik dis color?,¿Te gusta este color?
Which color do you like?,/wɪtʃ ˈkʌlər duː juː laɪk/,wich color du iu laik?,¿Qué color te gusta?
I liked this color.,/aɪ laɪkt ðɪs ˈkʌlər/,ai laikt dis color.,Me gustó este color.
The photo is black-and-white.,/ðə ˈfoʊtoʊ ɪz blæk ænd waɪt/,de foto is blak and wait.,La foto es en blanco y negro.
The shirt is plain.,/ðə ʃɜːrt ɪz pleɪn/,de shurt is plein.,La camisa es lisa.
The bird is multicolored.,/ðə bɜːrd ɪz ˈmʌltiˌkʌlərd/,de b erd is multicolord.,El pájaro es multicolor.
Who is that man?,/huː ɪz ðæt mæn/,ju is dat man.,¿Quién es ese hombre?
What is this?,/wɒt ɪz ðɪs/,uot is dis.,¿Qué es esto?
Where is the book?,/weə r ɪz ðə bʊk/,uer is de buk.,¿Dónde está el libro?
Where do you go?,/weə r duː juː ɡəʊ/,uer du yu gou.,¿Adónde vas?
Where are you from?,/weə r ɑː juː frɒm/,uer ar yu from.,¿De dónde eres?
When is it?,/wen ɪz ɪt/,uen is it.,¿Cuándo es?
Why do you want it?,/waɪ duː juː wɒnt ɪt/,uai du yu uant it.,¿Para qué lo quieres?
Why are you sad?,/waɪ ɑː juː sæd/,uai ar yu sad.,¿Por qué estás triste?
What is this for?,/wɒt ɪz ðɪs fɔː/,uot is dis for.,¿Para qué es esto?
How do you cook?,/haʊ duː juː kʊk/,jau du yu kuk.,¿Cómo cocinas?
What music do you like?,/wɒt mjuːzɪk duː juː laɪk/,uot miuzik du yu laik.,¿Qué música te gusta?
Which car is yours?,/wɪtʃ kɑː r ɪz jɔːz/,uich kar is yors.,¿Cuál es tu coche?
To whom do I speak?,/tuː huː duː aɪ spiːk/,tu ju du ai spik.,¿Con quién hablo?
About whom do you talk?,/əˈbaʊt huːm duː juː tɔːk/,abaut jum du yu tok.,¿Sobre quién hablas?
About what is this?,/əˈbaʊt wɒt ɪz ðɪs/,abaut uot is dis.,¿De qué trata esto?
With whom do you go?,/wɪð huːm duː juː ɡəʊ/,wid jum du yu gou.,¿Con quién vas?
How many apples do you have?,/haʊ ˈmeni ˈæplz duː juː hæv/,jau meny aplz du yu jav.,¿Cuántas manzanas tienes?
How much water do you drink?,/haʊ mʌtʃ ˈwɔːtə r duː juː drɪŋk/,jau mach uoter du yu drink.,¿Cuánta agua bebes?
Whose pen is this?,/huːz pen ɪz ðɪs/,juz pen is dis.,¿De quién es este boli?
I play with my dog.,/aɪ pleɪ wɪð maɪ dɒɡ/,ai plei wid mai dog.,Juego con mi perro.
I drink coffee without sugar.,/aɪ drɪŋk ˈkɒfi wɪˈðaʊt ˈʃʊɡə/,ai drink kofi widaut shugar.,Tomo café sin azúcar.
I go to the park.,/aɪ ɡəʊ tuː ðə pɑːk/,ai gou tu de park.,Voy al parque.
We talk about the food.,/wiː tɔːk əˈbaʊt ðə fuːd/,ui tok abaut de fud.,Hablamos de la comida.
I eat before work.,/aɪ iːt bɪˈfɔː wɜːk/,ai it bifor uork.,Como antes del trabajo.
The car is in front of the house.,/ðə kɑː r ɪz ɪn frʌnt ɒv ðə haʊs/,de kar is in front ov de jaus.,El coche está delante de la casa.
The cat is under the table.,/ðə kæt ɪz ˈʌndə ðə ˈteɪbəl/,de kat is ander de teibol.,El gato está debajo de la mesa.
The clock is above the door.,/ðə klɒk ɪz əˈbʌv ðə dɔː/,de clok is abov de dor.,El reloj está sobre la puerta.
The cup is on the desk.,/ðə kʌp ɪz ɒn ðə dɛsk/,de cap is on de desk.,La taza está en el escritorio.
I walk from home to school.,/aɪ wɔːk frɒm həʊm tuː skuːl/,ai uok from jom tu skul.,Caminino de casa a la escuela.
This is a cup of tea.,/ðɪs ɪz ə kʌp ɒv tiː/,dis is a cap ov ti.,Esta es una taza de té.
I see you in ten minutes.,/aɪ siː juː ɪn tɛn ˈmɪnɪts/,ai si yu in tin minits.,Te veo en diez minutos.
The bird flies over the tree.,/ðə bɜːd flaɪz ˈəʊvə ðə triː/,de bord flaiz ova de tri.,El pájaro vuela sobre el árbol.
Where is my book?,/weə r ɪz maɪ bʊk/,uer is mai buk?,¿Dónde está mi libro?
Please come here.,/pliːz kʌm hɪə/,pliz kam jia.,Por favor ven aquí.
The park is over there.,/ðə pɑːk ɪz ˈəʊvə ðeə/,de park is ova der.,El parque está allí.
My keys are somewhere here.,/maɪ kiːz ɑː ˈsʌmweə hɪə/,mai kis ar somuer jia.,Mis llaves están por aquí.
I see him nowhere.,/aɪ siː hɪm ˈnəʊweə/,ai si jim nouuer.,No lo veo en ningún lado.
He sits by the door.,/hiː sɪts baɪ ðə dɔː/,ji sits bai de dor.,Él se sienta junto a la puerta.
I sit by the window.,/aɪ sɪt baɪ ðə ˈwɪndəʊ/,ai sit bai de uindou.,Me siento junto a la ventana.
Where do you go?,/weə duː juː gəʊ/,uer du yu gou?,¿Adónde vas?
Come here please.,/kʌm hɪə pliːz/,kam jia pliz.,Ven aquí por favor.
We go there today.,/wiː gəʊ ðeə təˈdeɪ/,ui gou der tudei.,Vamos allí hoy.
We don't go there today.,/wiː doʊnt gəʊ ðeə təˈdeɪ/,ui dount gou der tudei.,No vamos allí hoy.
Do we go there today?,/duː wiː gəʊ ðeə təˈdeɪ/,du ui gou der tudei?,¿Vamos allí hoy?
Why do we go there today?,/waɪ duː wiː gəʊ ðeə təˈdeɪ/,uai du ui gou der tudei?,¿Por qué vamos allí hoy?
We went there today.,/wiː wɛnt ðeə təˈdeɪ/,ui uent der tudei.,Fuimos allí hoy.
It is far from here.,/ɪt ɪz fɑː frɒm hɪə/,it is far from jia.,Está lejos de aquí.
We walk from there.,/wiː wɔːk frɒm ðeə/,ui uok from der.,Caminamos desde allí.
She lives close to me.,/ʃiː lɪvs kləʊs tuː miː/,shi livs clos tu mi.,Ella vive cerca de mí.
The school is far away.,/ðə skuːl ɪz fɑːr əˈweɪ/,de skul is far awei.,La escuela está lejos.
We live near the park.,/wiː lɪv nɪə ðə pɑːk/,ui liv nier de park.,Vivimos cerca del parque.
There is a shop nearby.,/ðeə r ɪz ə ʃɒp ˌnɪəˈbaɪ/,der is a shop nibai.,Hay una tienda cerca.
It is not far from here.,/ɪt ɪz nɒt fɑː frɒm hɪə/,it is not far from jia.,No está lejos de aquí.
Turn left at the corner.,/tɜːn lɛft æt ðə ˈkɔːnə/,tern left at de corner.,Gira a la izquierda en la esquina.
The book is on the left.,/ðə bʊk ɪz ɒn ðə lɛft/,de buk is on de left.,El libro está a la izquierda.
Go to the left.,/ɡəʊ tuː ðə lɛft/,gou tu de left.,Ve a la izquierda.
My right hand hurts.,/maɪ raɪt hænd hɜːts/,mai jrai hand jerts.,Mi mano derecha duele.
The cup is on the right.,/ðə kʌp ɪz ɒn ðə raɪt/,de kap is on de rait.,La taza está a la derecha.
Turn to the right.,/tɜːn tuː ðə raɪt/,tern tu de rait.,Gira a la derecha.
Please stand in front.,/pliːz stænd ɪn frʌnt/,pliz stand in front.,"Por favor, póngase adelante."
The front door is open.,/ðə frʌnt dɔːr ɪz əʊpən/,de front dor is open.,La puerta de adelante está abierta.
Look ahead now.,/lʊk əhɛd naʊ/,luk ajed nau.,Mira hacia adelante ahora.
The cat is behind.,/ðə kæt ɪz bɪhaɪnd/,de kat is jaind.,El gato está detrás.
He comes from behind.,/hiː kʌmz frɒm bɪhaɪnd/,ji kams from jaind.,Él viene desde detrás.
Please move back.,/pliːz muːv bæk/,pliz muv bak.,"Por favor, retroceda."
She sits in the middle.,/ʃiː sɪts ɪn ðə mɪdəl/,shi sits in de midl.,Ella se sienta en el medio.
The car is in the middle.,/ðə kɑːr ɪz ɪn ðə mɪdəl/,de car is in de midl.,El coche está en medio.
He stands at the side.,/hiː stændz æt ðə saɪd/,ji stands at de said.,Él está al lado.
I see cats everywhere.,/aɪ siː kæts ɛvriweə/,ai si kats evri-uer.,Veo gatos en todas partes.
Look around you.,/lʊk əraʊnd juː/,luk araund yu.,Mira a tu alrededor.
The sound comes from inside.,/ðə saʊnd kʌmz frɒm ɪnsaɪd/,de saund kams from insaid.,El sonido viene de adentro.
Let's go somewhere.,/lɛts gəʌ sʌmweə/,lets gou sam-uer.,Vamos a algún lugar.
Go straight home.,/ɡəʊ streɪt həʊm/,gou streit jom.,Ve directamente a casa.
Please come back.,/pliːz kʌm bæk/,pliz kam bak.,"Por favor, regresa."
You can come from anywhere.,/juː kæn kʌm frɒm ɛniweə/,yu kan kam from eni-uer.,Puedes venir de cualquier lugar.
The wind comes from somewhere.,/ðə wɪnd kʌmz frɒm sʌmweə/,de wind kams from sam-uer.,El viento viene de algún lugar.
"Firstly, I eat.",/fɜːrstli aɪ iːt/,"ferstli, ai it.","Primero, como."
"Secondly, I drink.",/sɛkəndli aɪ drɪŋk/,"sekondli, ai drink.","En segundo lugar, bebo."
"Thirdly, I sleep.",/θɜːrdli aɪ sliːp/,"zerdli, ai slip.","En tercer lugar, duermo."
It started to rain suddenly.,/ɪt stɑːrtɪd tuː reɪn ˈsʌdənli/,it started tu rein sodenli,De repente empezó a llover.
"At first, I was sad.",/æt fɜːrst aɪ wʌz sæd/,"at first, ai was sad","Al principio, estaba triste."
I see him for the first time.,/aɪ siː hɪm fər ðə fɜːrst taɪm/,ai si jim for de first time,Lo veo por primera vez.
I knew him long before.,/aɪ njuː hɪm lɒŋ bɪˈfɔːr/,ai niu jim long bifor,Lo conocía mucho antes.
We start anew today.,/wiː stɑːrt əˈnuː təˈdeɪ/,ui start aniu tudei,Empezamos de nuevo hoy.
He is here for good.,/hiː ɪz hɪər fər gʊd/,ji is jir for gud,Él está aquí para siempre.
He isn't here for good.,/hiː ˈɪznt hɪər fər gʊd/,ji isent jir for gud.,Él no está aquí para siempre.
Is he here for good?,/ɪz hiː hɪər fər gʊd/,is ji jir for gud?,¿Él está aquí para siempre?
Who is here for good?,/huː ɪz hɪər fər gʊd/,ju is jir for gud?,¿Quién está aquí para siempre?
He was here for good.,/hiː wɒz hɪər fər gʊd/,ji guoz jir for gud.,Él estuvo aquí para siempre.
I never eat apples.,/aɪ ˈnɛvər iːt ˈæpəlz/,ai never iat apols,Nunca como manzanas.
Please say it again.,/pliːz seɪ ɪt əˈgɛn/,plis seï it again,"Por favor, dilo otra vez."
I am hungry now.,/aɪ æm ˈhʌŋgri naʊ/,ai am jangri nau,Tengo hambre ahora.
I often run here.,/aɪ ˈɔːfən rʌn hɪər/,ai ofon ran jir,A menudo corro por aquí.
We eat lunch then.,/wiː iːt lʌntʃ ðɛn/,ui iÿ lents den,Entonces almorzamos.
Please come urgently.,/pliːz kʌm ˈɜːrdʒəntli/,plis cam urdyentli,Por favor ven urgente.
She usually walks.,/ʃiː ˈjuːʒuəli wɔːks/,shi yuwyuali uoks,Ella suele caminar.
"By the way, I am happy.",/baɪ ðə weɪ aɪ æm ˈhæpi/,"bai de ueï, ai am japi","Por cierto, soy feliz."
It is possible today.,/ɪt ɪz ˈpɒsəbəl təˈdeɪ/,it is posibol tudei,Es posible hoy.
It will probably rain.,/ɪt wɪl ˈprɒbəbli reɪn/,it uil probabli rein,Probablemente va a llover.
Maybe I go now.,/ˈmeɪbi aɪ goʊ naʊ/,meibi ai gou nau,Quizás me vaya ahora.
"Besides this, I have that.",/bɪˈsaɪdz ðɪs aɪ hæv ðæt/,"bisais dis, ai jav dat","Además de esto, tengo eso."
That's why I like it.,/ðæts waɪ aɪ laɪk ɪt/,dats uai ai laik it,Por eso me gusta.
I run in spite of rain.,/aɪ rʌn ɪn spaɪt ɒv reɪn/,ai ran in espait ov rein,Corro a pesar de la lluvia.
"Thanks to you, I am happy.",/θæŋks tuː juː aɪ æm ˈhæpi/,"sanks tu yu, ai am japi","Gracias a ti, soy feliz."
What is this?,/wʌt ɪz ðɪs/,uot is dis,¿Qué es esto?
I know that you are here.,/aɪ noʊ ðæt juː ɑːr hɪər/,ai nou dat yu ar jir,Sé que estás aquí.
I don't know that you are here.,/aɪ doʊnt noʊ ðæt juː ɑːr hɪər/,ai dount nou dat yu ar jir.,No sé que estás aquí.
Do you know that I am here?,/duː juː noʊ ðæt aɪ æm hɪər/,du yu nou dat ai am jir?,¿Sabes que estoy aquí?
How do you know that I am here?,/haʊ duː juː noʊ ðæt aɪ æm hɪər/,jau du yu nou dat ai am jir?,¿Cómo sabes que estoy aquí?
I knew that you were here.,/aɪ njuː ðæt juː wɜːr hɪər/,ai niu dat yu wer jir.,Sabía que estabas aquí.
I want something to eat.,/aɪ wɒnt ˈsʌmθɪŋ tuː iːt/,ai uont somzing tu iat,Quiero algo de comer.
Do you have anything?,/duː juː hæv ˈɛniθɪŋ/,du yu jav anizing,¿Tienes algo?
I see nothing here.,/aɪ siː ˈnʌθɪŋ hɪə/,ai si nazing jier.,No veo nada aquí.
I don't see nothing here.,/aɪ dəʊnt siː ˈnʌθɪŋ hɪə/,ai dont si nazing jir.,No veo nada aquí.
Do you see nothing here?,/duː juː siː ˈnʌθɪŋ hɪə/,du yu si nazing jir?,¿No ves nada aquí?
Why do you see nothing here?,/waɪ du juː siː ˈnʌθɪŋ hɪə/,uai du yu si nazing jir?,¿Por qué no ves nada aquí?
I saw nothing here.,/aɪ sɔː ˈnʌθɪŋ hɪə/,ai so nazing jir.,No vi nada aquí.
Who is there?,/huː ɪz ðeə/,ju is der.,¿Quién está ahí?
Someone is at the door.,/ˈsʌmwʌn ɪz æt ðə dɔː/,samuan is at de dor.,Alguien está en la puerta.
Somebody likes this song.,/ˈsʌmbɒdi laɪks ðɪs sɒŋ/,sambadi laiks dis song.,A alguien le gusta esta canción.
Nobody knows the answer.,/ˈnəʊbɒdi nəʊz ðiː ˈɑːnsə/,noubadi nouls di answer.,Nadie sabe la respuesta.
We go nowhere today.,/wiː gəʊ ˈnəʊweə təˈdeɪ/,ui gou nouwer tudei.,Hoy no vamos a ningún lado.
This is nobody's book.,/ðɪs ɪz ˈnəʊbɒdiz bʊk/,dis is noubadis buk.,Este no es el libro de nadie.
That is somebody's bag.,/ðæt ɪz ˈsʌmbɒdiz bæg/,dat is sambadis bag.,Ese es el bolso de alguien.
I am so happy.,/aɪ æm səʊ ˈhæpi/,ai am sou japi.,Estoy muy feliz.
I like tea also.,/aɪ laɪk tiː ˈɔːlsəʊ/,ai laik ti olso.,También me gusta el té.
She is here too.,/ʃiː ɪz hɪə tuː/,shi is jier tu.,Ella también está aquí.
She isn't here.,/ʃiː ˈɪzənt hɪər/,shi isent jir.,Ella no está aquí.
Is she here too?,/ɪz ʃiː hɪə tuː/,is shi jir tu?,¿Ella también está aquí?
Why is she here?,/waɪ ɪz ʃiː hɪər/,uai is shi jir?,¿Por qué está ella aquí?
She was here too.,/ʃiː wɒz hɪə tuː/,shi woz jier tu.,Ella también estaba aquí.
Why do you run?,/waɪ duː juː rʌn/,uai du yu ran.,¿Por qué corres?
I cry for some reason.,/aɪ kraɪ fɔː sʌm ˈriːzn/,ai krai for sam rison.,Lloro por alguna razón.
I eat because I am hungry.,/aɪ iːt bɪˈkɒz aɪ æm ˈhʌŋɡri/,ai it bikoz ai am jangri.,Como porque tengo hambre.
It is for some purpose.,/ɪt ɪz fɔː sʌm ˈpɜːpəs/,it is for sam porpos.,Es para algún propósito.
I have a pen and a book.,/aɪ hæv ə pen ənd ə bʊk/,ai jav a pen and a buk.,Tengo un bolígrafo y un libro.
Do you want tea or coffee?,/duː juː wɒnt tiː ɔː ˈkɒfi/,du yu uant ti or kofi.,¿Quieres té o café?
It is small but good.,/ɪt ɪz smɔːl bʌt ɡʊd/,it is smol bat gud.,Es pequeño pero bueno.
This gift is for me.,/ðɪs ɡɪft ɪz fɔː miː/,dis gift is for mi.,Este regalo es para mí.
There are too many people.,/ðeə ɑː tuː ˈmeni ˈpiːpl/,der ar tu meni pipol.,Hay demasiada gente.
I see only you.,/aɪ siː ˈəʊnli juː/,ai si onli yu.,Solo te veo a ti.
It is exactly here.,/ɪt ɪz ɪɡˈzæktli hɪə/,it is exaktli jier.,Está justo aquí.
It isn't exactly here.,/ɪt ˈɪzənt ɪɡˈzæktli hɪər/,it isent exaktli jir.,No está exactamente aquí.
Is it exactly here?,/ɪz ɪt ɪɡˈzæktli hɪər/,is it exaktli jir?,¿Está exactamente aquí?
What is exactly here?,/wɒt ɪz ɪɡˈzæktli hɪər/,uot is exaktli jir?,¿Qué está exactamente aquí?
It was exactly here.,/ɪt wɒz ɪɡˈzæktli hɪər/,it woz exaktli jir.,Estaba exactamente aquí.
It is about six.,/ɪt ɪz əˈbaʊt sɪks/,it is abaut siks.,Son unos seis.
It is approximately ten dollars.,/ɪt ɪz əˈprɒksɪmətli tɛn ˈdɒləz/,it is aproksimatli ten dolers.,Son aproximadamente diez dólares.
The time is approximate.,/ðə taɪm ɪz əˈprɒksɪmət/,de taim is aproksimat.,El tiempo es aproximado.
I almost finish my work.,/aɪ ˈɔːlməst ˈfɪnɪʃ maɪ wɜːk/,ai olmost finish mai uerk,Casi termino mi trabajo.
I eat some and the rest is for you.,/aɪ iːt sʌm ænd ðə rɛst ɪz fɔː juː/,i it sam and de rest is for iu,Como un poco y el resto es para ti.
I have two apples. One is red and the other is green.,/aɪ hæv ˈtuː ˈæpəlz wʌn ɪz rɛd ænd ði ˈʌðər ɪz ɡriːn/,ai jav tu apels. uan is red and de ozer is grin,Tengo dos manzanas. Una es roja y la otra es verde.
I want other colors.,/aɪ wɒnt ˈʌðə ˈkʌləz/,aiuant oder kulorz,Quiero otros colores.
Each student has a book.,/iːʧ ˈstjuːdənt hæz ə bʊk/,ich student has a buk,Cada estudiante tiene un libro.
You can choose any book you want.,/juː kæn ˈʧuːz ˈɛni bʊk juː wɒnt/,iu kan chuz eni buk iu uant,Puedes elegir cualquier libro que quieras.
Many people go to the park on Sunday.,/ˈmɛni ˈpiːpl ɡəʊ tu ðə pɑːk ɒn ˈsʌndeɪ/,meni pipol gou tu de park on sandei,Muchas personas van al parque el domingo.
I do not work much on Saturday.,/aɪ duː nɒt wɜːk mʌʧ ɒn ˈsætədeɪ/,ai du not uerk mach on satardei,No trabajo mucho el sábado.
Many people live in this city.,/ˈmɛni ˈpiːpl lɪv ɪn ðɪs ˈsɪti/,meni pipol liv in dis siti,Muchas personas viven en esta ciudad.
All are welcome here.,/ɔːl ɑː ˈwɛlkəm hɪə/,ol ar uelkom jir,Todos son bienvenidos aquí.
I give you a gift in return for your help.,/aɪ ɡɪv juː ə ɡɪft ɪn rɪˈtɜːn fɔː jʊr hɛlp/,ai giv iu a gift in return for iur jelp,Te doy un regalo como recompensa por tu ayuda.
I give you this book in exchange for that one.,/aɪ ɡɪv juː ðɪs bʊk ɪn ɪksˈʧeɪnʤ fɔː ðæt wʌn/,ai giv iu dis buk in exchange for dat uan,Te doy este libro a cambio de ese.
My mother makes cakes by hand.,/maɪ ˈmʌðə meɪks keɪks baɪ hænd/,mai mazer meiks keiks bai jand,Mi madre hace pasteles a mano.
I can hardly hear the music.,/aɪ kæn ˈhɑːdli hɪə ðə ˈmjuːzɪk/,ai kan jardi jir de miuzik,Apenas puedo escuchar la música.
I probably go to the park tomorrow.,/aɪ ˈprɒbəbli ɡəʊ tu ðə pɑːk təˈmɒrəʊ/,ai probabli gou tu de park tomorrow,Probably iré al parque mañana.
I do it on purpose.,/aɪ duː ɪt ɒn ˈpɜːpəs/,ai du it on perpors,Lo hago a propósito.
I meet her by accident.,/aɪ miːt hɜːr baɪ ˈæksɪdənt/,ai mit jer bai aksident,La conocí por accidente.
I am very happy today.,/aɪ æm ˈvɛri ˈhæpi təˈdeɪ/,ai am veri japi tudei,Hoy estoy muy feliz.
I am not very happy today.,/aɪ æm nɒt ˈvɛri ˈhæpi təˈdeɪ/,ai am not veri japi tudei.,Hoy no estoy muy feliz.
Are you very happy today?,/ɑː juː ˈvɛri ˈhæpi təˈdeɪ/,ar yu veri japi tudei?,¿Estás muy feliz hoy?
Who is very happy today?,/huː ɪz ˈvɛri ˈhæpi təˈdeɪ/,ju is veri japi tudei?,¿Quién está muy feliz hoy?
I was very happy today.,/aɪ wɒz ˈvɛri ˈhæpi təˈdeɪ/,ai guoz veri japi tudei.,Hoy estuve muy feliz.
"For example, I like apples.",/fɔːr ɪɡˈzæmpl aɪ laɪk ˈæpəlz/,for example ai laik apels,"Por ejemplo, me gustan las manzanas."
I sit between two friends.,/aɪ sɪt bɪˈtwiːn tuː ˈfrɛndz/,ai sit bituin tu frends,Me siento entre dos amigos.
I eat among three friends.,/aɪ iːt əˈmʌŋ θriː ˈfrɛndz/,i it among fri frends,Como entre tres amigos.
I have so much fun at the party.,/aɪ hæv səʊ mʌʧ fʌn æt ðə ˈpɑːti/,ai jav so mach fan at de parti,Me divierto mucho en la fiesta.
I especially like pizza.,/aɪ ɪˈspɛʃəli laɪk ˈpiːtsə/,ai especiali laik pitsa,Me gusta especialmente la pizza.
I work on Monday.,/aɪ wɜːk ɒn ˈmʌndeɪ/,ai uerk on mandei,Trabajo el lunes.
I rest on Tuesday.,/aɪ rɛst ɒn ˈtjuːzdeɪ/,ai rest on chiuzdei,Descanso el martes.
Today is Wednesday.,/təˈdeɪ ɪz ˈwɛnzdeɪ/,tudei iz wensdei.,Hoy es miércoles.
It is Thursday today.,/ɪt ɪz ˈθɜːzdeɪ təˈdeɪ/,it is zursdei tudei.,Hoy es jueves.
I like Friday.,/aɪ laɪk ˈfraɪdeɪ/,ai laik fraidei.,Me gusta el viernes.
I don't like Friday.,/aɪ dəʊnt laɪk ˈfraɪdeɪ/,ai dont laik fraidei.,No me gusta el viernes.
Do you like Friday?,/duː juː laɪk ˈfraɪdeɪ/,du yu laik fraidei?,¿Te gusta el viernes?
What do you like about Friday?,/wɒt duː juː laɪk əˈbaʊt ˈfraɪdeɪ/,guot du yu laik abaut fraidei?,¿Qué te gusta del viernes?
I liked Friday.,/aɪ laɪkt ˈfraɪdeɪ/,ai laikt fraidei.,Me gustó el viernes.
Saturday is a fun day.,/ˈsætədeɪ ɪz ə fʌn deɪ/,saturdei is a fan dei.,El sábado es un día divertido.
We rest on Sunday.,/wiː rɛst ɒn ˈsʌndeɪ/,ui rest on sóndei.,Descansamos el domingo.
I am happy today.,/aɪ æm ˈhæpi təˈdeɪ/,ai am japi tudei.,Estoy feliz hoy.
See you tomorrow.,/siː juː təˈmɒrəʊ/,si yu tumorou.,Hasta mañana.
It is the day after tomorrow.,/ɪt ɪz ðə deɪ ˈɑːftə təˈmɒrəʊ/,it is de dei aftar tumorou.,Es pasado mañana.
I saw him yesterday.,/aɪ sɔː hɪm ˈjɛstədeɪ/,ai saw jim iestudei.,Lo vi ayer.
It was the day before yesterday.,/ɪt wɒz ðə deɪ bɪˈfɔː ˈjɛstədeɪ/,it wos de bifor iestudei.,Fue anteayer.
It is a good day.,/ɪt ɪz ə gʊd deɪ/,it is a gud dei.,Es un buen día.
It isn't a good day.,/ɪt ˈɪzənt ə gʊd deɪ/,it isent a gud dei.,No es un buen día.
Is it a good day?,/ɪz ɪt ə gʊd deɪ/,is it a gud dei?,¿Es un buen día?
Why is it a good day?,/waɪ ɪz ɪt ə gʊd deɪ/,uai is it e gud dei?,¿Por qué es un buen día?
It was a good day.,/ɪt wɒz ə gʊd deɪ/,it woz a gud dei.,Fue un buen día.
Monday is a working day.,/ˈmʌndeɪ ɪz ə ˈwɜːkɪŋ deɪ/,móndei is a uerking dei.,El lunes es un día laboral.
It is a public holiday.,/ɪt ɪz ə ˈpʌblɪk ˈhɒlədeɪ/,it is a pablik joleidei.,Es un día festivo.
I have a day off.,/aɪ hæv ə deɪ ɒf/,ai jav a dei of.,Tengo un día libre.
The weekend is here.,/ðə ˈwiːkɛnd ɪz hɪə/,de uikend is jia.,El fin de semana ha llegado.
The weekend isn't here.,/ðə ˈwiːkɛnd ˈɪzənt hɪər/,de uikend isent jir.,El fin de semana no ha llegado.
Is the weekend here?,/ɪz ðə ˈwiːkɛnd hɪər/,is de uikend jir?,¿Ha llegado el fin de semana?
Why is the weekend here?,/waɪ ɪz ðə ˌwiːkˈend hɪə/,uai is der uikend jir?,¿Por qué llegó el fin de semana?
The weekend was here.,/ðə ˈwiːkɛnd wɒz hɪər/,de uikend woz jir.,El fin de semana había llegado.
He runs all day long.,/hiː rʌnz ɔːl deɪ lɒŋ/,ji rans ol dei long.,Él corre todo el día.
We go the next day.,/wiː gəʊ ðə nɛkst deɪ/,ui gou de neist dei.,Nosotros vamos al día siguiente.
I called two days ago.,/aɪ kɔːld tuː deɪz əˈgəʊ/,ai kold tu deis agou.,Llamé hace dos días.
I saw him the day before.,/aɪ sɔː hɪm ðə deɪ bɪˈfɔː/,ai saw jim de dei bifor.,Lo vi el día anterior.
It is my daily walk.,/ɪt ɪz maɪ ˈdeɪli wɔːk/,it is mai deiili uok.,Es mi paseo diario.
I run every day.,/aɪ rʌn ˈɛvri deɪ/,ai ran evri dei.,Corro todos los días.
One week is short.,/wʌn wiːk ɪz ʃɔːt/,uan uik is short.,Una semana es corta.
I was busy last week.,/aɪ wɒz ˈbɪzi lɑːst wiːk/,ai wos bisi last uik.,Estaba ocupado la semana pasada.
We go home next week.,/wiː gəʊ həʊm nɛkst wiːk/,ui gou jom neist uik.,Vamos a casa la próxima semana.
It is a weekly meeting.,/ɪt ɪz ə ˈwiːkli ˈmiːtɪŋ/,it is a uikli miting.,Es una reunión semanal.
I go to the gym every week.,/aɪ ɡoʊ tu ðə ʒɪm ˈɛvri wiːk/,ai gou tu de yim evri uik.,Voy al gimnasio cada semana.
I go to the gym twice a week.,/aɪ ɡoʊ tu ðə ʒɪm twaɪs ə wiːk/,ai gou tu de yim tuais a uik.,Voy al gimnasio dos veces a la semana.
I go to the gym every Tuesday.,/aɪ ɡoʊ tu ðə ʒɪm ˈɛvri ˈtjuːzdeɪ/,ai gou tu de yim evri tiusdei.,Voy al gimnasio todos los martes.
"In the morning, I drink coffee.",/ɪn ðə ˈmɔːrnɪŋ aɪ drɪŋk ˈkɒfi/,"in de mɔrning, ai drink kafi.","Por la mañana, tomo café."
I drink coffee in the morning.,/aɪ drɪŋk ˈkɒfi ɪn ðə ˈmɔːrnɪŋ/,ai drink kafi in de mɔrning.,Tomo café por la mañana.
I eat lunch at noon.,/aɪ iːt lʌntʃ æt nuːn/,ai it lanch at nun.,Como almuerzo al mediodía.
I study in the afternoon.,/aɪ ˈstʌdi ɪn ðə ˌæftərˈnuːn/,ai stadi in de afturnun.,Estudio por la tarde.
"In the evening, I watch TV.",/ɪn ðə ˈiːvnɪŋ aɪ wɒtʃ ˌtiːˈviː/,"in de ivning, ai uotch tiví.","Por la noche, veo televisión."
I watch TV in the evening.,/aɪ wɒtʃ ˌtiːˈviː ɪn ðə ˈiːvnɪŋ/,ai uotch tiví in de ivning.,Veo televisión por la noche.
"At night, I sleep well.",/æt naɪt aɪ sliːp wɛl/,"at nait, ai slip uel.","Por la noche, duermo bien."
I sleep at night.,/aɪ sliːp æt naɪt/,ai slip at nait.,Duermo por la noche.
I sleep at midnight.,/aɪ sliːp æt ˈmɪdnaɪt/,ai slip at midnait.,Duermo a medianoche.
"Wait a second, please.",/weɪt ə ˈsɛkənd pliːz/,"ueit a secand, plis.","Espera un segundo, por favor."
"Wait a minute, please.",/weɪt ə ˈmɪnɪt pliːz/,"ueit a minit, plis.","Espera un minuto, por favor."
I work for one hour.,/aɪ wɜːrk fɔːr wʌn ˈaʊər/,ai uerk for uan auer.,Trabajo durante una hora.
I wait for half an hour.,/aɪ weɪt fɔːr hæf ən ˈaʊər/,ai ueit for jaf an auer.,Espero media hora.
I wait for a quarter of an hour.,/aɪ weɪt fɔːr ə ˈkwɔːrtər əv ən ˈaʊər/,ai ueit for a kuorter ov an auer.,Espero un cuarto de hora.
I wait for fifteen minutes.,/aɪ weɪt fɔːr ˈfɪfˈtiːn ˈmɪnɪts/,ai ueit for fiftín minits.,Espero quince minutos.
The store is open for 24 hours.,/ðə ˈstɔːr ɪz ˈoʊpən fɔːr ˈtwɛnti fɔːr ˈaʊərz/,de stor iz open for tuenti for auers.,La tienda está abierta las veinticuatro horas.
I wake up at sunrise.,/aɪ weɪk ʌp æt ˈsʌnraɪz/,ai ueik ap at sanrais.,Me despierto al amanecer.
I wake up at dawn.,/aɪ weɪk ʌp æt dɔːn/,ai ueik ap at don.,Me despierto al alba.
I wake up in the early morning.,/aɪ weɪk ʌp ɪn ðə ˈɜːrli ˈmɔːrnɪŋ/,ai ueik ap in de erli mɔrning.,Me despierto muy temprano.
I watch the sunset.,/aɪ wɒtʃ ðə ˈsʌnsɛt/,ai uotch de sanset.,Miro la puesta del sol.
I wake up early in the morning.,/aɪ weɪk ʌp ˈɜːrli ɪn ðə ˈmɔːrnɪŋ/,ai ueik ap erli in de mɔrning.,Me despierto muy temprano.
I woke up early this morning.,/aɪ woʊk ʌp ˈɜːrli ðɪs ˈmɔːrnɪŋ/,ai uok ap erli dis mɔrning.,Me desperté muy temprano esta mañana.
I see you tomorrow morning.,/aɪ siː juː təˈmɒrəʊ ˈmɔːnɪŋ/,ai si yu tumorou morning.,Te veo mañana por la mañana.
We play this afternoon.,/wiː pleɪ ðɪs ˌɑːftəˈnuːn/,ui plei dis afternoon.,Jugamos esta tarde.
It is hot in the afternoon.,/ɪt ɪz hɒt ɪn ðə ˌɑːftəˈnuːn/,it is jot in de afternoon.,Hace calor por la tarde.
He works tomorrow afternoon.,/hiː wɜːks təˈmɒrəʊ ˌɑːftəˈnuːn/,ji uorks tummorou afternoon.,Él trabaja mañana por la tarde.
We eat dinner tonight.,/wiː iːt ˈdɪnə təˈnaɪt/,ui it diner tonait.,Cenamos esta noche.
She sleeps tomorrow night.,/ʃiː sliːps təˈmɒrəʊ naɪt/,shi slips tummorou nait.,Ella duerme mañana por la noche.
Meet me at 3 o'clock sharp.,/miːt miː æt θriː əˈklɒk ʃɑːp/,mit mi at tri o'clock charp.,Reúnete conmigo a las tres en punto.
It is about 4 o'clock.,/ɪt ɪz əˈbaʊt fɔːr əˈklɒk/,it is abaut for o'clock.,Son alrededor de las cuatro.
Come here by 12 o'clock.,/kʌm hɪə baɪ twɛlv əˈklɒk/,cam jiar bai tuelf o'clock.,Ven aquí antes de las doce.
We go in 20 minutes.,/wiː gəʊ ɪn ˈtwɛnti ˈmɪnɪts/,ui gou in tuenti minits.,Nosotros vamos en 20 minutos.
Call me in an hour.,/kɔːl miː ɪn æn ˈaʊə/,col mi in an aura.,Llámame en una hora.
He is on time.,/hiː ɪz ɒn taɪm/,ji is on taim.,Él está puntual.
It is a quarter of six.,/ɪt ɪz ə ˈkwɔːtər ɒv sɪks/,it is a cuarter ov six.,Son un cuarto para las seis.
Finish it within an hour.,/ˈfɪnɪʃ ɪt wɪˈðɪn æn ˈaʊə/,finish it uidin an aura.,Termínalo dentro de una hora.
The bus comes every 15 minutes.,/ðə bʌs kʌms ˈɛvri fɪfˈtiːn ˈmɪnɪts/,de bas cams evri fiftin minits.,El autobús viene cada 15 minutos.
The shop is open round the clock.,/ðə ʃɒp ɪz ˈəʊpən raʊnd ðə klɒk/,de shop is open raund de clok.,La tienda está abierta las 24 horas.
It is cold in January.,/ɪt ɪz kəʊld ɪn ˈdʒænjuəri/,it is cold in yanuari.,Hace frío en enero.
My birthday is in February.,/maɪ ˈbɜːθdeɪ ɪz ɪn ˈfɛbruəri/,mai berdei is in februeri.,Mi cumpleaños es en febrero.
Spring starts in March.,/sprɪŋ stɑːts ɪn mɑːtʃ/,espring starts in march.,La primavera comienza en marzo.
I like April.,/aɪ laɪk ˈeɪprəl/,ai laik eipril.,Me gusta abril.
I don't like April.,/aɪ dəʊnt laɪk ˈeɪprəl/,ai dount laik eipril.,No me gusta abril.
Do you like April?,/duː juː laɪk ˈeɪprəl/,du iu laik eipril?,¿Te gusta abril?
Why do you like April?,/waɪ duː juː laɪk ˈeɪprəl/,wai du iu laik eipril?,¿Por qué te gusta abril?
I liked April.,/aɪ laɪkt ˈeɪprəl/,ai laikt eipril.,Me gustaba abril.
May is warm.,/meɪ ɪz wɔːm/,mei is warm.,Mayo es caluroso.
School ends in June.,/skuːl ɛndz ɪn dʒuːn/,scul ends in yun.,La escuela termina en junio.
We swim in July.,/wiː swɪm ɪn dʒuːˈlaɪ/,ui uim in yulai.,Nosotros nadamos en julio.
It is hot in August.,/ɪt ɪz hɒt ɪn ˈɔːgəst/,it is jot in ogost.,Hace calor en agosto.
School starts in September.,/skuːl stɑːts ɪn sɛpˈtɛmbə/,scul starts in september.,La escuela empieza en septiembre.
My birthday is in October.,/maɪ ˈbɜːθdeɪ ɪz ɪn ɒkˈtəʊbə/,mai berddei iz in october,Mi cumpleaños es en octubre.
It is cold in November.,/ɪt ɪz kəʊld ɪn nəʊˈvembə/,it iz cold in november,Hace frío en noviembre.
We eat a lot in December.,/wi iːt ə lɒt ɪn dɪˈsembə/,ui iit a lot in december,Comemos mucho en diciembre.
I like the flowers in spring.,/aɪ laɪk ðə ˈflaʊəz ɪn sprɪŋ/,ai laik de flaouers in spring,Me gustan las flores en primavera.
We play soccer in spring.,/wi pleɪ ˈsɒkə r ɪn sprɪŋ/,ui plei soker in spring,Jugamos al fútbol en primavera.
This is a nice spring day.,/ðɪs ɪz ə naɪs sprɪŋ deɪ/,dis is a nais spring dei,Es un hermoso día de primavera.
I swim in the summer.,/aɪ swɪm ɪn ðə ˈsʌmə/,ai suim in de samer,Nado en el verano.
It is hot in summer.,/ɪt ɪz hɒt ɪn ˈsʌmə/,it is jot in samer,Hace calor en verano.
I love summer nights.,/aɪ lʌv ˈsʌmə naɪts/,ai lav samer naits,Me encantan las noches de verano.
The leaves are red in fall.,/ðə liːvz ɑː red ɪn fɔːl/,de livs ar red in fol,Las hojas están rojas en otoño.
School starts in fall.,/skuːl stɑːts ɪn fɔːl/,skul starts in fol,La escuela empieza en otoño.
He wears a fall coat.,/hi weəz ə fɔːl kəʊt/,ji uers a fol coat,Él usa un abrigo de otoño.
I like snow in winter.,/aɪ laɪk snəʊ ɪn ˈwɪntə/,ai laik snou in winter,Me gusta la nieve en invierno.
It is cold in winter.,/ɪt ɪz kəʊld ɪn ˈwɪntə/,it iz cold in winter,Hace frío en invierno.
Do you like winter sports?,/duː ju laɪk ˈwɪntə spɔːts/,du yu laik winter sports,¿Te gustan los deportes de invierno?
There are four weeks in a month.,/ðeə ɑː fɔː wiːks ɪn ə mʌnθ/,der ar for uiks in a monz,Hay cuatro semanas en un mes.
We are busy this month.,/wi ɑː ˈbɪzi ðɪs mʌnθ/,ui ar bizi dis monz,Estamos ocupados este mes.
I go to Japan next month.,/aɪ gəʊ tuː dʒəˈpæn nekst mʌnθ/,ai gou tu yapan nekst monz,Voy a Japón el mes que viene.
She was here last month.,/ʃi wəz hɪə lɑːst mʌnθ/,shi uas jier last monz,Ella estuvo aquí el mes pasado.
I saw him a month ago.,/aɪ sɔː hɪm ə mʌnθ əˈgəʊ/,ai so jim a monz agou,Lo vi hace un mes.
The work ends in a month.,/ðə wɜːk ends ɪn ə mʌnθ/,de uerk ends in a monz,El trabajo termina en un mes.
She comes in two months.,/ʃi kʌmz ɪn tuː mʌnθs/,shi kams in tu monzs,Ella viene en dos meses.
It rains the whole month.,/ɪt reɪnz ðə həʊl mʌnθ/,it reins de jol monz,Llueve todo el mes.
We study all month long.,/wi ˈstʌdi ɔːl mʌnθ lɒŋ/,ui studi ol monz long,Estudiamos todo el mes.
I read a monthly magazine.,/aɪ riːd ə ˈmʌnθli ˌmægəˈziːn/,ai rid a monzli megazin,Leo una revista mensual.
I pay the rent monthly.,/aɪ peɪ ðə rɛnt mʌnθli/,ai pei de rent monzli.,Pago la alquiler mensualmente.
She goes there every month.,/ʃiː gəʊz ðeər ˈɛvri mʌnθ/,shi gous dere evri monz.,Ella va allí cada mes.
He runs twice a month.,/hiː rʌnz twaɪs ə mʌnθ/,ji rans tuais a monz.,Él corre dos veces al mes.
It is a new year.,/ɪt ɪz ə njuː jɪə/,it is a nu yiar.,Es un año nuevo.
I work hard this year.,/aɪ wɜːk hɑːd ðɪs jɪə/,ai worj jard dis yiar.,Trabajo duro este año.
We meet next year.,/wiː miːt nɛkst jɪə/,ui mit neks yiar.,Nos encontramos el año que viene.
He lived here last year.,/hiː lɪvd hɪə lɑːst jɪə/,ji livd jiar last yiar.,Él vivió aquí el año pasado.
She came a year ago.,/ʃiː keɪm ə jɪər əˈgəʊ/,shi keim a yiar agou.,Ella vino hace un año.
We go home in a year.,/wiː gəʊ həʊm ɪn ə jɪə/,ui gou jom in a yiar.,Vamos a casa en un año.
He is big in two years.,/hiː ɪz bɪg ɪn tuː jɪəz/,ji is big in tu yiarz.,Él es grande en dos años.
It snows the whole year.,/ɪt snəʊz ðə həʊl jɪə/,it snous de jol yiar.,Nieva durante todo el año.
I study all year long.,/aɪ ˈstʌdi ɔːl jɪə lɒŋ/,ai estadi ol yiar long.,Estudio durante todo el año.
They go every year.,/ðeɪ gəʊ ˈɛvri jɪə/,dei gou evri yiar.,Ellos van cada año.
It is an annual party.,/ɪt ɪz æn ˈænjuəl ˈpɑːti/,it is an anual parti.,Es una fiesta anual.
We visit annually.,/wiː ˈvɪzɪt ˈænjuəli/,ui visit anuali.,Visitamos anualmente.
I see him 4 times a year.,/aɪ siː hɪm fɔːr taɪmz ə jɪə/,ai si jim for taims a yiar.,Lo veo cuatro veces al año.
What is the date today?,/wɒt ɪz ðə deɪt təˈdeɪ/,uot is de deit tudei.,¿Cuál es la fecha de hoy?
We have a date.,/wiː hæv ə deɪt/,ui jaf a deit.,Tenemos una cita.
Look at the calendar.,/lʊk æt ðə ˈkæləndə/,luk at de kalendar.,Mira el calendario.
I wait half a year.,/aɪ weɪt hɑːf ə jɪə/,ai ueit jaf a yiar.,Espero medio año.
He is six months old.,/hiː ɪz sɪks mʌnθs əʊld/,ji is sings monzolds old.,Él tiene seis meses.
Summer is a hot season.,/ˈsʌmər ɪz ə hɒt ˈsiːzn/,samer is a jot sison.,El verano es una estación caliente.
A century is long.,/ə ˈsɛnʧəri ɪz lɒŋ/,a sentchuri is long.,Un siglo es largo.
It is time for lunch.,/ɪt ɪz taɪm fɔː lʌntʃ/,it is taim for lanch.,Es hora de almorzar.
Wait for an instant.,/weɪt fɔːr æn ˈɪnstənt/,ueit for an instant.,Espera un instante.
Wait a moment please.,/weɪt ə ˈmoʊmənt pliːz/,ueit a mument plis.,Espera un momento por favor.
It is an instant success.,/ɪt ɪz ən ˈɪnstənt səkˈsɛs/,it iz an instant sukses.,Es un éxito instantáneo.
There is a lapse of time.,/ðɛr ɪz ə læps ɒv taɪm/,der iz a laps ov taim.,Hay un lapso de tiempo.
Life is good.,/laɪf ɪz ɡʊd/,laif iz gud.,La vida es buena.
I love you for eternity.,/aɪ lʌv juː fɔːr ɪˈtɜːrnəti/,ai lov yu for eterniti.,Te amo por la eternidad.
It is a new epoch.,/ɪt ɪz ə nuː ˈiːpɒk/,it iz a nu ipok.,Es una nueva época.
We live in a new era.,/wi lɪv ɪn ə nuː ˈɪrə/,ui liv in a nu ira.,Vivimos en una nueva era.
The cycle is fast.,/ðə ˈsaɪkəl ɪz fæst/,de saikol iz fast.,El ciclo es rápido.
It is a short period.,/ɪt ɪz ə ʃɔːrt ˈpɪriəd/,it iz a short period.,Es un período corto.
It is a short term.,/ɪt ɪz ə ʃɔːrt tɜːrm/,it iz a short term.,Es un corto plazo.
The future is bright.,/ðə ˈfjuːtʃər ɪz braɪt/,de fiucher iz brait.,El futuro es brillante.
It is a future plan.,/ɪt ɪz ə ˈfjuːtʃər plæn/,it iz a fiuchen plan.,Es un plan futuro.
See you next time.,/siː juː nɛkst taɪm/,si yu next taim.,Hasta la próxima.
The past is gone.,/ðə pæst ɪz ɡɒn/,de past iz gon.,El pasado se fue.
It is in the past.,/ɪt ɪz ɪn ðə pæst/,it iz in de past.,Es en el pasado.
I was here last time.,/aɪ wʌz hɪər læst taɪm/,ai guas jier last taim.,Estuve aquí la última vez.
See you later.,/siː juː ˈleɪtər/,si yu leiter.,Hasta luego.
We go after lunch.,/wi ɡoʊ ˈæftər lʌntʃ/,ui gou after lanch.,Vamos después del almuerzo.
Nowadays it is easy.,/ˈnaʊədeɪz ɪt ɪz ˈiːzi/,naudeiz it iz isi.,Hoy en día es fácil.
I am busy now.,/aɪ æm ˈbɪzi naʊ/,ai am bisi nau.,Estoy ocupado ahora.
Come here immediately.,/kʌm hɪər ɪˈmiːdiətli/,kam jier imidiatli.,Ven aquí inmediatamente.
I will be back soon.,/aɪ wɪl bi bæk suːn/,ai wil bi bak sun.,Volveré pronto.
Pay in advance.,/peɪ ɪn ədˈvæns/,pei in advance.,Pague por adelantado.
I saw him a long time ago.,/aɪ sɔː hɪm ə lɔːŋ taɪm əˈɡoʊ/,ai so jim a long taim agou.,Lo vi hace mucho tiempo.
I moved here recently.,/aɪ muːvd hɪər ˈriːsəntli/,ai muvd jier risentli.,Me mudé aquí recientemente.
It is my destiny.,/ɪt ɪz maɪ ˈdɛstɪni/,it is mai destini.,Es mi destino.
I have good memories.,/aɪ hæv ɡʊd ˈmɛməriz/,ai jav gud memoris.,Tengo buenos recuerdos.
I don't have good memories.,/aɪ dəʊnt hæv ɡʊd ˈmɛməriz/,ai dount jav gud memoris.,No tengo buenos recuerdos.
Do you have good memories?,/duː juː hæv ɡʊd ˈmɛməriz/,du iu jav gud memoris?,¿Tienes buenos recuerdos?
What good memories do you have?,/wɒt ɡʊd ˈmɛməriz duː juː hæv/,wot gud memoris du iu jav?,¿Qué buenos recuerdos tienes?
I had good memories.,/aɪ hæd ɡʊd ˈmɛməriz/,ai jad gud memoris.,Tenía buenos recuerdos.
The archives are old.,/ðə ˈɑːrkaɪvz ɑːr oʊld/,de arkáivs ar old.,Los archivos son viejos.
I sleep during the day.,/aɪ sliːp ˈdjʊərɪŋ ðə deɪ/,ai slip durin de dei.,Duermo durante el día.
I wait for a long time.,/aɪ weɪt fɔːr ə lɔːŋ taɪm/,ai weit for a long taim.,Espero mucho tiempo.
It does not take long.,/ɪt dʌz nɑːt teɪk lɔːŋ/,it das not teik long.,No toma mucho tiempo.
It is very early.,/ɪt ɪz ˈvɛːri ˈɜːrli/,it is veri erli.,Es muy temprano.
It isn't very early.,/ɪt ˈɪznt ˈvɛːri ˈɜːrli/,it isnt veri erli.,No es muy temprano.
Is it very early?,/ɪz ɪt ˈvɛːri ˈɜːrli/,is it veri erli?,¿Es muy temprano?
How early is it?,/haʊ ˈɜː.li ɪz ɪt/,jau árli is it?,¿Qué tan temprano es?
It was very early.,/ɪt wɒz ˈvɛːri ˈɜːrli/,it woz veri erli.,Era muy temprano.
I am late.,/aɪ æm leɪt/,ai am leit.,Llego tarde.
I stay here forever.,/aɪ steɪ hɪər fərˈɛvər/,ai stei jier forevér.,Me quedo aquí para siempre.
I start to run.,/aɪ stɑːrt tuː rʌn/,ai start tu ran.,Empiezo a correr.
I postpone the trip.,/aɪ poʊstˈpoʊn ðə trɪp/,ai postpoun de trip.,Pospongo el viaje.
We eat at the same time.,/wi iːt æt ðə seɪm taɪm/,ui it at de seim taim.,Comemos a la misma vez.
I live here permanently.,/aɪ lɪv hɪər ˈpɜːrmənəntli/,ai liv jier parmanéntli.,Vivo aquí permanentemente.
The noise is constant.,/ðə nɔɪz ɪz ˈkɑːnstənt/,de nois is konstant.,El ruido es constante.
It is temporary.,/ɪt ɪz ˈtɛmpəˌrɛri/,it is témporari.,Es temporal.
I sometimes eat cake.,/aɪ ˈsʌmtaɪmz iːt keɪk/,ai samentaims it keik.,A veces como pastel.
I rarely go there.,/aɪ ˈrɛːrli ɡoʊ ðɛːr/,ai rérli gou der.,Rara vez voy allí.
I often play games.,/aɪ ˈɔːfən pleɪ ɡeɪmz/,ai ofen plei géims.,A menudo juego juegos.
He is very rich.,/hiː ɪz ˈvɛːri rɪtʃ/,ji is veri rich.,Él es muy rico.
He isn't very rich.,/hiː ˈɪznt ˈvɛːri rɪtʃ/,ji isnt veri rich.,Él no es muy rico.
Is he very rich?,/ɪz hiː ˈvɛːri rɪtʃ/,is ji veri rich?,¿Él es muy rico?
Why is he so rich?,/waɪ ɪz hiː səʊ rɪtʃ/,wai is hi sou rich?,¿Por qué él es tan rico?
He was very rich.,/hiː wɒz ˈvɛːri rɪtʃ/,ji woz veri rich.,Él era muy rico.
The man is poor.,/ðə mæn ɪz pʊər/,de man is pur.,El hombre es pobre.
I am ill.,/aɪ æm ɪl/,ai am il.,Estoy enfermo.
She is very healthy.,/ʃiː ɪz ˈvɛːri ˈhɛlθi/,shi is veri jelzi.,Ella está muy sana.
She isn't very healthy.,/ʃiː ˈɪznt ˈvɛːri ˈhɛlθi/,shi isnt veri jelzi.,Ella no está muy sana.
Is she very healthy?,/ɪz ʃiː ˈvɛːri ˈhɛlθi/,is shi veri jelzi?,¿Ella está muy sana?
Who is very healthy?,/huː ɪz ˈvɛːri ˈhɛlθi/,ju is veri jelzi?,¿Quién está muy sana?
She was very healthy.,/ʃiː wɒz ˈvɛːri ˈhɛlθi/,shi woz veri jelzi.,Ella estaba muy sana.
It is a big box.,/ɪt ɪz ə bɪɡ bɑːks/,it is a big boks.,Es una caja grande.
It isn't a big box.,/ɪt ˈɪzənt ə bɪɡ bɑːks/,it isent a big boks.,No es una caja grande.
Is it a big box?,/ɪz ɪt ə bɪɡ bɑːks/,is it a big boks?,¿Es una caja grande?
Whose is the big box?,/huːz ɪz ðə bɪɡ bɑːks/,jus is de big boks?,¿De quién es la caja grande?
It was a big box.,/ɪt wɒz ə bɪɡ bɑːks/,it woz a big boks.,Era una caja grande.
The dog is small.,/ðə dɔːɡ ɪz smɔːl/,de dog is smol.,El perro es pequeño.
He runs very quickly.,/hiː rʌnz ˈvɛːri ˈkwɪkli/,ji rans veri kuikli.,Él corre muy rápido.
He doesn't run very quickly.,/hiː ˈdʌznt rʌn ˈvɛːri ˈkwɪkli/,ji dasnt ran veri kuikli.,Él no corre muy rápido.
Does he run very quickly?,/dʌz hiː rʌn ˈvɛːri ˈkwɪkli/,das ji ran veri kuikli?,¿Él corre muy rápido?
When does he run very quickly?,/wɛn dʌz hiː rʌn ˈvɛːri ˈkwɪkli/,wen das ji ran veri kuikli?,¿Cuándo corre él muy rápido?
He ran very quickly.,/hiː ræn ˈvɛːri ˈkwɪkli/,ji ran veri kuikli.,Él corrió muy rápido.
The turtle walks slowly.,/ðə ˈtɜːtl wɔːks ˈsləʊli/,de tortol uosks sloli.,La tortuga camina despacio.
The car is very fast.,/ðə kɑːr ɪz ˈvɛri fæst/,de car is very fast.,El coche es muy rápido.
The car isn't very fast.,/ðə kɑːr ˈɪzənt ˈvɛri fæst/,de car isent very fast.,El coche no es muy rápido.
Is the car very fast?,/ɪz ðə kɑːr ˈvɛri fæst/,is de car very fast?,¿Es el coche muy rápido?
Why is the car very fast?,/waɪ ɪz ðə kɑː ˈveri fɑːst/,uai is der kar veri fast?,¿Por qué el coche es muy rápido?
The car was very fast.,/ðə kɑːr wɒz ˈvɛri fæst/,de car woz very fast.,El coche era muy rápido.
The bus is slow today.,/ðə bʌs ɪz sloʊ təˈdeɪ/,de bas is slou tudei.,El autobús es lento hoy.
She is a cheerful girl.,/ʃiː ɪz ə ˈʧɪrfəl gɜːrl/,shi is a chirful gurl.,Ella es una chica alegre.
He looks very sad.,/hiː lʊks ˈvɛri sæd/,ji loks very sad.,Él se ve muy triste.
He doesn't look very sad.,/hiː ˈdʌznt lʊk ˈvɛːri sæd/,ji dasnt luk veri sad.,Él no se ve muy triste.
Does he look very sad?,/dʌz hiː lʊk ˈvɛːri sæd/,das ji luk veri sad?,¿Él se ve muy triste?
Why does he look very sad?,/waɪ dʌz hi lʊk ˈver.i sæd/,wai das hi luk veri sad?,¿Por qué él se ve muy triste?
He looked very sad.,/hiː lʊkt ˈvɛːri sæd/,ji lukt veri sad.,Él se veía muy triste.
We play together.,/wiː pleɪ təˈɡɛðər/,ui plei togeder.,Jugamos juntos.
They sit separately.,/ðeɪ sɪt ˈsɛprətli/,dei sit separitli.,Ellos se sientan separados.
Please read aloud.,/pliːz riːd əˈlaʊd/,pliz rid alaud.,Por favor lee en voz alta.
He waits silently.,/hiː weɪts ˈsaɪləntli/,ji ueits sailentli.,Él espera en silencio.
The tree is tall.,/ðə triː ɪz tɔːl/,de tri is tol.,El árbol es alto.
The chair is low.,/ðə ʧɛr ɪz loʊ/,de cher is lou.,La silla es baja.
The water is deep.,/ðə ˈwɔːtər ɪz diːp/,de uater is dip.,El agua es profunda.
The pool is shallow.,/ðə puːl ɪz ˈʃæloʊ/,de pul is shalou.,La piscina es poco profunda.
"Yes, I like it.",/jɛs aɪ laɪk ɪt/,"yes, ai laik it.","Sí, me gusta."
"No, I do not.",/noʊ aɪ duː nɒt/,"nou, ai du not.","No, yo no."
The star is distant.,/ðə stɑːr ɪz ˈdɪstənt/,de star is distant.,La estrella está distante.
The shop is nearby.,/ðə ʃɒp ɪz ˌnɪərˈbaɪ/,de shop is nearby.,La tienda está cerca.
She lives far away.,/ʃiː lɪvs fɑːr əˈweɪ/,shi livs far auei.,Ella vive lejos.
Don't go far. Stay nearby.,/doʊnt goʊ fɑːr steɪ ˌnɪərˈbaɪ/,"dont gou far, stei nearby.",No vayas lejos. Quédate cerca.
The road is long.,/ðə roʊd ɪz lɒŋ/,de rold is long.,El camino es largo.
The story is short.,/ðə ˈstɔːri ɪz ʃɔːrt/,de stori is short.,La historia es corta.
He is a good boy.,/hiː ɪz ə gʊd bɔɪ/,ji is a gued boi.,Él es un buen chico.
He isn't a good boy.,/hiː ˈɪznt ə gʊd bɔɪ/,ji isnt a gued boi.,Él no es un buen chico.
Is he a good boy?,/ɪz hiː ə gʊd bɔɪ/,is ji a gued boi?,¿Él es un buen chico?
Which boy is good?,/wɪtʃ bɔɪ ɪz gʊd/,wich boi is gued?,¿Qué chico es bueno?
He was a good boy.,/hiː wɒz ə gʊd bɔɪ/,ji woz a gued boi.,Él era un buen chico.
The wolf is evil.,/ðə wʊlf ɪz ˈiːvəl/,de uolf is ivil.,El lobo es malo.
They are married.,/ðeɪ ɑːr ˈmærid/,dei ar marid.,Ellos están casados.
She is single.,/ʃiː ɪz ˈsɪŋɡəl/,shi is singular.,Ella es soltera.
I forbid you to go.,/aɪ fərˈbɪd juː tuː ɡəʊ/,ai forbid yu tu gou,Te prohíbo que vayas.
She permits the dog.,/ʃiː pərˈmɪts ðə dɒɡ/,shi permits de dog,Ella permite al perro.
This is the end.,/ðɪs ɪz ðə ɛnd/,dis is de end,Este es el final.
It is the beginning.,/ɪt ɪz ðə bɪˈɡɪnɪŋ/,it is de bigining,Es el comienzo.
The left hand is here.,/ðə lɛft hænd ɪz hɪər/,de left hand is jir,La mano izquierda está aquí.
Turn right at the corner.,/tɜːn raɪt æt ðə ˈkɔːrnər/,tern right at de corner,Gira a la derecha en la esquina.
He is the first boy.,/hiː ɪz ðə fɜːrst bɔɪ/,ji is de first boy,Él es el primer niño.
We are the last ones.,/wiː ɑːr ðə læst wʌnz/,ui ar de last wuans,Somos los últimos.
It is a bad crime.,/ɪt ɪz ə bæd kraɪm/,it is a bad crime,Es un mal crimen.
The punishment is hard.,/ðə ˈpʌnɪʃmənt ɪz hɑːrd/,de punishment is jard,El castigo es duro.
I order the food.,/aɪ ˈɔːrdər ðə fuːd/,ai order de fud,Yo pido la comida.
You must obey the law.,/juː mʌst oʊˈbeɪ ðə lɔː/,yu mast obei de la,Debes obedecer la ley.
The line is straight.,/ðə laɪn ɪz streɪt/,de lain is streit,La línea es recta.
The road is curved.,/ðə roʊd ɪz kɜːrvd/,de roed is curvd,El camino es curvo.
This is my paradise.,/ðɪs ɪz maɪ ˈpærədaɪs/,dis is mai paradise,Este es mi paraíso.
It is hot in hell.,/ɪt ɪz hɒt ɪn hɛl/,it is jot in jell,Hace calor en el infierno.
The baby is born.,/ðə ˈbeɪbi ɪz bɔːrn/,de beibi is born,El bebé nace.
Flowers die in winter.,/ˈflaʊərz daɪ ɪn ˈwɪntər/,flauers dai in winter,Las flores mueren en invierno.
He is a strong man.,/hiː ɪz ə strɒŋ mæn/,ji is a strong man,Él es un hombre fuerte.
The old cat is weak.,/ðə oʊld kæt ɪs wiːk/,de old kat is guik,El gato viejo es débil.
My grandfather is old.,/maɪ ˈɡrændˌfɑːðər ɪz oʊld/,mai grandfather is old,Mi abuelo es viejo.
The boy is young.,/ðə bɔɪ ɪz jʌŋ/,de boy is yang,El niño es joven.
This car is very old.,/ðɪs kɑːr ɪz ˈvɛri oʊld/,dis car is veri old,Este coche es muy viejo.
This car isn't very old.,/ðɪs kɑːr ˈɪznt ˈvɛri oʊld/,dis car isent veri old.,Este coche no es muy viejo.
Is this car very old?,/ɪz ðɪs kɑːr ˈvɛri oʊld/,is dis car veri old?,¿Es este coche muy viejo?
How old is this car?,/haʊ əʊld ɪz ðɪs kɑː/,jau ould is dis car?,¿Qué tan viejo es este coche?
This car was very old.,/ðɪs kɑːr wɒz ˈvɛri oʊld/,dis car wos veri old.,Este coche era muy viejo.
She has a new bag.,/ʃiː hæz ə nuː bæɡ/,shi jas a nu bag,Ella tiene un bolso nuevo.
She doesn't have a new bag.,/ʃiː ˈdʌznt hæv ə nuː bæɡ/,shi dasent jav a nu bag.,Ella no tiene un bolso nuevo.
Does she have a new bag?,/dʌz ʃiː hæv ə nuː bæɡ/,das shi jav a nu bag?,¿Ella tiene un bolso nuevo?
Where is her new bag?,/weər ɪz hɜːr nuː bæɡ/,guer is jer nu bag?,¿Dónde está su bolso nuevo?
She had a new bag.,/ʃiː hæd ə nuː bæɡ/,shi jad a nu bag.,Ella tenía un bolso nuevo.
The rock is very hard.,/ðə rɒk ɪz ˈvɛri hɑːrd/,de rok is veri jard,La roca es muy dura.
The pillow is soft.,/ðə ˈpɪləʊ ɪz sɒft/,de pilou is soft.,La almohada es suave.
The tea is warm.,/ðə tiː ɪz wɔːm/,de ti is uorm.,El té está caliente.
The ice is cold.,/ðə aɪs ɪz kəʊld/,de ais is kold.,El hielo está frío.
The cat is fat.,/ðə kæt ɪz fæt/,de kat is fat.,El gato es gordo.
The book is thin.,/ðə bʊk ɪz θɪn/,de buk is zin.,El libro es delgado.
The street is narrow.,/ðə striːt ɪz ˈnærəʊ/,de strit is narou.,La calle es estrecha.
The door is wide.,/ðə dɔː ɪz waɪd/,de dor is uaid.,La puerta es ancha.
It is good.,/ɪt ɪz ɡʊd/,it is gud.,Está bien.
It isn't good.,/ɪt ˈɪznt ɡʊd/,it isent gud.,No está bien.
Is it good?,/ɪz ɪt ɡʊd/,is it gud?,¿Está bien?
How good is it?,/haʊ ɡʊd ɪz ɪt/,jau gud is it?,¿Qué tan bueno está?
It was good.,/ɪt wɒz ɡʊd/,it wos gud.,Estuvo bien.
It is bad.,/ɪt ɪz bæd/,it is bad.,Está mal.
He is brave.,/hiː ɪz breɪv/,ji is breiv.,Él es valiente.
He is cowardly.,/hiː ɪz ˈkaʊədli/,ji is kauderli.,Él es cobarde.
It is a square.,/ɪt ɪz ə skweə/,it is a skuer.,Es un cuadrado.
The box is square.,/ðə bɒks ɪz skweə/,de boks is skuer.,La caja es cuadrada.
Draw a circle.,/drɔː ə ˈsɜːkl/,dor a serkl.,Dibuja un círculo.
The ball is round.,/ðə bɔːl ɪz raʊnd/,de bol is raund.,La pelota es redonda.
It is a triangle.,/ɪt ɪz ə ˈtraɪæŋɡl/,it is a traiangl.,Es un triángulo.
The sign is triangular.,/ðə saɪn ɪz traɪˈæŋɡjələ/,de sain is traiangiula.,La señal es triangular.
It is an oval.,/ɪt ɪz ən ˈəʊvl/,it is an ouvl.,Es un óvalo.
The table is oval.,/ðə ˈteɪbl ɪz ˈəʊvl/,de teibl is ouvl.,La mesa es ovalada.
It is a rectangle.,/ɪt ɪz ə ˈrektæŋɡl/,it is a rektangl.,Es un rectángulo.
The card is rectangular.,/ðə kɑːd ɪz rekˈtæŋɡjələ/,de kard is rektangiula.,La tarjeta es rectangular.
It is a pyramid.,/ɪt ɪz ə ˈpɪrəmɪd/,it is a piramid.,Es una pirámide.
It is a rhombus.,/ɪt ɪz ə ˈrɒmbəs/,it is a rombus.,Es un rombo.
It is a trapezoid.,/ɪt ɪz ə ˈtræpəzɔɪd/,it is a trapesoid.,Es un trapecio.
It is a cube.,/ɪt ɪz ə kjuːb/,it is a kiub.,Es un cubo.
The prism is on the table.,/ðə ˈprɪzəm ɪz ɒn ðə ˈteɪbəl/,de prizm iz on de teibol.,El prisma está sobre la mesa.
The circumference is very long.,/ðə sərˈkʌmfərəns ɪz ˈvɛri lɒŋ/,de sircumference is very long.,La circunferencia es muy larga.
The sphere is blue.,/ðə sfɪər ɪz bluː/,de sfiir is blu.,La esfera es azul.
He has a ball.,/hiː hæz ə bɔːl/,ji jas a bol.,Él tiene una pelota.
He doesn't have a ball.,/hiː ˈdʌznt hæv ə bɔːl/,ji dasent jav a bol.,Él no tiene una pelota.
Does he have a ball?,/dʌz hiː hæv ə bɔːl/,das ji jav a bol?,¿Él tiene una pelota?
What color is the ball?,/wɒt ˈkʌlər ɪz ðə bɔːl/,guat coler is de bol?,¿De qué color es la pelota?
He had a ball.,/hiː hæd ə bɔːl/,ji jad a bol.,Él tenía una pelota.
The diameter is big.,/ðə daɪˈæmɪtər ɪz bɪg/,de diameter is big.,El diámetro es grande.
The diameter isn't big.,/ðə daɪˈæmɪtər ˈɪznt bɪɡ/,de diameter isent big.,El diámetro no es grande.
Is the diameter big?,/ɪz ðə daɪˈæmɪtər bɪɡ/,is de diameter big?,¿Es grande el diámetro?
How big is the diameter?,/haʊ bɪg ɪz ðə daɪˈæm.ɪ.tə/,jau big is de dáiameter?,¿Qué tan grande es el diámetro?
The diameter was big.,/ðə daɪˈæmɪtər wɒz bɪɡ/,de diameter wos big.,El diámetro era grande.
The radius is short.,/ðə ˈreɪdiəs ɪz ʃɔːt/,de radius is short.,El radio es corto.
We measure the perimeter.,/wiː ˈmɛʒər ðə pəˈrɪmɪtər/,ui mezhur de perimeter.,Medimos el perímetro.
It is in the center.,/ɪt ɪz ɪn ðə ˈsɛntər/,it is in de center.,Está en el centro.
The line is horizontal.,/ðə laɪn ɪz ˌhɒrɪˈzɒntəl/,de lain is orizontal.,La línea es horizontal.
The wall is vertical.,/ðə wɔːl ɪz ˈvɜːrtɪkəl/,de uol is vertical.,La pared es vertical.
They are parallels.,/ðeɪ ɑːr ˈpærəlɛlz/,dei ar parallels.,Ellos son paralelos.
The lines are parallel.,/ðə laɪnz ɑːr ˈpærəlɛl/,de lains ar parallel.,Las líneas son paralelas.
Draw a line here.,/drɔː ə laɪn hɪər/,dro a lain jiar.,Dibuja una línea aquí.
Use one stroke.,/juːz wʌn stroʊk/,yuz wan strok.,Usa un trazo.
It is a straight line.,/ɪt ɪz ə streɪt laɪn/,it is a streit lain.,Es una línea recta.
The road has a curve.,/ðə roʊd hæz ə kɜːrv/,de rod jas a kerv.,El camino tiene una curva.
The paper is thin.,/ðə ˈpeɪpər ɪz θɪn/,de peiper is zin.,El papel es delgado.
Trace the contour.,/treɪs ðə ˈkɒntʊər/,treis de contour.,Traza el contorno.
Look at the intersection.,/lʊk æt ðə ˌɪntərˈsɛkʃən/,luk at de intersection.,Mira la intersección.
It is a right angle.,/ɪt ɪz ə raɪt ˈæŋɡəl/,it is a rait anguel.,Es un ángulo recto.
Cut the segment.,/kʌt ðə ˈsɛɡmənt/,kat de segment.,Corta el segmento.
Color the sector.,/ˈkʌlər ðə ˈsɛktər/,color de sector.,Colorea el sector.
The box has a side.,/ðə bɒks hæz ə saɪd/,de boks jas a said.,La caja tiene un lado.
The angle is small.,/ðə ˈæŋɡəl ɪz smɔːl/,de anguel is small.,El ángulo es pequeño.
The weight is high.,/ðə weɪt ɪz haɪ/,de ueit is jai.,El peso es alto.
The length is big.,/ðə lɛŋθ ɪz bɪɡ/,de lengz iz big.,La longitud es grande.
The length is not big.,/ðə lɛŋθ ɪz nɒt bɪɡ/,de lengz iz not big.,La longitud no es grande.
Is the length big?,/ɪz ðə lɛŋθ bɪɡ/,iz de lengz big?,¿Es grande la longitud?
How big is the length?,/haʊ bɪg ɪz ðə leŋθ/,jau big is de lengz?,¿Qué tan grande es la longitud?
The length was big.,/ðə lɛŋθ wɒz bɪɡ/,de lengz woz big.,La longitud era grande.
The width is small.,/ðə wɪdθ ɪz smɔːl/,de widz iz esmol.,El ancho es pequeño.
The height is good.,/ðə haɪt ɪz ɡʊd/,de jait iz gud.,La altura es buena.
The depth is deep.,/ðə dɛpθ ɪz diːp/,de depz iz dip.,La profundidad es profunda.
The volume is up.,/ðə vɒljuːm ɪz ʌp/,de volyum iz ap.,El volumen está alto.
The area is nice.,/ðə ˈɛəriə ɪz naɪs/,de eria iz nais.,El área es bonita.
I want a gram.,/aɪ wɒnt ə ɡræm/,ai uant a gram.,Quiero un gramo.
It is a milligram.,/ɪt ɪz ə ˈmɪlɪɡræm/,it iz a miligram.,Es un miligramo.
One kilogram is here.,/wʌn ˈkɪləɡræm ɪz hɪə/,uan kilogram iz jia.,Un kilogramo está aquí.
It is one ton.,/ɪt ɪz wʌn tʌn/,it iz uan ton.,Es una tonelada.
The pound is heavy.,/ðə paʊnd ɪz ˈhɛvi/,de paund iz jevi.,La libra es pesada.
It is an ounce.,/ɪt ɪz æn aʊns/,it iz an auns.,Es una onza.
It is one meter.,/ɪt ɪz wʌn ˈmiːtə/,it iz uan miter.,Es un metro.
A millimeter is small.,/ə ˈmɪlɪˌmiːtə ɪz smɔːl/,a milimita iz esmol.,Un milímetro es pequeño.
One centimeter is short.,/wʌn ˈsɛntɪˌmiːtə ɪz ʃɔːt/,uan sentimita iz sort.,Un centímetro es corto.
The kilometer is long.,/ðə ˈkɪləˌmiːtə ɪz lɒŋ/,de kilimita iz long.,El kilómetro es largo.
It is a mile.,/ɪt ɪz ə maɪl/,it iz a mail.,Es una milla.
One inch is here.,/wʌn ɪntʃ ɪz hɪə/,uan inch iz jia.,Una pulgada está aquí.
The foot is long.,/ðə fʊt ɪz lɒŋ/,de fut iz long.,El pie es largo.
A yard is big.,/ə jɑːd ɪz bɪɡ/,a yard iz big.,Una yarda es grande.
It is a square meter.,/ɪt ɪz ə skweə ˈmiːtə/,it iz a skuer miter.,Es un metro cuadrado.
The hectare is large.,/ðə ˈhɛktɑː ɪz lɑːdʒ/,de hectare iz lardch.,La hectárea es grande.
I want a liter.,/aɪ wɒnt ə ˈliːtə/,ai uant a liter.,Quiero un litro.
One degree is hot.,/wʌn dɪˈɡriː ɪz hɒt/,uan digri iz jat.,Un grado es calor.
The volt is high.,/ðə vəʊlt ɪz haɪ/,de volt iz jai.,El voltio es alto.
It is one ampere.,/ɪt ɪz wʌn ˈæmpeə/,it is wan amper.,Es un amperio.
The car has high horsepower.,/ðə kɑː hæz haɪ ˈhɔːspaʊə/,de car jas jai jorspauer.,El coche tiene mucha potencia.
The quantity is big.,/ðə ˈkwɒntɪti ɪz bɪɡ/,de cuantiti is big.,La cantidad es grande.
The quantity is not big.,/ðə ˈkwɒntɪti ɪz nɒt bɪɡ/,de cuantiti is not big.,La cantidad no es grande.
Is the quantity big?,/ɪz ðə ˈkwɒntɪti bɪɡ/,iz de cuantiti big?,¿Es grande la cantidad?
How big is the quantity?,/haʊ bɪg ɪz ðə ˈkwɒn.tɪ.ti/,jau big is de cuántiti?,¿Qué tan grande es la cantidad?
The quantity was big.,/ðə ˈkwɒntɪti wɒz bɪɡ/,de cuantiti woz big.,La cantidad era grande.
I want a little bit of milk.,/aɪ wɒnt ə ˈlɪtl bɪt ɒv mɪlk/,ai guant a litol bit ov milk.,Quiero un poco de leche.
Please give me half.,/pliːz ɡiːv miː hɑːf/,pliz guiv mi jaf.,"Dame la mitad, por favor."
I want a dozen eggs.,/aɪ wɒnt ə ˈdʌzn ɛɡz/,ai guant a dasn eggs.,Quiero una docena de huevos.
It is one piece.,/ɪt ɪz wʌn piːs/,it is wan pis.,Es una pieza.
The size is right.,/ðə saɪz ɪz raɪt/,de saiz is rait.,El tamaño es correcto.
Check the map scale.,/tʃɛk ðə mæp skeɪl/,chek de map esqueil.,Mira la escala del mapa.
The cost is minimal.,/ðə kɒst ɪz ˈmɪnɪməl/,de cost is minimal.,El costo es mínimo.
It is the smallest box.,/ɪt ɪz ðə ˈsmɔːlɪst bɒks/,it is de smolest boks.,Es la caja más pequeña.
I want a medium shirt.,/aɪ wɒnt ə ˈmiːdiəm ʃɜːt/,ai guant a midiom shert.,Quiero una camisa mediana.
The effect is maximal.,/ðə ɪˈfɛkt ɪz ˈmæksɪməl/,de efect is maximal.,El efecto es máximo.
It is the largest car.,/ɪt ɪz ðə ˈlɑːdʒɪst kɑː/,it is de lardest car.,Es el coche más grande.
Put it in the jar.,/pʊt ɪt ɪn ðə dʒɑː/,put it in de yar.,Pónlo en el frasco.
Open the can.,/ˈəʊpən ðə kæn/,open de can.,Abre la lata.
Fill the bucket.,/fɪl ðə ˈbʌkɪt/,fil de bakit.,Llena el cubo.
It is a wooden barrel.,/ɪt ɪz ə ˈwʊdən ˈbærəl/,it is a wuden barerl.,Es un barril de madera.
Wash in the basin.,/wɒʃ ɪn ðə ˈbeɪsən/,uosh in de besin.,Lava en el lavabo.
The tank is full.,/ðə tæŋk ɪz fʊl/,de tank is ful.,El tanque está lleno.
He has a hip flask.,/hiː hæz ə hɪp flɑːsk/,ji jas a jip flask.,Él tiene un frasco.
Use the red jerrycan.,/juːz ðə rɛd ˈdʒɛrikæn/,yus de red yerrican.,Usa el bidón rojo.
The cistern is empty.,/ðə ˈsɪstən ɪz ˈɛmpti/,de sisten is empty.,El tanque está vacío.
Drink from the mug.,/drɪŋk frɒm ðə mʌɡ/,drink from de mag.,Bebe de la taza.
I have a cup.,/aɪ hæv ə kʌp/,ai jav a cap.,Tengo una taza.
The cup is on the saucer.,/ðə kʌp ɪz ɒn ðə ˈsɔːsə/,de kap is on de soser.,La taza está en el platillo.
I drink water from the glass.,/aɪ drɪŋk ˈwɔːtə frɒm ðə ɡlɑːs/,ai drink uater from de glas.,Bebo agua del vaso.
She holds a wineglass.,/ʃiː həʊldz ə ˈwaɪnɡlɑːs/,shi jolds a uainglas.,Ella sostiene una copa de vino.
The soup is in the saucepan.,/ðə suːp ɪz ɪn ðə ˈsɔːspən/,de sup is in de sospan.,La sopa está en la cacerola.
He opens the bottle.,/hiː ˈəʊpənz ðə ˈbɒtl/,ji opens de botl.,Él abre la botella.
The neck is long.,/ðə nɛk ɪz lɒŋ/,de nek is long.,El cuello es largo.
The water is in the carafe.,/ðə ˈwɔːtə ɪz ɪn ðə kəˈræf/,de uater is in de karaf.,El agua está en la garrafa.
The pitcher is on the table.,/ðə ˈpɪtʃə ɪz ɒn ðə ˈteɪbl/,de picher is on de teibl.,El cántaro está en la mesa.
This vessel is big.,/ðɪs ˈvɛsl ɪz bɪɡ/,dis vesl is big.,Este recipiente es grande.
This vessel isn't big.,/ðɪs ˈvɛsl ˈɪznt bɪɡ/,dis vesl isent big.,Este recipiente no es grande.
Is this vessel big?,/ɪz ðɪs ˈvɛsl bɪɡ/,is dis vesl big?,¿Es grande este recipiente?
Who uses this big vessel?,/huː juːzɪz ðɪs bɪɡ ˈvɛsl/,ju yuses dis big vesl?,¿Quién usa este recipiente grande?
This vessel was big.,/ðɪs ˈvɛsl wɒz bɪɡ/,dis vesl wos big.,Este recipiente era grande.
The pot is empty.,/ðə pɒt ɪz ˈɛmpti/,de pot is empi.,La olla está vacía.
A flower is in the vase.,/ə ˈflaʊə ɪz ɪn ðə vɑːz/,a flauer is in de vas.,Una flor está en el jarrón.
I like the bottle.,/aɪ laɪk ðə ˈbɒtl/,ai laik de botl.,Me gusta el frasco.
I don't like the bottle.,/aɪ dəʊnt laɪk ðə ˈbɒtl/,ai dount laik de botl.,No me gusta el frasco.
Do you like the bottle?,/duː juː laɪk ðə ˈbɒtl/,du yu laik de botl?,¿Te gusta el frasco?
Which bottle do you like?,/wɪtʃ ˈbɒtl duː juː laɪk/,guich botl du yu laik?,¿Qué frasco te gusta?
I liked the bottle.,/aɪ laɪkt ðə ˈbɒtl/,ai laikt de botl.,Me gustó el frasco.
The vial is small.,/ðə ˈvaɪəl ɪz smɔːl/,de vial is smol.,El frasco es pequeño.
Use the tube.,/juːz ðə tjuːb/,iuz de tiub.,Usa el tubo.
It is a heavy sack.,/ɪt ɪz ə ˈhɛvi sæk/,it is a jevi sak.,Es un saco pesado.
Put it in the bag.,/pʊt ɪt ɪn ðə bæɡ/,put it in de bag.,Ponlo en la bolsa.
He buys a pack.,/hiː baɪz ə pæk/,ji bays a pak.,Él compra un paquete.
Open the box.,/ˈəʊpən ðə bɒks/,open de boks.,Abre la caja.
The crate is wood.,/ðə kreɪt ɪz wʊd/,de kreit is uud.,La caja de madera es de madera.
The basket is full.,/ðə ˈbɑːskɪt ɪz fʊl/,de basket is ful.,La canasta está llena.
This is good material.,/ðɪs ɪz ɡʊd məˈtɪəriəl/,dis is gud material.,Este es buen material.
The table is wood.,/ðə ˈteɪbl ɪz wʊd/,de teibl is uud.,La mesa es de madera.
I have a wooden chair.,/aɪ hæv ə ˈwʊdn tʃeə/,ai jav a uuden cher.,Tengo una silla de madera.
The window is glass.,/ðə ˈwɪndəʊ ɪz ɡlɑːs/,de uindou is glas.,La ventana es de cristal.
She sees a glass door.,/ʃiː siːz ə ɡlɑːs dɔː/,si siz a glas dor.,Ella ve una puerta de cristal.
The stone is hard.,/ðə stəʊn ɪz hɑːd/,de stoun is jard.,La piedra es dura.
It is a stone wall.,/ɪt ɪz ə stəʊn wɔːl/,it is a stoun uol.,Es un muro de piedra.
This is plastic.,/ðɪs ɪz ˈplæstɪk/,dis is plástic.,Esto es plástico.
The cup is plastic.,/ðə kʌp ɪz ˈplæstɪk/,de cap is plástic.,La taza es de plástico.
I like rubber.,/aɪ laɪk ˈrʌbə/,ai laik ráber.,Me gusta el caucho.
I don't like rubber.,/aɪ dəʊnt laɪk ˈrʌbə/,ai dount laik ráber.,No me gusta el caucho.
Do you like rubber?,/duː juː laɪk ˈrʌbə/,du yu laik ráber?,¿Te gusta el caucho?
What do you use rubber for?,/wɒt duː juː juːz ˈrʌbə fɔːr/,guat du yu yuz ráber for?,¿Para qué usas el caucho?
I liked rubber.,/aɪ laɪkt ˈrʌbə/,ai laikt ráber.,Me gustaba el caucho.
He has a rubber duck.,/hiː hæz ə ˈrʌbə dʌk/,ji jas a ráber dak.,Él tiene un pato de goma.
The fabric is soft.,/ðə ˈfæbrɪk ɪz sɒft/,de fabric is soft.,La tela es suave.
It is a fabric bag.,/ɪt ɪz ə ˈfæbrɪk bæɡ/,it is a fabric bag.,Es un bolso de tela.
This is paper.,/ðɪs ɪz ˈpeɪpə/,dis is paper.,Esto es papel.
It is a paper plate.,/ɪt ɪz ə ˈpeɪpə pleɪt/,it is a paper pleit.,Es un plato de papel.
The box is cardboard.,/ðə bɒks ɪz ˈkɑːdbɔːd/,de boks is cardbord.,La caja es de cartón.
She has a cardboard box.,/ʃiː hæz ə ˈkɑːdbɔːd bɒks/,shi jas a cardbord boks.,Ella tiene una caja de cartón.
This bag is polyethylene.,/ðɪs bæɡ ˌpɒliːˈɛθɪliːn/,dis bag poli-ézilin.,Esta bolsa es de polietileno.
Use the cellophane.,/juːz ðə ˈsɛləfeɪn/,yus de séllofein.,Usa el celofán.
The floor is linoleum.,/ðə flɔː ɪz lɪˈnəʊliəm/,de flor is linólium.,El suelo es de linóleo.
The desk is plywood.,/ðə dɛsk ɪz ˈplaɪwʊd/,de desk is plai-úd.,El escritorio es de contrachapado.
This is porcelain.,/ðɪs ɪz ˈpɔːsəlɪn/,dis is pórslain.,Esto es porcelana.
I like porcelain dolls.,/aɪ laɪk ˈpɔːsəlɪn dɒlz/,ai laik pórslain dolls.,Me gustan las muñecas de porcelana.
The pot is clay.,/ðə pɒt ɪz kleɪ/,de pot is clei.,La maceta es de arcilla.
It is a clay pipe.,/ɪt ɪz ə kleɪ paɪp/,it is a clei paip.,Es una pipa de arcilla.
She studies ceramics.,/ʃiː ˈstʌdiz səˈræmɪks/,shi stádis cerámics.,Ella estudia cerámica.
The floor is ceramic.,/ðə flɔː ɪz səˈræmɪk/,de flor is cerámic.,El suelo es de cerámica.
The car is metal.,/ðə kɑː ɪz ˈmɛtl/,de car is metal.,El coche es de metal.
He likes metal music.,/hiː laɪks ˈmɛtl ˈmjuːzɪk/,ji laiks metal miusic.,A él le gusta la música metal.
Gold is an alloy.,/ɡəʊld ɪz æn ˈælɔɪ/,gould is an áloi.,El oro es una aleación.
I like the gold ring.,/aɪ laɪk ðə goʊld rɪŋ/,ai laik de gold ring.,Me gusta el anillo de oro.
She has golden hair.,/ʃi hæz goʊldən hɛr/,shi jas golden jair.,Ella tiene el pelo dorado.
This spoon is silver.,/ðɪs spuːn ɪz sɪlvər/,dis spun is silver.,Esta cuchara es de plata.
He drives a silver car.,/hi draɪvz ə sɪlvər kɑr/,ji draivs a silver car.,Él conduce un coche plateado.
The pot is made of iron.,/ðə pɑt ɪz meɪd ʌv aɪərn/,de pot is meid ov airn.,La olla está hecha de hierro.
It is an iron gate.,/ɪt ɪz ən aɪərn geɪt/,it is an airn geit.,Es una puerta de hierro.
This knife is steel.,/ðɪs naɪf ɪz stiːl/,dis naif is stil.,Este cuchillo es de acero.
We have a steel door.,/wi hæv ə stiːl dɔr/,ji jav a stil dor.,Tenemos una puerta de acero.
The wire is copper.,/ðə waɪər ɪz kɑpər/,de uaiar is coper.,El cable es de cobre.
I see a copper wire.,/aɪ siː ə kɑpər waɪər/,ai si a coper uaiar.,Veo un cable de cobre.
The can is aluminum.,/ðə kæn ɪz ˌæləˈmɪnəm/,de can is aluminom.,La lata es de aluminio.
She uses an aluminum pan.,/ʃi ˈjuːzɪz ən ˌæləˈmɪnəm pæn/,shi yusis an aluminom pan.,Ella usa una sartén de aluminio.
The statue is bronze.,/ðə ˈstæʃuː ɪz brɑnz/,de statchu is bronz.,La estatua es de bronce.
He has a bronze medal.,/hi hæz ə brɑnz ˈmɛdəl/,ji jas a bronz medal.,Él tiene una medalla de bronce.
The horn is made of brass.,/ðə hɔrn ɪz meɪd ʌv bræs/,de jorn is meid ov bras.,La trompa está hecha de latón.
This coin is nickel.,/ðɪs kɔɪn ɪz ˈnɪkəl/,dis coim is nickol.,Esta moneda es de níquel.
Her ring is platinum.,/hɜr rɪŋ ɪz ˈplætənəm/,jer ring is platinom.,Su anillo es de platino.
Mercury is a liquid.,/ˈmɜrkjəri ɪz ə ˈlɪkwɪd/,mercury is a likuid.,El mercurio es un líquido.
The box is made of tin.,/ðə bɑks ɪz meɪd ʌv tɪn/,de box is meid ov tin.,La caja está hecha de estaño.
This is a lead pipe.,/ðɪs ɪz ə lɛd paɪp/,dis is a laed paip.,Esta es una tubería de plomo.
The roof has zinc.,/ðə ruːf hæz zɪŋk/,de rof jas zink.,El techo tiene zinc.
I am a human being.,/aɪ æm ə ˈhjuːmən ˈbiːɪŋ/,ai am a juman biing.,Soy un ser humano.
The man is tall.,/ðə mæn ɪz tɔl/,de man is tol.,El hombre es alto.
She is a nice woman.,/ʃi ɪz ə naɪs ˈwʊmən/,shi is a nais uuman.,Ella es una mujer agradable.
The child plays outside.,/ðə tʃaɪld pleɪz ˈaʊtˌsaɪd/,de chaild pleis autsaid.,El niño juega afuera.
The girl is young.,/ðə gɜːrl ɪz jʌŋ/,de guerl is yang.,La niña es joven.
The boy is tall.,/ðə bɔɪ ɪz tɔːl/,de boi is tol.,El niño es alto.
A teenager is young.,/ə tiːneɪdʒər ɪz jʌŋ/,a tin-eid-yer is yang.,Un adolescente es joven.
The old man is kind.,/ði oʊld mæn ɪz kaɪnd/,di old man is kaind.,El anciano es amable.
The old woman sits.,/ði oʊld ˈwʊmən sɪts/,di old uoman sits.,La anciana se sienta.
An organism is alive.,/ən ˈɔːrɡənɪzəm ɪz əlaɪv/,an organisem is alaiv.,Un organismo está vivo.
The heart beats.,/ðə hɑːrt biːts/,de jarbits.,El corazón late.
Blood is red.,/blʌd ɪz rɛd/,blod is red.,La sangre es roja.
An artery carries blood.,/ən ˈɑːrtəri ˈkæriz blʌd/,an arteri karies blod.,Una arteria lleva sangre.
A vein has blood.,/ə veɪn hæz blʌd/,a vein jaz blod.,Una vena tiene sangre.
The brain thinks.,/ðə breɪn θɪŋks/,de brainz zinks.,El cerebro piensa.
A nerve sends signals.,/ə nɜːrv sɛndz ˈsɪɡnəlz/,a ner sends signals.,Un nervio envía señales.
Nerves send signals.,/nɜːrvz sɛnd ˈsɪɡnəlz/,ners send signols.,Los nervios envían señales.
A vertebra is a bone.,/ə ˈvɜːrtɪbrə ɪz ə boʊn/,a vertebra is a bon.,Una vértebra es un hueso.
The spine is in the back.,/ðə spaɪn ɪz ɪn ðə bæk/,de spain is in de bak.,La columna está en la espalda.
The stomach digests food.,/ðə ˈstʌmək dɪˈdʒɛsts fuːd/,de stomach digests fud.,El estómago digiere la comida.
The intestines digest food.,/ði ɪnˈtestɪnz dɪˈdʒɛsts fuːd/,di intestins digest fud.,Los intestinos digieren la comida.
The large intestine absorbs water.,/ðə lɑːrdʒ ɪnˈtestɪn əbˈzɔːrbz ˈwɔːtər/,de large intestine absorbs uoter.,El intestino grueso absorbe agua.
The liver cleans blood.,/ðə ˈlɪvər kliːnz blʌd/,de liver clins blod.,El hígado limpia la sangre.
The kidney filters blood.,/ðə ˈkɪdni ˈfɪltərz blʌd/,de kidney filters blod.,El riñón filtra la sangre.
A bone is hard.,/ə boʊn ɪz hɑːrd/,a bon is jar.,Un hueso es duro.
The skeleton has bones.,/ðə ˈskɛlətən hæz boʊnz/,de skeleton jaz bonz.,El esqueleto tiene huesos.
A rib protects organs.,/ə rɪb prəˈtɛkts ˈɔːrɡənz/,a rib protects orguans.,Una costilla protege los órganos.
The skull protects the brain.,/ðə skʌl prəˈtɛkts ðə breɪn/,de skul protects de brain.,El cráneo protege el cerebro.
A muscle moves the body.,/ə ˈmʌsəl muːvz ðə ˈbɑːdi/,a musel muvs de bodi.,Un músculo mueve el cuerpo.
He has big biceps.,/hiː hæz bɪɡ ˈbaɪsɛps/,ji jaz big baiseps.,Él tiene bíceps grandes.
He does not have big biceps.,/hiː dʌz nɒt hæv bɪɡ ˈbaɪsɛps/,ji das not jav big baiseps.,Él no tiene bíceps grandes.
Does he have big biceps?,/dʌz hiː hæv bɪɡ ˈbaɪsɛps/,das ji jav big baiseps?,¿Él tiene bíceps grandes?
How big are his biceps?,/haʊ bɪɡ ɑːr hɪz ˈbaɪsɛps/,jau big ar jis baiseps?,¿Qué tan grandes son sus bíceps?
He had big biceps.,/hiː hæd bɪɡ ˈbaɪsɛps/,ji jad big baiseps.,Él tenía bíceps grandes.
My triceps hurt.,/maɪ ˈtraɪsɛps hɜːt/,mai traiceps jert.,Me duelen los tríceps.
The tendon is sore.,/ðə ˈtɛndɒn ɪz sɔː/,de tendon is sor.,El tendón está adolorido.
My knee joint hurts.,/maɪ niː dʒɔɪnt hɜːts/,mai ni joint jerts.,Me duele la articulación de la rodilla.
We use lungs to breathe.,/wiː juːz lʌŋz tuː briːð/,wi yus lungs tu briz.,Usamos los pulmones para respirar.
Wash your genitals.,/wɒʃ jɔː ˈdʒɛnɪtəlz/,wosh yor yenitals.,Lava tus genitales.
My skin is soft.,/maɪ skɪn ɪz sɒft/,mai skin is soft.,Mi piel es suave.
He has a big head.,/hiː hæz ə bɪɡ hɛd/,ji jaz a big jed.,Él tiene una cabeza grande.
He does not have a big head.,/hiː dʌz nɒt hæv ə bɪɡ hɛd/,ji das not jav a big jed.,Él no tiene una cabeza grande.
Does he have a big head?,/dʌz hiː hæv ə bɪɡ hɛd/,das ji jav a big jed?,¿Él tiene una cabeza grande?
Who has a big head?,/huː hæz ə bɪɡ hɛd/,ju jaz a big jed?,¿Quién tiene una cabeza grande?
He had a big head.,/hiː hæd ə bɪɡ hɛd/,ji jad a big jed.,Él tenía una cabeza grande.
She washes her face.,/ʃiː ˈwɒʃɪz hɜː feɪs/,shi woshes jer feis.,Ella se lava la cara.
I have a nose.,/aɪ hæv ə nəʊz/,ai jav a nous.,Tengo una nariz.
Open your mouth.,/ˈəʊpən jɔː maʊθ/,open yor mauz.,Abre la boca.
My eye is blue.,/maɪ aɪ ɪz bluː/,mai ai is blu.,Mi ojo es azul.
She has nice eyes.,/ʃiː hæz naɪs aɪz/,shi jaz nais ais.,Ella tiene ojos bonitos.
His pupil is black.,/hɪz ˈpjuːpɪl ɪz blæk/,jis piupil is blak.,Su pupila es negra.
Raise your eyebrow.,/reɪz jɔː ˈaɪbraʊ/,reiz yor aibrou.,Levanta la ceja.
She has long eyelashes.,/ʃiː hæz lɒŋ ˈaɪlæʃɪz/,shi jaz long aileshis.,Ella tiene pestañas largas.
She does not have long eyelashes.,/ʃiː dʌz nɒt hæv lɒŋ ˈaɪlæʃɪz/,shi das not jav long aileshis.,Ella no tiene pestañas largas.
Does she have long eyelashes?,/dʌz ʃiː hæv lɒŋ ˈaɪlæʃɪz/,das shi jav long aileshis?,¿Ella tiene pestañas largas?
Which girl has long eyelashes?,/wɪtʃ ɡɜːl hæz lɒŋ ˈaɪlæʃɪz/,guich gurl jaz long aileshis?,¿Qué chica tiene pestañas largas?
She had long eyelashes.,/ʃiː hæd lɒŋ ˈaɪlæʃɪz/,shi jad long aileshis.,Ella tenía pestañas largas.
Close your eyelid.,/kləʊz jɔː ˈaɪlɪd/,klos yor ailid.,Cierra el párpado.
Show me your tongue.,/ʃəʊ miː jɔː tʌŋ/,sho mi yor tong.,Enséñame la lengua.
Brush your tooth.,/brʌʃ jɔː tuːθ/,brash yor tut.,Cepilla tu diente.
Her lips are red.,/hɜː lɪps ɑː rɛd/,jer lips ar red.,Sus labios son rojos.
He has high cheekbones.,/hiː hæz haɪ ˈtʃiːkbəʊnz/,ji jaz jai chikbounz.,Él tiene pómulos altos.
My gum hurts.,/maɪ ɡʌm hɜːts/,mai gam jerts.,Me duele la encía.
The palate is dry.,/ðə ˈpælɪt ɪz draɪ/,de palet is drai.,El paladar está seco.
Clean your nostrils.,/kliːn jɔː ˈnɒstrɪlz/,klin yor nostrils.,Limpia tus fosas nasales.
Touch your chin.,/tʌtʃ jɔː tʃɪn/,totch yor chin.,Toca tu barbilla.
I touch my jaw.,/aɪ tʌtʃ maɪ dʒɔː/,ai tach mai yor.,Toqué mi mandíbula.
She has a red cheek.,/ʃiː hæz ə rɛd tʃiːk/,shi jas a red chik.,Ella tiene una mejilla roja.
She doesn't have a red cheek.,/ʃiː ˈdʌznt hæv ə rɛd tʃiːk/,shi dasent jav a red chik.,Ella no tiene una mejilla roja.
Does she have a red cheek?,/dʌz ʃiː hæv ə rɛd tʃiːk/,das shi jav a red chik?,¿Ella tiene una mejilla roja?
Why does she have a red cheek?,/waɪ dʌz ʃiː hæv ə rɛd tʃiːk/,wai das shi jav a red chik?,¿Por qué ella tiene una mejilla roja?
She had a red cheek.,/ʃiː hæd ə rɛd tʃiːk/,shi jad a red chik.,Ella tenía una mejilla roja.
His forehead is big.,/hɪz fɔːrɪd ɪz bɪɡ/,jis forid is big.,Su frente es grande.
I scratch my temple.,/aɪ skrætʃ maɪ tɛmpəl/,ai skrach mai tempol.,Me rasco la sien.
My ear hurts.,/maɪ ɪr hɜːrts/,mai ior jorts.,Me duele el oído.
He hits the back of the head.,/hiː hɪts ðə bæk ɒv ðə hɛd/,ji jits de bak ov de jed.,Él golpea la parte trasera de la cabeza.
Her neck is long.,/hɜːr nɛk ɪz lɒŋ/,jer nek is long.,Su cuello es largo.
I have a sore throat.,/aɪ hæv ə sɔːr θroʊt/,ai jav a sor zrot.,Tengo dolor de garganta.
She has brown hair.,/ʃiː hæz braʊn hɛr/,shi jas braun jer.,Ella tiene el pelo marrón.
I like his hairstyle.,/aɪ laɪk hɪz hɛrstaɪl/,ai laik jis jerstail.,Me gusta su peinado.
I don't like his hairstyle.,/aɪ dəʊnt laɪk hɪz hɛrstaɪl/,ai dont laik jis jerstail.,No me gusta su peinado.
Do you like his hairstyle?,/duː juː laɪk hɪz hɛrstaɪl/,du iu laik jis jerstail?,¿Te gusta su peinado?
What is his hairstyle like?,/wɒt ɪz hɪz ˈheəstaɪl laɪk/,uot is jiz jésteil laik?,¿Cómo es su peinado?
I liked his hairstyle.,/aɪ laɪkt hɪz hɛrstaɪl/,ai laikt jis jerstail.,Me gustó su peinado.
He needs a haircut.,/hiː niːdz ə hɛrkʌt/,ji nids a jercat.,Él necesita un corte de pelo.
She wears a wig.,/ʃiː wɛrz ə wɪɡ/,si uers a uig.,Ella usa una peluca.
He has a big mustache.,/hiː hæz ə bɪɡ məstæʃ/,ji jas a big mustash.,Él tiene un bigote grande.
He does not have a big mustache.,/hiː dʌz nɒt hæv ə bɪɡ məstæʃ/,ji das not jav a big mustash.,Él no tiene un bigote grande.
Does he have a big mustache?,/dʌz hiː hæv ə bɪɡ məstæʃ/,das ji jav a big mustash?,¿Él tiene un bigote grande?
Why does he have a big mustache?,/waɪ dʌz hiː hæv ə bɪɡ məstæʃ/,wai das ji jav a big mustash?,¿Por qué él tiene un bigote grande?
He had a big mustache.,/hiː hæd ə bɪɡ məstæʃ/,ji jad a big mustash.,Él tenía un bigote grande.
My father has a beard.,/maɪ fɑːðər hæz ə bɪrd/,mai fader jas a bird.,Mi padre tiene barba.
I have a beard.,/aɪ hæv ə bɪrd/,ai jav a bird.,Tengo barba.
She has a braid.,/ʃiː hæz ə breɪd/,shi jas a breid.,Ella tiene una trenza.
She does not have a braid.,/ʃiː dʌz nɒt hæv ə breɪd/,shi das not jav a breid.,Ella no tiene una trenza.
Does she have a braid?,/dʌz ʃiː hæv ə breɪd/,das shi jav a breid?,¿Ella tiene una trenza?
Why does she have a braid?,/waɪ dʌz ʃi hæv ə breɪd/,wai das shi jav e breid?,¿Por qué ella tiene una trenza?
She had a braid.,/ʃiː hæd ə breɪd/,shi jad a breid.,Ella tenía una trenza.
He has long sideburns.,/hiː hæz lɒŋ saɪdbɜːrnz/,ji jas long saidburns.,Él tiene patillas largas.
He does not have long sideburns.,/hiː dʌz nɒt hæv lɒŋ saɪdbɜːrnz/,ji das not jav long saidburns.,Él no tiene patillas largas.
Does he have long sideburns?,/dʌz hiː hæv lɒŋ saɪdbɜːrnz/,das ji jav long saidburns?,¿Él tiene patillas largas?
Who has long sideburns?,/huː həz lɒŋ ˈsaɪdbɜːnz/,ju jaz long sáidbernz?,¿Quién tiene patillas largas?
He had long sideburns.,/hiː hæd lɒŋ saɪdbɜːrnz/,ji jad long saidburns.,Él tenía patillas largas.
She is a red-haired girl.,/ʃiː ɪz ə rɛd hɛrd gɜːrl/,shi is a red jered grol.,Ella es una pelirroja.
I have gray hair.,/aɪ hæv ɡreɪ hɛr/,ai jav grei jer.,Tengo el pelo gris.
He is bald.,/hiː ɪz bɔːld/,ji is bold.,Él es calvo.
He has a bald patch.,/hiː hæz ə bɔːld pætʃ/,ji jas a bold pach.,Él tiene un punto calvo.
She wears a ponytail.,/ʃiː wɛrz ə poʊniteɪl/,shi uers a poneytail.,Ella usa una cola de caballo.
She has long bangs.,/ʃiː hæz lɒŋ bæŋz/,shi jas long bans.,Ella tiene flequillo largo.
She doesn't have long bangs.,/ʃiː ˈdʌznt hæv lɒŋ bæŋz/,shi dasent jav long bans.,Ella no tiene flequillo largo.
Does she have long bangs?,/dʌz ʃiː hæv lɒŋ bæŋz/,das shi jav long bans?,¿Ella tiene flequillo largo?
Who has long bangs?,/huː hæz lɒŋ bæŋz/,ju jaz long bans?,¿Quién tiene flequillo largo?
She had long bangs.,/ʃiː hæd lɒŋ bæŋz/,shi jad long bans.,Ella tenía flequillo largo.
I wash my hand.,/aɪ wɒʃ maɪ hænd/,ai uosh mai jand.,Lavo mi mano.
He has strong arms.,/hiː hæz strɒŋ ɑːrmz/,ji jas strong arms.,Él tiene brazos fuertes.
I have a ring on my finger.,/aɪ hæv ə rɪŋ ɒn maɪ ˈfɪŋɡə/,ai jav a ring on mai finger.,Tengo un anillo en mi dedo.
My toe hurts a little bit.,/maɪ təʊ hɜːts ə ˈlɪtəl bɪt/,mai toe jerts a litol bit.,Me duele un poquito el dedo del pie.
He uses his thumb to press the button.,/hiː juːzɪz hɪz θʌm tuː prɛs ðə ˈbʌtən/,ji yusis hiz zam tu: pres de boton.,Él usa su pulgar para presionar el botón.
She wears a ring on her little finger.,/ʃiː wɛəz ə rɪŋ ɒn hɜː ˈlɪtəl ˈfɪŋɡə/,shi uers a ring on jer litol finger.,Ella lleva un anillo en el meñique.
I cut my nails today.,/aɪ kʌt maɪ neɪlz təˈdeɪ/,ai kat mai neils tu:dei.,Me corté las uñas hoy.
He made a fist with his hand.,/hiː meɪd ə fɪst wɪð hɪz hænd/,ji meid a fist wid hiz jand.,Él hizo un puño con su mano.
Please put the coin in my palm.,/pliːz pʊt ðə kɔɪn ɪn maɪ pɑːm/,pliz put de koin in mai pam.,"Por favor, pon la moneda en mi palma."
I wear a watch on my wrist.,/aɪ weər ə wɒtʃ ɒn maɪ rɪst/,ai uer a uoch on mai rist.,Llevo un reloj en la muñeca.
The sun burns my forearm.,/ðə sʌn bɜːnz maɪ ˈfɔːrɑːm/,de sun berns mai for-arem.,El sol me quema el antebrazo.
Do not put your elbows on the table.,/duː nɒt pʊt jɔːr ˈɛlbəʊz ɒn ðə ˈteɪbəl/,du: not put yor elbows on de teibol.,No pongas los codos sobre la mesa.
She carries a bag on her shoulder.,/ʃiː ˈkæriz ə bæɡ ɒn hɜː ˈʃəʊldə/,shi karies a bag on jer sholder.,Ella lleva un bolso en el hombro.
My left leg is tired.,/maɪ lɛft lɛɡ ɪz ˈtaɪəd/,mai left leg is taired.,Mi pierna izquierda está cansada.
My foot is in the water.,/maɪ fʊt ɪz ɪn ðə ˈwɔːtə/,mai foot is in de uoter.,Mi pie está en el agua.
I have a pain in my knee.,/aɪ hæv ə peɪn ɪn maɪ niː/,ai jav a pein in mi ni.,Me duele la rodilla.
My calf muscles are big.,/maɪ kɑːf ˈmʌsəlz ɑː bɪɡ/,mai calf mosols ar big.,Mis músculos de la pantorrilla son grandes.
The baby sits on her hip.,/ðə ˈbeɪbi sɪts ɒn hɜː hɪp/,de beibi sits on jer hip.,El bebé se sienta en su cadera.
My shoe hurts my heel.,/maɪ ʃuː hɜːts maɪ hiːl/,mai shu jerts mai ji:l.,Mi zapato me lastima el talón.
He has a strong body.,/hiː hæz ə strɒŋ ˈbɒdi/,ji jaz a stron bodei.,Él tiene un cuerpo fuerte.
My stomach is full.,/maɪ ˈstʌmək ɪz fʊl/,mai stamac is ful.,Mi estómago está lleno.
He has hair on his chest.,/hiː hæz hɛər ɒn hɪz tʃɛst/,ji jaz jar on hiz chest.,Él tiene vello en el pecho.
She holds the baby to her breast.,/ʃiː həʊldz ðə ˈbeɪbi tuː hɜː brɛst/,shi jolds de beibi tu: jer breast.,Ella sostiene al bebé contra su pecho.
The cat sleeps on my flank.,/ðə kæt sliːps ɒn maɪ flæŋk/,de kat slips on mai flank.,El gato duerme sobre mi costado.
My back hurts today.,/maɪ bæk hɜːts təˈdeɪ/,mai bak jerts tu:dei.,Me duele la espalda hoy.
He has pain in his lower back.,/hiː hæz peɪn ɪn hɪz ˈləʊə bæk/,ji jaz pein in hiz loer bak.,Él tiene dolor en la parte baja de la espalda.
She has a small waist.,/ʃiː hæz ə smɔːl weɪst/,shi jaz a smol ueist.,Ella tiene una cintura pequeña.
He has a mark on his navel.,/hiː hæz ə mɑːrk ɒn hɪz ˈneɪvəl/,ji jas a mark on jis neivol,Él tiene una marca en su ombligo.
I sit on my buttocks.,/aɪ sɪt ɒn maɪ ˈbʌtəks/,ai sit on mai batoks,Me siento sobre mis nalgas.
The box is at the bottom.,/ðə bɒks ɪz æt ðə ˈbɒtəm/,de boks is at de batom,La caja está en el fondo.
She has a beauty mark.,/ʃiː hæz ə ˈbjuːti mɑːrk/,shi jas a biuti mark,Ella tiene un lunar de belleza.
I have a birthmark here.,/aɪ hæv ə ˈbɜːrθmɑːrk hɪər/,ai jav a berzmark jir,Tengo una marca de nacimiento aquí.
I don't have a birthmark here.,/aɪ dəʊnt hæv ə ˈbɜːrθmɑːrk hɪər/,ai dont jav a berzmark jir.,No tengo una marca de nacimiento aquí.
Do you have a birthmark here?,/duː juː hæv ə ˈbɜːrθmɑːrk hɪər/,du iu jav a berzmark jir?,¿Tienes una marca de nacimiento aquí?
Where do you have a birthmark?,/wɛər duː juː hæv ə ˈbɜːrθmɑːrk/,wer du iu jav a berzmark?,¿Dónde tienes una marca de nacimiento?
I had a birthmark here.,/aɪ hæd ə ˈbɜːrθmɑːrk hɪər/,ai jad a berzmark jir.,Tenía una marca de nacimiento aquí.
He has a tattoo on his arm.,/hiː hæz ə tæˈtuː ɒn hɪz ɑːrm/,ji jas a tatú on jis arm,Él tiene un tatuaje en el brazo.
The cut left a scar.,/ðə kʌt left ə skɑːr/,de kat left a scar,El corte dejó una cicatriz.
I like my new clothes.,/aɪ laɪk maɪ nuː kloʊðz/,ai laik mai nu klouds,Me gustan mis ropas nuevas.
Put on your outer clothes.,/pʊt ɒn jɔːr ˈaʊtər kloʊðz/,put on yior auter klouds,Ponte la ropa de abrigo.
I wear winter clothes.,/aɪ wer ˈwɪntər kloʊðz/,ai uér winter klouds,Uso ropa de invierno.
This overcoat is very warm.,/ðɪs ˈoʊvərkoʊt ɪz ˈvɛri wɔːrm/,dis oversout is beri warm,Este abrigo es muy cálido.
She wears a fur coat.,/ʃiː werz ə fɜːr koʊt/,shi uers a fer sout,Ella lleva un abrigo de piel.
He likes his fur jacket.,/hiː laɪks hɪz fɜːr ˈdʒækɪt/,ji laiks jis fer yacket,Le gusta su chaqueta de piel.
My down coat is black.,/maɪ daʊn koʊt ɪz blæk/,main daun sout is black,Mi abrigo de plumón es negro.
This is a leather jacket.,/ðɪs ɪz ə ˈlɛðər ˈdʒækɪt/,dis is a leder yacket,Esta es una chaqueta de cuero.
Use a raincoat today.,/juːz ə ˈreɪnkoʊt təˈdeɪ/,ius a reinsout today,Usa un impermeable hoy.
This jacket is waterproof.,/ðɪs ˈdʒækɪt ɪz ˈwɔːtərpruːf/,dis yacket is uóterpruf,Esta chaqueta es impermeable.
I wear a blue shirt.,/aɪ wer ə bluː ʃɜːrt/,ai uer a blu shert,Llevo una camisa azul.
These pants are big.,/ðiːz pænts ɑːr bɪg/,dis pants ar big,Estos pantalones son grandes.
She likes blue jeans.,/ʃiː laɪks bluː dʒiːnz/,shi laiks blu yins,A ella le gustan los vaqueros azules.
He wears a suit jacket.,/hiː werz ə suːt ˈdʒækɪt/,ji uers a sut yacket,Él lleva una chaqueta de traje.
His suit is black.,/hɪz suːt ɪz blæk/,jis sut is black,Su traje es negro.
Her dress is red.,/hɜːr drɛs ɪz rɛd/,jer dres is red,Su vestido es rojo.
I have a long skirt.,/aɪ hæv ə lɔːŋ skɜːrt/,ai jav a long skert,Tengo una falda larga.
This blouse is white.,/ðɪs blaʊs ɪz waɪt/,dis blaus is uáit,Esta blusa es blanca.
She wears a knitted jacket.,/ʃiː wɛərz ə ˈnɪtɪd ˈdʒækɪt/,shi uers a nitid yacket.,Ella lleva una chaqueta de punto.
I like this blue T-shirt.,/aɪ laɪk ðɪs bluː ˈtiː ʃɜːt/,ai laik dis blu ti shert.,Me gusta esta camiseta azul.
He wears shorts in summer.,/hiː wɛərz ʃɔːts ɪn ˈsʌmə/,ji uers shorts in samer.,Él lleva pantalones cortos en verano.
My tracksuit is red.,/maɪ ˈtræksuːt ɪz rɛd/,mai tracksuit is red.,Mi chándal es rojo.
He puts on a bathrobe.,/hiː pʊts ɒn ə ˈbɑːθrəʊb/,ji puts on a badhrob.,Él se pone un albornoz.
I wear pajamas at night.,/aɪ wɛə pəˈdʒɑːməz æt naɪt/,ai uer payamas at nait.,Llevo pijama por la noche.
The sweater is warm.,/ðə ˈswɛtər ɪz wɔːm/,de sweater is uorm.,El suéter es cálido.
Buy a new pullover.,/baɪ ə njuː ˈpʊləʊvə/,bai a niu pulover.,Compra un pulóver nuevo.
This vest is black.,/ðɪs vɛst ɪz blæk/,dis vest is black.,Este chaleco es negro.
His tailcoat is long.,/hɪz ˈteɪlkəʊt ɪz lɒŋ/,jis tailcoat is long.,Su frac es largo.
He wears a tuxedo.,/hiː wɛərz ə tʌkˈsiːdəʊ/,ji uers a tuxedo.,Él lleva un esmoquin.
She wears a uniform.,/ʃiː wɛərz ə ˈjuːnɪfɔːm/,shi uers a uniform.,Ella lleva un uniforme.
This is my workwear.,/ðɪs ɪz maɪ ˈwɜːkweə/,dis is mai workuear.,Esta es mi ropa de trabajo.
He wears blue overalls.,/hiː wɛəz bluː ˈəʊvərɔːlz/,ji uers blu overalls.,Él lleva un pantalón azul.
The doctor wears a coat.,/ðə ˈdɒktə wɛəz ə kəʊt/,de doctor uers a coat.,El médico lleva una bata.
I need new underwear.,/aɪ niːd njuː ˈʌndəweə/,ai nid niu underwear.,Necesito ropa interior nueva.
These are his boxers.,/ðiːz ɑː hɪz ˈbɒksəz/,dis ar jis boxers.,Estos son sus calzoncillos.
She buys white panties.,/ʃiː baɪz waɪt ˈpæntiz/,shi bai uait panties.,Ella compra bragas blancas.
Wear an undershirt.,/weər ən ˈʌndəʃɜːt/,uear an undershirt.,Lleva una camiseta interior.
I wear white socks.,/aɪ weə waɪt sɒks/,ai uear uait socks.,Llevo calcetines blancos.
Her nightgown is pink.,/hɜː ˈnaɪtɡaʊn ɪz pɪŋk/,jer nightgown is pink.,Su camisón es rosa.
She needs a bra.,/ʃiː niːdz ə brɑː/,shi nidz a bra.,Ella necesita un sostén.
She wears knee highs.,/ʃiː wɛəz ˈniː haɪz/,shi uers ni hais.,Ella lleva medias hasta la rodilla.
The tights are black.,/ðə taɪts ɑː blæk/,de taits ar black.,Los leotardos son negros.
I like red stockings.,/aɪ laɪk rɛd ˈstɒkɪŋz/,ai laik red stockings.,Me gustan las medias rojas.
I have a blue bathing suit.,/aɪ hæv ə bluː beɪðɪŋ suːt/,ai jav a blu beiding suit.,Tengo un traje de baño azul.
He wears a big hat.,/hiː weəz ə bɪɡ hæt/,ji wers a big jat.,Él usa un sombrero grande.
She likes that old fedora.,/ʃiː laɪks ðæt əʊld fəˈdɔːrə/,shi laiks dat old fedora.,A ella le gusta ese fedora antiguo.
This is my baseball cap.,/ðɪs ɪz maɪ ˈbeɪsbɔːl kæp/,dis is mai beisbol cap.,Esta es mi gorra de béisbol.
He has a flat cap.,/hiː hæz ə flæt kæp/,ji jas a flat cap.,Él tiene una gorra plana.
The red beret is nice.,/ðə red bəˈreɪ ɪz naɪs/,de red beret is nais.,La boina roja es bonita.
Put on your hood.,/pʊt ɒn jɔː hʊd/,put on yur jujd.,Ponte tu capucha.
I see a panama hat.,/aɪ siː ə ˈpænəmə hæt/,ai si a panama jat.,Veo un sombrero panama.
My knitted hat is warm.,/maɪ ˈnɪtɪd hæt ɪz wɔːm/,mai knited jat is warm.,Mi gorro de punto es caliente.
She wears a headscarf.,/ʃiː weəz ə ˈhɛdskɑːf/,shi wers a jedscarf.,Ella lleva un pañuelo en la cabeza.
It is a women's hat.,/ɪt ɪz ə ˈwɪmɪnz hæt/,it is a uimins jat.,Es un sombrero de mujer.
He uses a hard hat.,/hiː ˈjuːzɪz ə hɑːd hæt/,ji yuses a hard jat.,Él usa un casco protector.
The garrison cap is green.,/ðə ˈgærɪsən kæp ɪz ɡriːn/,de garrison cap is grin.,La gorra militar es verde.
I need my helmet.,/aɪ niːd maɪ ˈhɛlmɪt/,ai nid mai jelmet.,Necesito mi casco.
He wears a black derby.,/hiː weəz ə blæk ˈdɑːbi/,ji wers a black derby.,Él usa un bombín negro.
His top hat is tall.,/hɪz tɒp hæt ɪz tɔːl/,jis top jat is tol.,Su sombrero de copa es alto.
I need new footwear.,/aɪ niːd njuː ˈfʊtweə/,ai nid niu futwuar.,Necesito calzado nuevo.
She has ankle boots.,/ʃiː hæz ˈæŋkəl buːts/,shi jas ankle boots.,Ella tiene botas al tobillo.
My shoes are low-heeled.,/maɪ ʃuːz ɑː ləʊ hiːld/,mai shus ar lo jild.,Mis zapatos son de tacón bajo.
These are cowboy boots.,/ðiːz ɑː ˈkaʊbɔɪ buːts/,dis ar kauboy boots.,Estas son botas de vaquero.
I wear slippers at home.,/aɪ weə ˈslɪpəz æt həʊm/,ai wer slipers at jom.,Uso pantuflas en casa.
We play tennis in shoes.,/wiː pleɪ ˈtɛnɪs ɪn ʃuːz/,ui plei tenis in shus.,Jugamos al tenis con zapatos.
I like my new sneakers.,/aɪ laɪk maɪ njuː ˈsniːkəz/,ai laik mai niu snikers.,Me gustan mis tenis nuevos.
He wears brown sandals.,/hiː weəz braʊn ˈsændəlz/,ji wers braun sandals.,Él usa sandalias marrones.
The cobbler fixes shoes.,/ðə ˈkɒblə ˈfɪksɪz ʃuːz/,de cobbler fixes shus.,El zapatero arregla zapatos.
The heel of my shoe is broken.,/ðə hiːl ɒv maɪ ʃuː ɪz ˈbrəʊkən/,de jiil ov mai shu is broken.,El tacón de mi zapato está roto.
I need a new pair of shoes.,/aɪ niːd ə njuː peər ɒv ʃuːz/,ai nid a niu peir ov shus.,Necesito un par de zapatos nuevo.
The shoestring is very long.,/ðə ˈʃuːstrɪŋ ɪz ˈvɛri lɒŋ/,de shustring is veri long.,El cordón del zapato es muy largo.
The shoestring is not very long.,/ðə ˈʃuːstrɪŋ ɪz nɒt ˈvɛri lɒŋ/,de shustring is not veri long.,El cordón del zapato no es muy largo.
Is the shoestring very long?,/ɪz ðə ˈʃuːstrɪŋ ˈvɛri lɒŋ/,is de shustring veri long?,¿Es el cordón del zapato muy largo?
How long is the shoestring?,/haʊ lɒŋ ɪz ðə ˈʃuːstrɪŋ/,jau long is de shústring?,¿De qué longitud es el cordón?
The shoestring was very long.,/ðə ˈʃuːstrɪŋ wɒz ˈvɛri lɒŋ/,de shustring guoz veri long.,El cordón del zapato era muy largo.
Please lace up your boots.,/pliːz leɪs ʌp jɔː buːts/,plis leis ap yur boots.,"Por favor, ata tus botas."
He uses a shoehorn for his shoes.,/hiː ˈjuːzɪz ə ˈʃuːhɔːn fɔː hɪz ʃuːz/,ji yuses a shuhorn for jis shus.,Él usa un calzador para sus zapatos.
Put the shoe polish on the shoe.,/pʊt ðə ʃuː pɒlɪʃ ɒn ðə ʃuː/,put de shu polish on de shu.,Pon el betún en el zapato.
This shirt is made of cotton.,/ðɪs ʃɜːt ɪz meɪd ɒv ˈkɒtən/,dis shert is meid ov cotón.,Esta camisa está hecha de algodón.
I like the cotton dress.,/aɪ laɪk ðə ˈkɒtən drɛs/,ai laik de cotón dres.,Me gusta el vestido de algodón.
The fabric comes from flax.,/ðə ˈfæbrɪk kʌmz frɒm flæks/,de fabric cams from flaks.,La tela viene del lino.
She wears a flax shirt.,/ʃiː weəz ə flæks ʃɜːt/,shi uers a flaks shert.,Ella lleva una camisa de lino.
The tie is made of silk.,/ðə taɪ ɪz meɪd ɒv sɪlk/,de tai is meid ov silk.,La corbata está hecha de seda.
She has a silk scarf.,/ʃiː hæz ə sɪlk skɑːf/,shi jas a silk scarf.,Ella tiene un pañuelo de seda.
My sweater is made of wool.,/maɪ ˈswɛtə ɪz meɪd ɒv wʊl/,mai sweater is meid ov wool.,Mi suéter está hecho de lana.
It is a woolen coat.,/ɪt ɪz ə ˈwʊlən kəʊt/,it is a woolen coat.,Es un abrigo de lana.
The chair is made of velvet.,/ðə ʧeə ɪz meɪd ɒv ˈvɛlvɪt/,de cheir is meid ov velvet.,La silla está hecha de terciopelo.
He likes suede shoes.,/hiː laɪks sweɪd ʃuːz/,ji laiks suede shus.,A él le gustan los zapatos de ante.
These pants are corduroy.,/ðiːz pænts ɑː ˈkɔːdərɔɪ/,dis pants ar corduroy.,Estos pantalones son de pana.
The bag is made of nylon.,/ðə bæg ɪz meɪd ɒv ˈnaɪlɒn/,de bag is meid ov nailon.,La bolsa está hecha de nailon.
She wears nylon stockings.,/ʃiː weəz ˈnaɪlɒn ˈstɒkɪŋz/,shi uers nailon stockings.,Ella usa medias de nailon.
This shirt is one hundred percent polyester.,/ðɪs ʃɜːt ɪz wʌn ˈhʌndrəd pəˈsɛnt ˈpɒlɪɛstə/,dis shert is uan jandred persént polyester.,Esta camisa es cien por ciento poliéster.
It is a polyester suit.,/ɪt ɪz ə ˈpɒlɪɛstə suːt/,it is a polyester suit.,Es un traje de poliéster.
My shoes are made of leather.,/maɪ ʃuːz ɑː meɪd ɒv ˈlɛðə/,mai shus ar meid ov leder.,Mis zapatos están hechos de cuero.
He has a leather jacket.,/hiː hæz ə ˈlɛðə ˈʒækɪt/,ji jas a leder yacket.,Él tiene una chaqueta de cuero.
The cat has soft fur.,/ðə kæt hæz sɒft fɜː/,de cat jas soft fer.,El gato tiene pelaje suave.
She wears a fur coat.,/ʃiː weəz ə fɜː kəʊt/,shi uers a fer coat.,Ella lleva un abrigo de piel.
I wear gloves in winter.,/aɪ weər ɡlʌvz ɪn ˈwɪntə/,ai wer glavz in winter.,Uso guantes en invierno.
My mittens are red.,/maɪ ˈmɪtənz ɑː rɛd/,mai mitens ar red.,Mis mitones son rojos.
She has a blue scarf.,/ʃiː hæz ə bluː skɑːf/,shi jas a blu scarf.,Ella tiene una bufanda azul.
She does not have a blue scarf.,/ʃiː dʌz nɒt hæv ə bluː skɑːf/,shi daz not jav a blu scarf.,Ella no tiene una bufanda azul.
Does she have a blue scarf?,/dʌz ʃiː hæv ə bluː skɑːf/,daz shi jav a blu scarf?,¿Ella tiene una bufanda azul?
Who has a blue scarf?,/huː hæz ə bluː skɑːf/,ju jaz a blu scarf?,¿Quién tiene una bufanda azul?
She had a blue scarf.,/ʃiː hæd ə bluː skɑːf/,shi jad a blu scarf.,Ella tenía una bufanda azul.
He wears glasses.,/hiː weəz ˈɡlɑːsɪz/,ji wer glases.,Él usa lentes.
The frame is black.,/ðə freɪm ɪz blæk/,de freim is black.,El marco es negro.
I have an umbrella.,/aɪ hæv ən ʌmˈbrɛlə/,ai jav an um brela.,Tengo un paraguas.
He uses a walking stick.,/hiː ˈjuːzɪz ə ˈwɔːkɪŋ stɪk/,ji yusis a uoking stick.,Él usa un bastón.
I need a hairbrush.,/aɪ niːd ə ˈheəbrʌʃ/,ai nid a jearbrash.,Necesito un cepillo para el cabello.
The fan is fast.,/ðə fæn ɪz fɑːst/,de fan is fast.,El ventilador es rápido.
He wears a necktie.,/hiː weəz ə ˈnɛktaɪ/,ji wer a nektai.,Él usa una corbata.
I like the bow tie.,/aɪ laɪk ðə ˈbaʊ taɪ/,ai laik de bow tai.,Me gusta la corbata de lazo.
He wears suspenders.,/hiː weəz səˈspɛndəz/,ji wer suspenders.,Él usa tirantes.
This is a handkerchief.,/ðɪs ɪz ə ˈhæŋkətʃiːf/,dis is a jankertshif.,Este es un pañuelo.
Use the comb.,/juːz ðə kəʊm/,yus de com.,Usa el peine.
She wears a barrette.,/ʃiː weəz ə bəˈrɛt/,shi wer a barett.,Ella usa una horquilla.
I lost a hairpin.,/aɪ lɒst ə ˈheəpɪn/,ai lost a jearpin.,Perdí un horquillo.
The buckle is gold.,/ðə ˈbʌkəl ɪz ɡəʊld/,de bakel is gould.,La hebilla es dorada.
My belt is brown.,/maɪ bɛlt ɪz braʊn/,mai belt is braun.,Mi cinturón es marrón.
The shoulder strap is long.,/ðə ˈʃəʊldə stræp ɪz lɒŋ/,de sholder strap is long.,La correa del hombro es larga.
This is my bag.,/ðɪs ɪz maɪ bæɡ/,dis is mai bag.,Este es mi bolso.
She has a purse.,/ʃiː hæz ə pɜːs/,shi jas a purs.,Ella tiene un monedero.
She doesn't have a purse.,/ʃiː ˈdʌznt hæv ə pɜːs/,shi dasent jav a purs.,Ella no tiene un monedero.
Does she have a purse?,/dʌz ʃiː hæv ə pɜːs/,das shi jav a purs?,¿Ella tiene un monedero?
Whose purse is it?,/huːz pɜːs ɪz ɪt/,jus purs is it?,¿De quién es el monedero?
She had a purse.,/ʃiː hæd ə pɜːs/,shi jad a purs.,Ella tenía un monedero.
I use a backpack.,/aɪ juːz ə ˈbækpæk/,ai yus a bakkpak.,Uso una mochila.
I like fashion.,/aɪ laɪk ˈfæʃən/,ai laik fashon.,Me gusta la moda.
I don't like fashion.,/aɪ dəʊnt laɪk ˈfæʃən/,ai dont laik fashon.,No me gusta la moda.
Do you like fashion?,/duː juː laɪk ˈfæʃən/,du iu laik fashon?,¿Te gusta la moda?
What kind of fashion do you like?,/wɒt kaɪnd ɒv ˈfæʃn duː juː laɪk/,uot kaind ov fashan du iu laik?,¿Qué tipo de moda te gusta?
I liked fashion.,/aɪ laɪkt ˈfæʃən/,ai laikt fashon.,Me gustaba la moda.
This style is in vogue.,/ðɪs staɪl ɪz ɪn vəʊɡ/,dis stail is in vog.,Este estilo está de moda.
He is a fashion designer.,/hiː ɪz ə ˈfæʃən dɪˈzaɪnə/,ji is a fashon disainer.,Él es diseñador de moda.
The shirt has a white collar.,/ðə ʃɜːt hæz ə waɪt ˈkɒlə/,de shert jas ə wáit cóler,La camisa tiene un cuello blanco.
I put keys in my pocket.,/aɪ pʊt kiːz ɪn maɪ ˈpɒkɪt/,ai put kís in mai pákit,Pongo las llaves en mi bolsillo.
This is a small pocket book.,/ðɪs ɪz ə smɔːl ˈpɒkɪt bʊk/,dis is ə smól pákit buk,Este es un libro de bolsillo.
The sleeve is too long.,/ðə sliːv ɪz tuː lɒŋ/,de sliiv is tu long,La manga es muy larga.
Use the hanging loop on the shirt.,/juːz ðə ˈhæŋɪŋ luːp ɒn ðə ʃɜːt/,yus de jángin lup on de shert,Usa el lazo para colgar de la camisa.
The fly is open.,/ðə flaɪ ɪz ˈəʊpən/,de flai is óupen,La bragueta está abierta.
Please fix the zipper.,/pliːz fɪks ðə ˈzɪpə/,plís fiks de zíper,Por favor arregla el cierre.
This coat has a metal fastener.,/ðɪs kəʊt hæz ə ˈmɛtl ˈfɑːsənə/,dis cóut jas ə méttal fáisener,Este abrigo tiene un broche de metal.
There is a red button.,/ðeər ɪz ə rɛd ˈbʌtn/,der is ə red báton,Hay un botón rojo.
Put the button in the buttonhole.,/pʊt ðə ˈbʌtn ɪn ðə ˈbʌtnˌhəʊl/,put de báton in de bátonjól,Pon el botón en el ojal.
The button came off.,/ðə ˈbʌtn keɪm ɒf/,de báton kéim of,El botón se cayó.
I can sew a dress.,/aɪ kæn səʊ ə drɛs/,ai ken sóu ə dres,Puedo coser un vestido.
She likes to embroider flowers.,/ʃiː laɪks tuː ɪmˈbrɔɪdə flaʊəz/,shi laiks tu imbróider fláuers,A ella le gusta bordar flores.
The embroidery is beautiful.,/ðɪ ɪmˈbrɔɪdəri ɪz ˈbjuːtɪfʊl/,de imbróideri is biútiful,El bordado es hermoso.
I need a sewing needle.,/aɪ niːd ə ˈsəʊɪŋ ˈniːdl/,ai nid ə sóuín nidl,Necesito una aguja de coser.
Use this black thread.,/juːz ðɪs blæk θrɛd/,yus dis blak zred,Usa este hilo negro.
The seam is strong.,/ðə siːm ɪz strɒŋ/,de sim is strong,La costura es fuerte.
My shirt gets dirty.,/maɪ ʃɜːt gɛts ˈdɜːti/,mai shert gets dérti,Mi camisa se ensucia.
There is a stain on the cloth.,/ðeər ɪz ə steɪn ɒn ðə klɒθ/,der is ə stein on de kloz,Hay una mancha en la tela.
Do not crease the paper.,/duː nɒt kriːs ðə ˈpeɪpə/,du not crís de peiper,No arrugues el papel.
I tear the paper.,/aɪ teə ðə ˈpeɪpə/,ai teer de peiper,Rasgo el papel.
The clothes moth eats the wool.,/ðə kləʊðz mɒθ iːts ðə wʊl/,de clóuzs mos its de wul,La polilla de la ropa come la lana.
Use the toothpaste.,/juːz ðə ˈtuːθpeɪst/,yus de túspeist,Usa la pasta de dientes.
My toothbrush is blue.,/maɪ ˈtuːθbrʌʃ ɪz bluː/,mai túsbrash is blú,Mi cepillo de dientes es azul.
I brush my teeth.,/aɪ brʌʃ maɪ tiːθ/,ai brash mai tís,Me cepillo los dientes.
I need a new razor.,/aɪ niːd ə njuː ˈreɪzə/,ai nid a niu reisor.,Necesito una nueva rasuradora.
He uses shaving cream.,/hiː juːzɪz ˈʃeɪvɪŋ kriːm/,ji yusis sheivink krim.,Él usa crema de afeitar.
He shaves every day.,/hiː ʃeɪvz ˈɛvri deɪ/,ji sheivs evri dei.,Él se afeita todos los días.
Please wash with soap.,/pliːz wɒʃ wɪð səʊp/,plis guash wid sop.,Por favor lávese con jabón.
She buys shampoo.,/ʃiː baɪz ʃæmˈpuː/,shi bais shampu.,Ella compra champú.
Use the scissors.,/juːz ðə ˈsɪzəz/,yus de sisors.,Usa las tijeras.
This is a nail file.,/ðɪs ɪz ə neɪl faɪl/,dis is a neil fail.,Esto es una lima de uñas.
I use nail clippers.,/aɪ juːz neɪl ˈklɪpəz/,ai yus neil clippers.,Uso un cortaúñas.
She uses tweezers.,/ʃiː juːzɪz ˈtwiːzəz/,shi yusis twisors.,Ella usa pinzas.
She likes cosmetics.,/ʃiː laɪks kɒzˈmɛtɪks/,shi laiks kosmetiks.,A ella le gustan los cosméticos.
He wears a face mask.,/hiː weəz ə feɪs mɑːsk/,ji uers a feis mask.,Él usa una mascarilla facial.
She gets a manicure.,/ʃiː gɛts ə ˈmænɪkjʊə/,shi gets a manicur.,Ella se hace una manicura.
I like a pedicure.,/aɪ laɪk ə ˈpɛdɪkjʊə/,ai laik a pedicur.,Me gusta la pedicura.
I do not like a pedicure.,/aɪ dʊ nɒt laɪk ə ˈpɛdɪkjʊə/,ai du not laik a pedicur.,No me gusta la pedicura.
Do you like a pedicure?,/duː juː laɪk ə ˈpɛdɪkjʊə/,du iu laik a pedicur?,¿Te gusta la pedicura?
How often do you get a pedicure?,/haʊ ˈɒfən duː juː ɡɛt ə ˈpɛdɪkjʊə/,jau ofen du iu guet a pedicur?,¿Con qué frecuencia te haces una pedicura?
I liked a pedicure.,/aɪ laɪkt ə ˈpɛdɪkjʊə/,ai laikt a pedicur.,Me gustó la pedicura.
This is a make-up bag.,/ðɪs ɪz ə meɪk ʌp bæg/,dis is a meik ap bag.,Este es un bolso de maquillaje.
She uses face powder.,/ʃiː juːzɪz feɪs ˈpaʊdə/,shi yusis feis pauder.,Ella usa polvos faciales.
I have a powder compact.,/aɪ hæv ə ˈpaʊdə ˈkɒmpækt/,ai jav a pauder compact.,Tengo un polvo compacto.
She puts on blusher.,/ʃiː pʊts ɒn ˈblʌʃə/,shi puts on blasher.,Ella se pone rubor.
I like this perfume.,/aɪ laɪk ðɪs pəˈfjuːm/,ai laik dis perfium.,Me gusta este perfume.
I do not like this perfume.,/aɪ dʊ nɒt laɪk ðɪs pəˈfjuːm/,ai du not laik dis perfium.,No me gusta este perfume.
Do you like this perfume?,/duː juː laɪk ðɪs pəˈfjuːm/,du iu laik dis perfium?,¿Te gusta este perfume?
Where did you buy this perfume?,/weə dɪd juː baɪ ðɪs pəˈfjuːm/,güer did iu bai dis perfium?,¿Dónde compraste este perfume?
I liked this perfume.,/aɪ laɪkt ðɪs pəˈfjuːm/,ai laikt dis perfium.,Me gustó este perfume.
Use the lotion.,/juːz ðə ˈləʊʃən/,yus de loshon.,Usa la loción.
He wears cologne.,/hiː weəz kəˈləʊn/,ji uers kolon.,Él usa colonia.
She wears eyeshadow.,/ʃiː weəz ˈaɪˌʃædəʊ/,shi uers aishedou.,Ella usa sombra de ojos.
Use black eyeliner.,/juːz blæk ˈaɪˌlaɪnə/,yus blak ailainer.,Usa delineador negro.
She puts on mascara.,/ʃiː pʊts ɒn mæsˈkɑːrə/,shi puts on mascara.,Ella se pone rimel.
She wears red lipstick.,/ʃiː weəz rɛd ˈlɪpstɪk/,shi uers red lipstick.,Ella usa lápiz de labios rojo.
She likes nail polish.,/ʃiː laɪks neɪl ˈpɒlɪʃ/,shi laiks neil polish.,A ella le gusta el esmalte de uñas.
I use hair spray.,/aɪ juːz hɛə spreɪ/,ai yus jair esprei.,Uso laca para el pelo.
She needs deodorant.,/ʃiː niːdz ˈdiːəʊdərənt/,shi nidz dioderant.,Ella necesita desodorante.
This is a cream.,/ðɪs ɪz ə kriːm/,dis is a krim.,Esta es una crema.
He buys face cream.,/hiː baɪz feɪs kriːm/,ji bais feis krim.,Él compra crema facial.
I like hand cream.,/aɪ laɪk hænd kriːm/,ai laik jand krim.,Me gusta la crema de manos.
It is anti-wrinkle cream.,/ɪt ɪz ˈæntɪ rɪŋkəl kriːm/,it is antI rinkol krim.,Es crema antiarrugas.
Use this day cream.,/juːz ðɪs deɪ kriːm/,yus dis dei krim.,Usa esta crema de día.
She uses night cream.,/ʃiː juːzɪz naɪt kriːm/,shi yusis nait krim.,Ella usa crema de noche.
I like day time.,/aɪ laɪk deɪ taɪm/,ai laik dei taim.,Me gusta el día.
I do not like day time.,/aɪ dʊ nɒt laɪk deɪ taɪm/,ai du not laik dei taim.,No me gusta el día.
Do you like day time?,/duː juː laɪk deɪ taɪm/,du iu laik dei taim?,¿Te gusta el día?
What do you do in the day time?,/wɒt duː juː duː ɪn ðə deɪ taɪm/,guot du iu du in de dei taim?,¿Qué haces durante el día?
I liked day time.,/aɪ laɪkt deɪ taɪm/,ai laikt dei taim.,Me gustaba el día.
It is a night bus.,/ɪt ɪz ə naɪt bʌs/,it is a nait bas.,Es un autobús nocturno.
She buys a tampon.,/ʃiː baɪz ə ˈtæmpɒn/,shi bais a tampon.,Ella compra un tampón.
We need toilet paper.,/wiː niːd ˈtɔɪlɪt ˈpeɪpə/,ui nid toilet peiper.,Necesitamos papel higiénico.
Use the hair dryer.,/juːz ðə hɛə draɪə/,yus de jair draier.,Usa el secador de pelo.
She likes jewelry.,/ʃiː laɪks ˈdʒuːəlri/,shi laiks yuelri.,A ella le gustan las joyas.
It is a precious stone.,/ɪt ɪz ə ˈprɛʃəs stəʊn/,it is a preshios ston.,Es una piedra preciosa.
See the hallmark.,/siː ðə ˈhɔːlmɑːk/,si de jolmark.,Mira la marca de la plata.
I have a ring.,/aɪ hæv ə rɪŋ/,ai jav a ring.,Tengo un anillo.
This is a wedding ring.,/ðɪs ɪz ə ˈwɛdɪŋ rɪŋ/,dis is a ueding ring.,Este es un anillo de bodas.
She wears a bracelet.,/ʃiː wɛəz ə ˈbreɪslɪt/,shi uers a braislet.,Ella lleva una pulsera.
I buy earrings.,/aɪ baɪ ˈɪərɪŋz/,ai bais irings.,Compro pendientes.
She has a necklace.,/ʃiː hæz ə ˈnɛklɪs/,shi jas a neklis.,Ella tiene un collar.
She doesn't have a necklace.,/ʃiː ˈdʌznt hæv ə ˈnɛklɪs/,shi dasent jav a neklis.,Ella no tiene un collar.
Does she have a necklace?,/dʌz ʃiː hæv ə ˈnɛklɪs/,das shi jav a neklis?,¿Ella tiene un collar?
What color is her necklace?,/wɒt ˈkʌlər ɪz hɜːr ˈnɛklɪs/,wot kaler is jer neklis?,¿De qué color es su collar?
She had a necklace.,/ʃiː hæd ə ˈnɛklɪs/,shi jad a neklis.,Ella tenía un collar.
The king has a crown.,/ðə kɪŋ hæz ə kraʊn/,de king jas a krawn.,El rey tiene una corona.
It is a bead necklace.,/ɪt ɪz ə biːd ˈnɛklɪs/,it is a bid neklis.,Es un collar de cuentas.
I see a diamond.,/aɪ siː ə ˈdaɪəmənd/,ai si a daimond.,Veo un diamante.
She loves emerald.,/ʃiː lʌvz ˈɛmərəld/,shi lavs emerald.,A ella le gusta la esmeralda.
The ruby is very red.,/ðə ˈruːbi ɪz ˈvɛri rɛd/,de ruby is beri red.,El rubí es muy rojo.
The ruby is not very red.,/ðə ˈruːbi ɪz nɒt ˈvɛri rɛd/,de ruby is not veri red.,El rubí no es muy rojo.
Is the ruby very red?,/ɪz ðə ˈruːbi ˈvɛri rɛd/,is de ruby veri red?,¿Es el rubí muy rojo?
How red is the ruby?,/haʊ rɛd ɪz ðə ˈruːbi/,jau red is de ruby?,¿Qué tan rojo es el rubí?
The ruby was very red.,/ðə ˈruːbi wɒz ˈvɛri rɛd/,de ruby guoz veri red.,El rubí era muy rojo.
I like the blue sapphire.,/aɪ laɪk ðə bluː ˈsæfaɪər/,ai laik de blu sapphire.,Me gusta el zafiro azul.
She has a pearl necklace.,/ʃi hæz ə pɜːrl ˈnɛkləs/,shi jas a pearl nekles.,Ella tiene un collar de perlas.
The amber is yellow.,/ðə ˈæmbər ɪz ˈjɛloʊ/,de amber is yelow.,El ámbar es amarillo.
He wears a black watch.,/hi wɛərz ə blæk wɒtʃ/,ji uers a black guatch.,Él lleva un reloj negro.
The dial is white.,/ðə ˈdaɪəl ɪz waɪt/,de dail is uait.,La esfera del reloj es blanca.
The hand moves fast.,/ðə hænd muːvz fæst/,de hand muvs fast.,La aguja se mueve rápido.
This is a metal watch band.,/ðɪs ɪz ə ˈmɛtl wɒtʃ bænd/,dis is a metal guatch band.,Esta es una correa de metal.
The watch strap is brown.,/ðə wɒtʃ stræp ɪz braʊn/,de guatch strap is braun.,La correa del reloj es marrón.
The battery is small.,/ðə ˈbætri ɪz smɔːl/,de bateri is smol.,La batería es pequeña.
The battery is dead.,/ðə ˈbætri ɪz dɛd/,de bateri is ded.,La batería está muerta.
I change the battery.,/aɪ tʃeɪndʒ ðə ˈbætri/,ai cheinch de bateri.,Yo cambio la batería.
The dog runs fast.,/ðə dɒg rʌnz fæst/,de dog rans fast.,El perro corre rápido.
The old clock runs slow.,/ðə oʊld klɒk rʌnz sloʊ/,de old clok rans slow.,El reloj viejo va lento.
The wall clock is big.,/ðə wɔːl klɒk ɪz bɪg/,de uol clok is big.,El reloj de pared es grande.
Look at the hourglass.,/lʊk æt ðə ˈaʊərɡlæs/,luk at de auerglass.,Mira el reloj de arena.
The sundial is in the garden.,/ðə ˈsʌndaɪəl ɪz ɪn ðə ˈɡɑːrdn/,de sundial is in de garden.,El reloj de sol está en el jardín.
My alarm clock rings.,/maɪ əˈlɑːrm klɒk rɪŋz/,mai alarm clok rings.,Mi despertador suena.
The watchmaker is nice.,/ðə ˈwɒtʃˌmeɪkər ɪz naɪs/,de guatchmeiker is nais.,El relojero es amable.
He can repair the car.,/hi kæn rɪˈpɛər ðə kɑːr/,ji can riper de car.,Él puede reparar el coche.
I eat meat for dinner.,/aɪ iːt miːt fɔːr ˈdɪnər/,ai it mit for dinner.,Como carne para la cena.
The chicken is in the yard.,/ðə ˈtʃɪkɪn ɪz ɪn ðə jɑːrd/,de chiken is in de yard.,El pollo está en el patio.
The young chicken eats corn.,/ðə jʌŋ ˈtʃɪkɪn iːts kɔːrn/,de yang chiken its corn.,El pollo joven come maíz.
The duck swims in the lake.,/ðə dʌk swɪmz ɪn ðə leɪk/,de duck swims in de leik.,El pato nada en el lago.
The goose is white.,/ðə ɡuːs ɪz waɪt/,de gus is uait.,El ganso es blanco.
I like this game.,/aɪ laɪk ðɪs ɡeɪm/,ai laik dis geim.,Me gusta este juego.
I don't like this game.,/aɪ dəʊnt laɪk ðɪs ɡeɪm/,ai dont laik dis geim.,No me gusta este juego.
Do you like this game?,/duː juː laɪk ðɪs ɡeɪm/,du iu laik dis geim?,¿Te gusta este juego?
When do you play this game?,/wɛn duː juː pleɪ ðɪs ɡeɪm/,wen du iu plei dis geim?,¿Cuándo juegas a este juego?
I liked this game.,/aɪ laɪkt ðɪs ɡeɪm/,ai laikt dis geim.,Me gustó este juego.
We eat turkey.,/wiː iːt ˈtɜːki/,ui iit terki.,Nosotros comemos pavo.
He cooks pork.,/hiː kʊks pɔːk/,ji cooks pork.,Él cocina cerdo.
She likes veal.,/ʃiː laɪks viːl/,shi laiks vil.,A ella le gusta el ternera.
It is lamb.,/ɪt ɪz læm/,it iz lam.,Es cordero.
I eat beef.,/aɪ iːt biːf/,ai iit bif.,Como carne de res.
The rabbit runs.,/ðə ˈræbɪt rʌnz/,de rabbit rans.,El conejo corre.
I want a sausage.,/aɪ wɒnt ə ˈsɒsɪdʒ/,ai uant a sosich.,Quiero un salchicha.
It is a vienna sausage.,/ɪt ɪz ə viːˈænə ˈsɒsɪdʒ/,it iz a viena sosich.,Es una salchicha de Viena.
I like bacon.,/aɪ laɪk ˈbeɪkən/,ai laik beicon.,Me gusta el tocino.
This is ham.,/ðɪs ɪz hæm/,dis is jam.,Esto es jamón.
He buys gammon.,/hiː baɪz ˈɡæmən/,ji bais gamon.,Él compra jamón curado.
I eat pâté.,/aɪ iːt ˈpæteɪ/,ai iit patei.,Como pastel de carne.
The liver is red.,/ðə ˈlɪvər ɪz rɛd/,de liver is red.,El hígado es rojo.
We use lard.,/wiː juːz lɑːd/,ui yus lard.,Nosotros usamos manteca.
It is ground beef.,/ɪt ɪz ɡraʊnd biːf/,it is graund bif.,Es carne molida.
My tongue hurts.,/maɪ tʌŋ hɜːts/,mai tang jerts.,Me duele la lengua.
I have an egg.,/aɪ hæv ən ɛɡ/,ai jav an eg.,Tengo un huevo.
I like eggs.,/aɪ laɪk ɛɡz/,ai laik eggs.,Me gustan los huevos.
I don't like eggs.,/aɪ dəʊnt laɪk ɛɡz/,ai dount laik eggs.,No me gustan los huevos.
Do you like eggs?,/duː juː laɪk ɛɡz/,du iu laik eggs?,¿Te gustan los huevos?
How do you like your eggs?,/haʊ duː juː laɪk jɔːr ɛɡz/,jao du iu laik ior eggs?,¿Cómo te gustan los huevos?
I liked eggs.,/aɪ laɪkt ɛɡz/,ai laikt eggs.,Me gustaban los huevos.
This is an egg white.,/ðɪs ɪz ən ɛɡ waɪt/,dis is an eg uait.,Esto es una clara de huevo.
The egg yolk is yellow.,/ðə ɛɡ jəʊk ɪz ˈjɛləʊ/,de eg yolk is ielou.,La yema de huevo es amarilla.
I eat fish.,/aɪ iːt fɪʃ/,ai iit fish.,Como pescado.
We like seafood.,/wiː laɪk ˈsiːfuːd/,ui laik sifud.,Nos gusta el marisco.
I eat caviar.,/aɪ iːt ˈkæviɑː/,ai iat caviar.,Como caviar.
I see a crab.,/aɪ siː ə kræb/,ai si a crab.,Veo un cangrejo.
I like to eat shrimp.,/aɪ laɪk tuː iːt ʃrɪmp/,ai laik tu it shrimp.,Me gusta comer camarones.
This oyster is very big.,/ðɪs ɔɪstər ɪz ˈvɛri bɪɡ/,dis oister is veri big.,Esta ostra es muy grande.
This oyster is not very big.,/ðɪs ɔɪstər ɪz nɒt ˈvɛri bɪɡ/,dis oister is not veri big.,Esta ostra no es muy grande.
Is this oyster very big?,/ɪz ðɪs ɔɪstər ˈvɛri bɪɡ/,is dis oister veri big?,¿Es esta ostra muy grande?
Where is this oyster?,/weər ɪz ðɪs ɔɪstər/,güer is dis oister?,¿Dónde está esta ostra?
This oyster was very big.,/ðɪs ɔɪstər wɒz ˈvɛri bɪɡ/,dis oister guoz veri big.,Esta ostra era muy grande.
Please give me some water.,/pliːz ɡiːv miː sʌm ˈwɔːtər/,pliz giv mi som uater.,Por favor dame un poco de agua.
This is drinking water.,/ðɪs ɪz ˈdrɪŋkɪŋ ˈwɔːtər/,dis is drinquin uater.,Esto es agua potable.
I drink mineral water.,/aɪ drɪŋk ˈmɪnərəl ˈwɔːtər/,ai drinck mineral uater.,Bebo agua mineral.
I want still water.,/aɪ wɒnt stɪl ˈwɔːtər/,ai uant still uater.,Quiero agua sin gas.
This water is carbonated.,/ðɪs ˈwɔːtər ɪz ˈkɑːrbəneɪtɪd/,dis uater is carbonated.,Esta agua tiene gas.
She likes sparkling water.,/ʃiː laɪks ˈspɑːrklɪŋ ˈwɔːtər/,shi laiks sparkling uater.,A ella le gusta el agua con gas.
Please add some ice.,/pliːz æd sʌm aɪs/,pliz ad som ais.,Por favor pon un poco de hielo.
I want water with ice.,/aɪ wɒnt ˈwɔːtər wɪð aɪs/,ai uant uater uiz ais.,Quiero agua con hielo.
This is a non-alcoholic drink.,/ðɪs ɪz ə ˌnɒnˌælkəˈhɒlɪk drɪŋk/,dis is a non-alcoholic drink.,Esta es una bebida sin alcohol.
Do you want a soft drink?,/duː juː wɒnt ə sɒft drɪŋk/,du yu uant a soft drink?,¿Quieres una bebida?
I drink cold lemonade.,/aɪ drɪŋk kəʊld lɛməˈneɪd/,ai drinck cold lemonade.,Bebo limonada fría.
He likes liquor.,/hiː laɪks ˈlɪkər/,ji laiks licor.,A él le le gusta el licor.
The wine is red.,/ðə waɪn ɪz rɛd/,de uain is red.,El vino es tinto.
I drink white wine.,/aɪ drɪŋk waɪt waɪn/,ai drinck juit uain.,Bebo vino blanco.
She likes red wine.,/ʃiː laɪks rɛd waɪn/,shi laiks red uain.,A ella le gusta el vino tinto.
This is whisky.,/ðɪs ɪz ˈwɪski/,dis is uiski.,Esto es whisky.
Do you like vodka?,/duː juː laɪk ˈvɒdkə/,du yu laik vodka?,¿Te gusta el vodka?
I like coffee.,/aɪ laɪk ˈkɒfi/,ai laik coffee.,Me gusta el café.
I don't like coffee.,/aɪ dəʊnt laɪk ˈkɒfi/,ai dount laik coffee.,No me gusta el café.
Do you like coffee?,/duː juː laɪk ˈkɒfi/,du iu laik coffee?,¿Te gusta el café?
Why do you like coffee?,/waɪ duː juː laɪk ˈkɒfi/,uai du iu laik coffee?,¿Por qué te gusta el café?
I liked coffee.,/aɪ laɪkt ˈkɒfi/,ai laikt coffee.,Me gustaba el café.
He drinks black coffee.,/hiː drɪŋks blæk ˈkɒfi/,ji drincks black coffee.,Él bebe café solo.
Please pour some tea.,/pliːz pɔːr sʌm tiː/,pliz por som ti.,Por favor sirve un poco de té.
I drink green tea.,/aɪ drɪŋk ɡriːn tiː/,ai drinck grin ti.,Bebo té verde.
This juice is sweet.,/ðɪs dʒuːs ɪz swiːt/,dis yus is swit.,Este jugo es dulce.
I want orange juice.,/aɪ wɒnt ˈɒrɪndʒ dʒuːs/,ai uant orin yus.,Quiero jugo de naranja.
I like beer.,/aɪ laɪk bɪə/,ai laik bia.,Me gusta la cerveza.
I don't like beer.,/aɪ dəʊnt laɪk bɪə/,ai dount laik bia.,No me gusta la cerveza.
Do you like beer?,/duː juː laɪk bɪə/,du iu laik bia?,¿Te gusta la cerveza?
What kind of beer do you like?,/wɒt kaɪnd ɒv bɪə duː juː laɪk/,uot kaind ov bia du iu laik?,¿Qué tipo de cerveza te gusta?
I liked beer.,/aɪ laɪkt bɪə/,ai laikt bia.,Me gustaba la cerveza.
I eat vegetables every day.,/aɪ iːt ˈvɛdʒtəbəlz ˈɛvri deɪ/,ai iit vedchetabls evri dei.,Como verduras todos los días.
I like greens.,/aɪ laɪk ɡriːnz/,ai laik grins.,Me gustan las verduras de hoja.
I don't like greens.,/aɪ dəʊnt laɪk ɡriːnz/,ai dount laik grins.,No me gustan las verduras de hoja.
Do you like greens?,/duː juː laɪk ɡriːnz/,du iu laik grins?,¿Te gustan las verduras de hoja?
Why do you like greens?,/waɪ duː juː laɪk ɡriːnz/,uai du iu laik grins?,¿Por qué te gustan las verduras de hoja?
I liked greens.,/aɪ laɪkt ɡriːnz/,ai laikt grins.,Me gustaban las verduras de hoja.
This is a tomato.,/ðɪs ɪz ə təˈmɑːtəʊ/,dis is a tomato.,Esto es un tomate.
I eat a cucumber.,/aɪ iːt ə ˈkjuːkʌmbə/,ai iit a qiukamber.,Como un pepino.
I have a carrot.,/aɪ hæv ə ˈkærət/,ai jav a karat.,Tengo una zanahoria.
I like potatoes.,/aɪ laɪk pəˈteɪtəʊz/,ai laik poteitos.,Me gustan las patatas.
I don't like potatoes.,/aɪ dəʊnt laɪk pəˈteɪtəʊz/,ai dount laik poteitos.,No me gustan las patatas.
Do you like potatoes?,/duː juː laɪk pəˈteɪtəʊz/,du iu laik poteitos?,¿Te gustan las patatas?
How do you cook the potatoes?,/haʊ duː juː kʊk ðə pəˈteɪtəʊz/,jao du iu kuk de poteitos?,¿Cómo cocinas las patatas?
I liked potatoes.,/aɪ laɪkt pəˈteɪtəʊz/,ai laikt poteitos.,Me gustaban las patatas.
Cut the onion.,/kʌt ði ˈʌnjən/,kat de onion.,Corta la cebolla.
I use garlic.,/aɪ juːz ˈɡɑːlɪk/,ai yus garlik.,Uso ajo.
I buy a cabbage.,/aɪ baɪ ə ˈkæbɪdʒ/,ai bai a kabidy.,Compo una col.
I see a cauliflower.,/aɪ siː ə ˈkɒlɪˌflaʊə/,ai si a koliflauer.,Veo una coliflor.
The broccoli is green.,/ðə ˈbrɒkəli ɪz ɡriːn/,de brokoli is grin.,El brócoli es verde.
The beetroot is red.,/ðə ˈbiːtruːt ɪz rɛd/,de biitrot is red.,La remolacha es roja.
The eggplant is big.,/ði ˈɛgplɑːnt ɪz bɪɡ/,de egplant is big.,La berenjena es grande.
The zucchini is long.,/ðə zuːˈkiːni ɪz lɒŋ/,de sukini is long.,El calabacín es largo.
The pumpkin is orange.,/ðə ˈpʌmpkɪn ɪz ˈɒrɪndʒ/,de pampkin is orindy.,La calabaza es naranja.
I eat a radish.,/aɪ iːt ə ˈrædɪʃ/,ai iit a radish.,Como un rábano.
I eat Brussels sprouts.,/aɪ iːt ˈbrʌsəlz spraʊts/,ai iit bralsels sprauts.,Como coles de Bruselas.
The broccoli is green.,/ðə ˈbrɒkəli ɪz ɡriːn/,de brokoli is grin.,El brócoli es verde.
The beetroot is red.,/ðə ˈbiːtruːt ɪz rɛd/,de biitrot is red.,La remolacha es roja.
The eggplant is big.,/ði ˈɛgplɑːnt ɪz bɪɡ/,de egplant is big.,La berenjena es grande.
The zucchini is long.,/ðə zuːˈkiːni ɪz lɒŋ/,de sukini is long.,El calabacín es largo.
The pumpkin is orange.,/ðə ˈpʌmpkɪn ɪz ˈɒrɪndʒ/,de pampkin is orindy.,La calabaza es naranja.
I like turnips.,/aɪ laɪk ˈtɜːnɪps/,ai laik tournips.,Me gustan los nabos.
I use parsley.,/aɪ juːz ˈpɑːsli/,ai yus parsli.,Uso perejil.
I like the smell of dill.,/aɪ laɪk ðə smɛl ɒv dɪl/,ai laik de smel ov dil.,Me gusta el olor del eneldo.
We eat lettuce in the salad.,/wiː iːt ˈlɛtɪs ɪn ðə ˈsæləd/,ui it letis in de salad.,Comemos lechuga en la ensalada.
This celery is green and long.,/ðɪs ˈsɛləri ɪz ɡriːn ænd lɒŋ/,dis selri is grin and long.,Este apio es verde y largo.
I eat asparagus with my dinner.,/aɪ iːt əˈspærəɡəs wɪð maɪ ˈdɪnə/,ai it asparagus wid mai dinner.,Como espárragos con mi cena.
Spinach is a green vegetable.,/ˈspɪnɪdʒ ɪz ə ɡriːn ˈvɛdʒtəbəl/,spinich is a grin vedjetabol.,La espinaca es una verdura verde.
The pea is small and green.,/ðə piː ɪz smɔːl ænd ɡriːn/,de pi is smol and grin.,El guisante es pequeño y verde.
I like to cook beans.,/aɪ laɪk tuː kʊk biːnz/,ai laik tu kuk bins.,Me gusta cocinar judías.
The corn is yellow.,/ðə kɔːrn ɪz ˈjɛləʊ/,de corn is yelou.,El maíz es amarillo.
This is a red kidney bean.,/ðɪs ɪz ə rɛd ˈkɪdni biːn/,dis is a red kidney bin.,Este es una alubia roja.
Please add some pepper.,/pliːz æd sʌm ˈpɛpə/,pliz ad som peper.,Por favor pon un poco de pimienta.
The radish is red.,/ðə ˈrædɪʃ ɪz rɛd/,de radish is red.,El rábano es rojo.
I like to eat artichoke.,/aɪ laɪk tuː iːt ˈɑːrtɪtʃəʊk/,ai laik tu it artichok.,Me gusta comer alcachofas.
An apple is a fruit.,/æn ˈæpəl ɪz ə fruːt/,an apol is a frut.,Una manzana es una fruta.
The apple is red.,/ðə ˈæpəl ɪz rɛd/,de apol is red.,La manzana es roja.
I eat a pear.,/aɪ iːt ə peə/,ai it a per.,Como una pera.
The lemon is yellow.,/ðə ˈlɛmən ɪz ˈjɛləʊ/,de lemen is yelou.,El limón es amarillo.
I drink orange juice.,/aɪ drɪŋk ˈɒrɪndʒ dʒuːs/,ai drink oranyh yus.,Bebo jugo de naranja.
The strawberry is red and sweet.,/ðə ˈstrɔːbəri ɪz rɛd ænd swiːt/,de stroberi is red and suit.,La fresa es roja y dulce.
He eats a mandarin.,/hiː iːts ə ˈmændərɪn/,ji its a mandarin.,Él come una mandarina.
This plum is sweet.,/ðɪs plʌm ɪz swiːt/,dis plum is suit.,Esta ciruela es dulce.
The peach is soft.,/ðə piːtʃ ɪz sɒft/,de pich is soft.,El melocotón es suave.
She eats an apricot.,/ʃiː iːts æn ˈeɪprɪkɒt/,shi its an aprikot.,Ella come un albaricoque.
I like raspberry cake.,/aɪ laɪk ˈrɑːzbəri keɪk/,ai laik raspberri keik.,Me gusta el pastel de frambuesa.
The pineapple is big.,/ðə ˈpaɪnæpəl ɪz bɪɡ/,de painapol is big.,La piña es grande.
The monkey eats a banana.,/ðə ˈmʌŋki iːts ə bəˈnɑːnə/,de monki its a banana.,El mono come un plátano.
I like to eat watermelon.,/aɪ laɪk tuː iːt ˈwɔːtəˌmɛlən/,ai laik tu it wuotermelon.,Me gusta comer sandía.
This grape is very sweet.,/ðɪs ɡreɪp ɪz ˈvɛri swiːt/,dis greip is veri swit.,Esta uva es muy dulce.
I see a red cherry.,/aɪ siː ə rɛd ˈtʃɛri/,ai si a red chieri.,Veo una cereza roja.
The sour cherry is bad.,/ðə ˈsaʊə ˈtʃɛri ɪz bæd/,de sauer chieri is bad.,La cereza ácida está mala.
A sweet cherry is good.,/ə swiːt ˈtʃɛri ɪz ɡʊd/,a swit chieri is gud.,Una cereza dulce es buena.
We have a big melon.,/wiː hæv ə bɪɡ ˈmɛlən/,ui jav a big melon.,Tenemos un melón grande.
We don't have a big melon.,/wiː dəʊnt hæv ə bɪɡ ˈmɛlən/,ui dount jav a big melon.,No tenemos un melón grande.
Do you have a big melon?,/duː juː hæv ə bɪɡ ˈmɛlən/,du iu jav a big melon?,¿Tienen un melón grande?
What kind of melon do you have?,/wɒt kaɪnd ɒv ˈmɛlən duː juː hæv/,uot kaind ov melon du iu jav?,¿Qué tipo de melón tienen?
We had a big melon.,/wiː hæd ə bɪɡ ˈmɛlən/,ui jad a big melon.,Teníamos un melón grande.
The grapefruit is yellow.,/ðə ˈɡreɪpˌfruːt ɪz ˈjɛləʊ/,de greipfrut is ielou.,El pomelo es amarillo.
He eats an avocado.,/hiː iːts æn ˌævəˈkɑːdəʊ/,ji its an avokado.,Él come un aguacate.
This papaya is ripe.,/ðɪs pəˈpaɪə ɪz raɪp/,dis pa paia is raip.,Esta papaya está madura.
I want one mango.,/aɪ wɒnt wʌn ˈmæŋɡəʊ/,ai uont uan mango.,Quiero un mango.
She has a pomegranate.,/ʃiː hæz ə ˈpɒmˌɡrænɪt/,shi jaz a pomgranit.,Ella tiene una granada.
She does not have a pomegranate.,/ʃiː dʌz nɒt hæv ə ˈpɒmˌɡrænɪt/,shi daz not jav a pomgranit.,Ella no tiene una granada.
Does she have a pomegranate?,/dʌz ʃiː hæv ə ˈpɒmˌɡrænɪt/,daz shi jav a pomgranit?,¿Ella tiene una granada?
When did she get a pomegranate?,/wɛn dɪd ʃiː ɡɛt ə ˈpɒmˌɡrænɪt/,güen did shi guet a pomgranit?,¿Cuándo consiguió una granada?
She had a pomegranate.,/ʃiː hæd ə ˈpɒmˌɡrænɪt/,shi jad a pomgranit.,Ella tenía una granada.
I like the redcurrant.,/aɪ laɪk ðə ˈrɛdˌkʌrənt/,ai laik de redkurent.,Me gusta el grosella roja.
I don't like the redcurrant.,/aɪ dəʊnt laɪk ðə ˈrɛdˌkʌrənt/,ai dount laik de redkurent.,No me gusta la grosella roja.
Do you like the redcurrant?,/duː juː laɪk ðə ˈrɛdˌkʌrənt/,du iu laik de redkurent?,¿Te gusta la grosella roja?
Why do you like the redcurrant?,/waɪ duː juː laɪk ðə ˈredkʌrənt/,uái du iu laik de rédkarent?,¿Por qué te gusta la grosella roja?
I liked the redcurrant.,/aɪ laɪkt ðə ˈrɛdˌkʌrənt/,ai laikt de redkurent.,Me gustaba la grosella roja.
It is a blackcurrant.,/ɪt ɪz ə ˈblækˌkʌrənt/,it is a blakkurent.,Es una grosella negra.
A gooseberry is green.,/ə ˈɡʊsˌbɛri ɪz ɡriːn/,a gusbri is grin.,Una grosella espinosa es verde.
We find a bilberry.,/wiː faɪnd ə ˈbɪlˌbɛri/,ui faind a bilbri.,Encontramos un arándano silvestre.
I eat a blackberry.,/aɪ iːt ə ˈblækˌbɛri/,ai it a blakbri.,Como una mora.
The raisin is dry.,/ðə ˈreɪzən ɪz draɪ/,de reisin is drai.,La pasa está seca.
It is a big fig.,/ɪt ɪz ə bɪɡ fɪɡ/,it is a big fig.,Es un higo grande.
You eat the date.,/juː iːt ðə deɪt/,yu it de deit.,Tú comes el dátil.
I like to eat peanuts.,/aɪ laɪk tuː iːt ˈpiːnʌts/,ai laik tu it pinats.,Me gusta comer cacahuetes.
She eats an almond.,/ʃiː iːts æn ˈɑːmənd/,shi its an amond.,Ella come una almendra.
The walnut is hard.,/ðə ˈwɔːlnʌt ɪz hɑːd/,de wuolnat is jard.,La nuez es dura.
We buy a hazelnut.,/wiː baɪ ə ˈheɪzəlnʌt/,ui bai a heiselnat.,Compramos una avellana.
It is a sweet coconut.,/ɪt ɪz ə swiːt ˈkəʊkəˌnʌt/,it is a swit kokonat.,Es un coco dulce.
I eat pistachios now.,/aɪ iːt pɪˈstɑːʃiːəʊz naʊ/,ai it pistachios nau.,Como pistachos ahora.
I like the sweet confectionery.,/aɪ laɪk ðə swiːt kənˈfɛkʃənri/,ai laik de swit confectioneri.,Me gusta la repostería dulce.
We eat bread for breakfast.,/wi iːt brɛd fɔː ˈbrɛkfəst/,ui it bred for brekfast.,Comemos pan para el desayuno.
She bakes cookies.,/ʃi beɪks ˈkʊkiz/,shi beiks kukis.,Ella hornea galletas.
I eat chocolate.,/aɪ iːt ˈtʃɒklət/,ai it chokollet.,Como chocolate.
This cake is chocolate.,/ðɪs keɪk ɪz ˈtʃɒklət/,dis keik is chokollet.,Este pastel es de chocolate.
The candy is sweet.,/ðə ˈkændi ɪz swiːt/,de kandi is swit.,El dulce es dulce.
The cake is small.,/ðə keɪk ɪz smɔːl/,de keik is esmol.,El pastel es pequeño.
It is my cake.,/ɪt ɪz maɪ keɪk/,it is mai keik.,Es mi pastel.
I like the pie.,/aɪ laɪk ðə paɪ/,ai laik de pai.,Me gusta el pastel.
I don't like the pie.,/aɪ dəʊnt laɪk ðə paɪ/,ai dount laik de pai.,No me gusta el pastel.
Do you like the pie?,/duː juː laɪk ðə paɪ/,du iu laik de pai?,¿Te gusta el pastel?
Who made the pie?,/huː meɪd ðə paɪ/,ju meid de pai?,¿Quién hizo el pastel?
I liked the pie.,/aɪ laɪkt ðə paɪ/,ai laikt de pai.,Me gustaba el pastel.
The filling is good.,/ðə ˈfɪlɪŋ ɪz ɡʊd/,de filing is gud.,El relleno está bueno.
I eat the jam.,/aɪ iːt ðə dʒæm/,ai it de yam.,Como la mermelada.
I like marmalade.,/aɪ laɪk ˈmɑːməleɪd/,ai laik marmaleid.,Me gusta la mermelada.
I eat a waffle.,/aɪ iːt ə ˈwɒfəl/,ai it a uofol.,Como un gofre.
I want ice-cream.,/aɪ wɒnt ˈaɪskriːm/,ai uant aiscrim.,Quiero helado.
I like pudding.,/aɪ laɪk ˈpʊdɪŋ/,ai laik puding.,Me gusta el pudín.
This is a dish.,/ðɪs ɪz ə dɪʃ/,dis is a dish.,Este es un plato.
I like this cuisine.,/aɪ laɪk ðɪs kwɪˈziːn/,ai laik dis kwizin.,Me gusta esta cocina.
The recipe is easy.,/ðə ˈrɛsɪpi ɪz ˈiːzi/,de resipi is isi.,La receta es fácil.
This is my portion.,/ðɪs ɪz maɪ ˈpɔːʃən/,dis is mai porsion.,Esta es mi porción.
I eat a salad.,/aɪ iːt ə ˈsæləd/,ai it a salad.,Como una ensalada.
The soup is hot.,/ðə suːp ɪz hɒt/,de sup is jot.,La sopa está caliente.
I drink the broth.,/aɪ drɪŋk ðə brɒθ/,ai drink de broz.,Bebo el caldo.
I eat a sandwich.,/aɪ iːt ə ˈsænwɪdʒ/,ai it a sanduich.,Como un sándwich.
I like fried eggs.,/aɪ laɪk fraɪd ɛgz/,ai laik fraid eggs.,Me gustan los huevos fritos.
I eat the cutlet.,/aɪ iːt ðə ˈkʌtlɪt/,ai it de cutlet.,Como la croqueta.
I eat a hamburger.,/aɪ iːt ə ˈhæmbɜːrɡər/,ai it e jamburguer.,Como una hamburguesa.
He likes beefsteak.,/hiː laɪks ˈbiːfsteɪk/,ji laiks bifshteik.,A él le gusta el bistec.
The stew is hot.,/ðə stuː ɪz hɒt/,de stu is jot.,El estofado está caliente.
It is a side dish.,/ɪt ɪz ə saɪd dɪʃ/,it is e said dish.,Es un acompañamiento.
I like spaghetti.,/aɪ laɪk spəˈɡɛti/,ai laik espaguei.,Me gusta el espagueti.
She eats mashed potatoes.,/ʃiː iːts mæʃt pəˈteɪtoʊz/,shi its masht poteitos.,Ella come puré de papas.
We eat pizza.,/wiː iːt ˈpiːtsə/,ui it pitsa.,Comemos pizza.
I make porridge.,/aɪ meɪk ˈpɒrɪdʒ/,ai meik porridy.,Hago papilla de avena.
He eats an omelet.,/hiː iːts ən ˈɒmlət/,ji its an omlet.,Él come un tortilla.
The egg is boiled.,/ðə ɛɡ ɪz bɔɪld/,de eg is boild.,El huevo está cocido.
I like smoked fish.,/aɪ laɪk smoʊkt fɪʃ/,ai laik esmoukt fish.,Me gusta el pescado ahumado.
The chicken is fried.,/ðə ˈtʃɪkɪn ɪz fraɪd/,de chikin is fraid.,El pollo está frito.
This is dried fruit.,/ðɪs ɪz draɪd fruːt/,dis is fraid frut.,Esta es fruta seca.
The food is frozen.,/ðə fuːd ɪz ˈfroʊzən/,de fud is frouzen.,La comida está congelada.
I eat pickled onions.,/aɪ iːts ˈpɪkəld ˈʌnjənz/,ai its pikeld onions.,Como cebollas encurtidas.
The cake is sweet.,/ðə keɪk ɪz swiːt/,de keik is swit.,El pastel es dulce.
The soup is salty.,/ðə suːp ɪz ˈsɔːlti/,de sup is solti.,La sopa está salada.
The water is cold.,/ðə ˈwɔːtər ɪz koʊld/,de uater is cold.,El agua está fría.
The tea is hot.,/ðə tiː ɪz hɒt/,de ti is jot.,El té está caliente.
The coffee is bitter.,/ðə ˈkɒfi ɪz ˈbɪtər/,de kofi is biter.,El café es amargo.
It is very tasty.,/ɪt ɪz ˈvɛri ˈteɪsti/,it is beri teisti.,Está muy sabroso.
I cook in boiling water.,/aɪ kʊk ɪn ˈbɔɪlɪŋ ˈwɔːtər/,ai kuk in boiling uater.,Cocino en agua hirviendo.
I fry the egg.,/aɪ fraɪ ðə ɛɡ/,ai frai de eg.,Frío el huevo.
Please heat up the food.,/pliːz hiːt ʌp ðə fuːd/,plis jit ap de fud.,Por favor calienta la comida.
I salt the soup.,/aɪ sɔːlt ðə suːp/,ai solt de sup.,Le pongo sal a la sopa.
Please pepper the soup.,/pliːz ˈpɛpə ðə suːp/,pliz pepper de sup.,"Por favor, ponle pimienta a la sopa."
I grate the cheese.,/aɪ ɡreɪt ðə tʃiːz/,ai greit de chiz.,Yo rallo el queso.
The peel is orange.,/ðə piːl ɪz ˈɒrɪndʒ/,de pil is orinche.,La cáscara es naranja.
I peel the apple.,/aɪ piːl ðə ˈæpl/,ai pil de apol.,Yo pelo la manzana.
I put salt on it.,/aɪ pʊt sɒlt ɒn ɪt/,ai put salt on it.,Le pongo sal.
The soup is salty.,/ðə suːp ɪz ˈsɔːlti/,de sup is salti.,La sopa está salada.
He salts the meat.,/hiː sɒlts ðə miːt/,ji salts de mit.,Él le pone sal a la carne.
I like black pepper.,/aɪ laɪk blæk ˈpɛpə/,ai laik blak pepper.,Me gusta la pimienta negra.
The red pepper is hot.,/ðə rɛd ˈpɛpə ɪz hɒt/,de red pepper is jot.,El chile rojo es picante.
I eat mustard with bread.,/aɪ iːt ˈmʌstəd wɪð brɛd/,ai iit mostar wid bred.,Como mostaza con pan.
This is horseradish.,/ðɪs ɪz ˈhɔːsˌrædɪʃ/,dis is jorseredish.,Esto es rábano picante.
Salt is a condiment.,/sɒlt ɪz ə ˈkɒndɪmənt/,salt is a condiment.,La sal es un condimento.
The cake has spice.,/ðə keɪk hæz spaɪs/,de keik jas spais.,El pastel tiene especias.
I want some sauce.,/aɪ wɒnt sʌm sɔːs/,ai guant sam sos.,Yo quiero un poco de salsa.
Add oil and vinegar.,/æd ɔɪl ænd ˈvɪnɪɡə/,ad oil and viniger.,Añade aceite y vinagre.
The smell is anise.,/ðə smɛl ɪz ˈænɪs/,de smel is anis.,El olor es anís.
I like basil leaves.,/aɪ laɪk ˈbæzəl liːvz/,ai laik basol livs.,Me gustan las hojas de albahaca.
It has five cloves.,/ɪt hæz faɪv kləʊvz/,it jas faiv klovs.,Tiene cinco clavos.
It does not have five cloves.,/ɪt dʌz nɒt hæv faɪv kləʊvz/,it das not jav faiv klovs.,No tiene cinco clavos.
Does it have five cloves?,/dʌz ɪt hæv faɪv kləʊvz/,das it jav faiv klovs?,¿Tiene cinco clavos?
What has five cloves?,/wɒt hæz faɪv kləʊvz/,uot jas faiv klovs?,¿Qué tiene cinco clavos?
It had five cloves.,/ɪt hæd faɪv kləʊvz/,it jad faiv klovs.,Tenía cinco clavos.
I put ginger in tea.,/aɪ pʊt ˈdʒɪndʒər ɪn tiː/,ai put yinder in ti.,Pongo jengibre en el té.
She uses coriander.,/ʃiː ˈjuːzɪz ˌkɒriˈændə/,shi yusis coriander.,Ella usa cilantro.
I love cinnamon.,/aɪ lʌv ˈsɪnəmən/,ai lav sinamon.,Me encanta la canela.
Add sesame seeds.,/æd ˈsɛsəmi siːdz/,ad sesami sids.,Agrega semillas de sésamo.
Use one bay leaf.,/juːz wʌn beɪ liːf/,yus uan beil lif.,Usa una hoja de laurel.
Sprinkle paprika on eggs.,/ˈsprɪŋkəl ˈpæprɪkə ɒn ɛɡz/,sprinkol paprika on eggs.,Espolvorea pimentón sobre los huevos.
The bread has caraway.,/ðə brɛd hæz ˈkærəweɪ/,de bred jas carawei.,El pan tiene alcaravea.
I like saffron in my rice.,/aɪ laɪk ˈsæfrən ɪn maɪ raɪs/,ai laik safron in mai rais,Me gusta el azafrán en mi arroz.
The food is on the table.,/ðə fuːd ɪz ɒn ðə ˈteɪbl/,de fud is on de teibol,La comida está en la mesa.
I eat an apple every day.,/aɪ iːt æn ˈæpl ˈevri deɪ/,ai it an apol evri dei,Como una manzana todos los días.
I eat breakfast at seven o'clock.,/aɪ iːt ˈbrekfəst æt ˈsevn əˈklɒk/,ai it brekfost at seven oclak,Desayuno a las siete en punto.
I have breakfast with my family.,/aɪ hæv ˈbrekfəst wɪð maɪ ˈfæmli/,ai jav brekfost wid mai famili,Desayuno con mi familia.
We eat lunch at school.,/wiː iːt lʌntʃ æt skuːl/,wi it lanch at iskul,Almorzamos en la escuela.
I have lunch at my desk.,/aɪ hæv lʌntʃ æt maɪ desk/,ai jav lanch at mai desk,Almuerzo en mi escritorio.
Dinner is ready at six.,/ˈdɪnər ɪz ˈredi æt sɪks/,diner is redi at siks,La cena está lista a las seis.
We have dinner together.,/wiː hæv ˈdɪnər təˈgeðər/,wi jav tuder,Cenamos juntos.
He has a big appetite.,/hiː hæz ə bɪg ˈæpɪtaɪt/,ji jas a big apetait,Él tiene mucho apetito.
He does not have a big appetite.,/hiː dʌz nɒt hæv ə bɪg ˈæpɪtaɪt/,ji das nat jav a big apetait.,Él no tiene mucho apetito.
Does he have a big appetite?,/dʌz hiː hæv ə bɪg ˈæpɪtaɪt/,das ji jav a big apetait?,¿Él tiene mucho apetito?
Why does he have a big appetite?,/waɪ dʌz hiː hæv ə bɪg ˈæpɪtaɪt/,wai das ji jav a big apetait?,¿Por qué él tiene mucho apetito?
He had a big appetite.,/hiː hæd ə bɪg ˈæpɪtaɪt/,ji jad a big apetait.,Él tenía mucho apetito.
Enjoy your meal!,/ɪnˈdʒɔɪ jɔːr miːl/,inoyoyor mil,¡Buen provecho!
Please open the bottle for me.,/pliːz ˈəʊpən ðə ˈbɒtl fɔː miː/,pliz open de botol for mi,"Por favor, abre la botella para mí."
I spill the water on the floor.,/aɪ spɪl ðə ˈwɔːtər ɒn ðə flɔːr/,ai spil de uoter on de flor,Tiro el agua en el suelo.
The tea spills out of the cup.,/ðə tiː spɪlz aʊt ɒv ðə kʌp/,de ti spils aut of de cap,El té se derrama de la taza.
The water boils in the pot.,/ðə ˈwɔːtər bɔɪlz ɪn ðə pɒt/,de ueter boils in de pot,El agua hierve en la olla.
I boil water for tea.,/aɪ bɔɪl ˈwɔːtər fɔː tiː/,ai boyl ueter for ti,Hiervo agua para el té.
I like boiled eggs for breakfast.,/aɪ laɪk bɔɪld ɛgz fɔː ˈbrekfəst/,ai laik boyld eggs for brekfost,Me gustan los huevos cocidos para el desayuno.
I chill the juice in the fridge.,/aɪ tʃɪl ðə dʒuːs ɪn ðə frɪdʒ/,ai chill de yus in de fridy,Enfrío el jugo en el refrigerador.
The soup chills fast here.,/ðə suːp tʃɪlz fæst hɪər/,de sup chils fast jier,La sopa se enfría rápido aquí.
This cake has a sweet taste.,/ðɪs keɪk hæz ə swiːt teɪst/,dis keik jas a suit test,Este pastel tiene un sabor dulce.
The fruit has a bad aftertaste.,/ðə fruːt hæz ə bæd ˈɑːftərteɪst/,de frut jas a bad aftertest,La fruta tiene un mal regusto.
I am on a diet now.,/aɪ æm ɒn ə ˈdaɪət naʊ/,ai am on a dait nau,Estoy a dieta ahora.
His diet is very strict.,/hɪz ˈdaɪət ɪz ˈveri strɪkt/,jis dait is beri strict,Su dieta es muy estricta.
Oranges have vitamin C.,/ˈɒrɪndʒɪz hæv ˈvɪtəmɪn siː/,orinches jav vitamin si,Las naranjas tienen vitamina C.
This food has many calories.,/ðɪs fuːd hæz ˈmeni ˈkæləriz/,dis fud jas meni calories,Esta comida tiene muchas calorías.
She is a vegetarian.,/ʃiː ɪz ə vɛdʒəˈtɛəriən/,shi is a vechete-rian.,Ella es vegetariana.
I eat a vegetarian meal.,/aɪ iːt ə vɛdʒəˈtɛəriən miːl/,ai it a vechete-rian mil.,Como una comida vegetariana.
Fats are in the oil.,/fæts ɑːr ɪn ðə ɔɪl/,fats ar in de oil.,Las grasas están en el aceite.
Eggs have proteins.,/ɛgz hæv ˈprəʊtiːnz/,ejs jav pro-teins.,Los huevos tienen proteínas.
Bread has carbohydrates.,/brɛd hæz kɑːbəʊˈhaɪdreɪts/,bred jas car-bo-hai-dreits.,El pan tiene carbohidratos.
I eat a slice of ham.,/aɪ iːt ə slaɪs ɒv hæm/,ai it a slais ov jam.,Como una loncha de jamón.
It is a piece of cake.,/ɪt ɪz ə piːs ɒv keɪk/,it is a pis ov keik.,Es un trozo de pastel.
There is a crumb here.,/ðeər ɪz ə krʌm hɪər/,der is a crum jier.,Hay una migaja aquí.
Use a spoon for soup.,/juːz ə spuːn fɔː suːp/,ius a spun for sup.,Usa una cuchara para la sopa.
I cut with a knife.,/aɪ kʌt wɪð ə naɪf/,ai cat wid a naif.,Corto con un cuchillo.
He eats with a fork.,/hiː iːts wɪð ə fɔːk/,ji its wid a fork.,El come con un tenedor.
This is a cup of coffee.,/ðɪs ɪz ə kʌp ɒv ˈkɒfi/,dis is a cap ov co-fi.,Esta es una taza de café.
Put the food on the plate.,/pʊt ðə fuːd ɒn ðə pleɪt/,put de fud on de pleit.,Pon la comida en el plato.
The cup is on the saucer.,/ðə kʌp ɪz ɒn ðə ˈsɔːsər/,de cap is on de so-ser.,La taza está en el platillo.
Use the napkin.,/juːz ðə ˈnæpkɪn/,ius de na-kin.,Usa la servilleta.
He needs a toothpick.,/hiː niːdz ə ˈtuːθpɪk/,ji nids a tut-pik.,Él necesita un palillo de dientes.
We go to a restaurant.,/wiː gəʊ tuː ə ˈrɛstərɒnt/,ui gou tu a res-tau-rant.,Vamos a un restaurante.
It is a coffee house.,/ɪt ɪz ə ˈkɒfi haʊs/,it is a co-fi jaus.,Es una cafetería.
We sit in the pub.,/wiː sɪt ɪn ðə pʌb/,ui sit in de pub.,Nos sentamos en el bar.
She likes the tearoom.,/ʃiː laɪks ðə ˈtɪəruːm/,shi laiks de ti-rum.,Le gusta la sala de té.
The waiter is here.,/ðə ˈweɪtər ɪz hɪər/,de uei-ter is jier.,El camarero está aquí.
The waiter is not here.,/ðə ˈweɪtər ɪz nɒt hɪər/,de uei-ter is not jier.,El camarero no está aquí.
Is the waiter here?,/ɪz ðə ˈweɪtər hɪər/,is de uei-ter jier?,¿Está aquí el camarero?
Where is the waiter?,/wɛər ɪz ðə ˈweɪtər/,uer is de uei-ter?,¿Dónde está el camarero?
The waiter was here.,/ðə ˈweɪtər wɒz hɪər/,de uei-ter uoz jier.,El camarero estuvo aquí.
The waitress is nice.,/ðə ˈweɪtrəs ɪz naɪs/,de uei-tres is nais.,La camarera es amable.
I see the bartender.,/aɪ siː ðə ˈbɑːrtɛndər/,ai si de bar-ten-der.,Veo al barman.
Read the menu please.,/riːd ðə ˈmɛnjuː pliːz/,rid de me-niu plis.,Lee el menú por favor.
He wants the wine list.,/hiː wɒnts ðə waɪn lɪst/,ji uants de uain list.,Él quiere la lista de vinos.
I want to book a table.,/aɪ wɒnt tuː bʊk ə ˈteɪbəl/,ai want tu buk a teibol.,Quiero reservar una mesa.
This is a nice dish.,/ðɪs ɪz ə naɪs dɪʃ/,dis is a naish dish.,Este es un buen plato.
We can order now.,/wiː kæn ˈɔːdə naʊ/,ui can order nao.,Podemos pedir ahora.
He makes an order.,/hiː meɪks ən ˈɔːdə/,ji meiks an order.,Él hace un pedido.
It is an aperitif.,/ɪt ɪz ən əˌpɛrəˈtiːf/,it is an aperitif.,Es un aperitivo.
I like this appetizer.,/aɪ laɪk ðɪs ˈæpɪtaɪzə/,ai laik dis appetaiser.,Me gusta este aperitivo.
I do not like this appetizer.,/aɪ duː nɒt laɪk ðɪs ˈæpɪtaɪzə/,ai du nat laik dis appetaiser.,No me gusta este aperitivo.
Do you like this appetizer?,/duː juː laɪk ðɪs ˈæpɪtaɪzə/,du yu laik dis appetaiser?,¿Te gusta este aperitivo?
Which appetizer do you like?,/wɪtʃ ˈæpɪtaɪzə duː juː laɪk/,wich appetaiser du yu laik?,¿Qué aperitivo te gusta?
I liked this appetizer.,/aɪ laɪkt ðɪs ˈæpɪtaɪzə/,ai laikt dis appetaiser.,Me gustó este aperitivo.
The dessert is sweet.,/ðə dɪˈzɜːt ɪz swiːt/,de dessert is suit.,El postre es dulce.
Please give me the check.,/pliːz gɪv miː ðə tʃɛk/,pliz giv mi de chek.,"Dame la cuenta, por favor."
I pay the check.,/aɪ peɪ ðə tʃɛk/,ai pei de chek.,Yo pago la cuenta.
She gives change.,/ʃiː gɪvz tʃeɪndʒ/,shi givs cheindch.,Ella da cambio.
Here is a tip.,/hɪər ɪz ə tɪp/,jier is a tip.,Aquí está la propina.
My first name is Tom.,/maɪ fɜːst neɪm ɪz tɒm/,mai first neim is tom.,Mi nombre es Tom.
His family name is Smith.,/hɪz ˈfæmɪli neɪm ɪz smɪθ/,jis famili neim is smiz.,Su apellido es Smith.
What is your date of birth?,/wɒt ɪz jɔː deɪt ɒv bɜːθ/,huat is yur deit ov birz.,¿Cuál es tu fecha de nacimiento?
This is my place of birth.,/ðɪs ɪz maɪ pleɪs ɒv bɜːθ/,dis is mai pleis ov birz.,Este es mi lugar de nacimiento.
Her nationality is Spanish.,/hɜː ˌnæʃəˈnælɪti ɪz ˈspænɪʃ/,jer nashionaliti is spanish.,Su nacionalidad es española.
He changes his place of residence.,/hiː tʃeɪndʒɪz hɪz pleɪs ɒv ˈrɛzɪdəns/,ji cheindchis jiz pleis ov residens.,Él cambia su lugar de residencia.
I love this country.,/aɪ lʌv ðɪs ˈkʌntri/,ai lav dis cantri.,Amo este país.
Her profession is a doctor.,/hɜː prəˈfɛʃən ɪz ə ˈdɒktə/,jer profesion is a doctor.,Su profesión es médico.
What is your gender?,/wɒt ɪz jɔː ˈdʒɛndə/,huat is yur yender?,¿Cuál es tu sexo?
His height is good.,/hɪz haɪt ɪz gʊd/,jis jait is gud.,Su estatura es buena.
My weight is okay.,/maɪ weɪt ɪz əʊˈkeɪ/,mai ueit is okei.,Mi peso está bien.
My mother is here.,/maɪ ˈmʌðər ɪz hɪər/,mai mader is jier.,Mi madre está aquí.
My mother is not here.,/maɪ ˈmʌðər ɪz nɒt hɪər/,mai mader is nat jier.,Mi madre no está aquí.
Is your mother here?,/ɪz jɔː ˈmʌðər hɪər/,is yor mader jier?,¿Tu madre está aquí?
When will my mother be here?,/wɛn wɪl maɪ ˈmʌðə biː hɪə/,uen uil mai moder bi jir?,¿Cuándo estará mi mamá aquí?
My mother was here.,/maɪ ˈmʌðər wɒz hɪər/,mai mader woz jier.,Mi madre estaba aquí.
He is a father.,/hiː ɪz ə ˈfɑːðə/,ji is a fader.,Él es padre.
You are my son.,/juː ɑː maɪ sʌn/,yu ar mai son.,Tú eres mi hijo.
My daughter plays in the park.,/maɪ ˈdɔːtə pleɪz ɪn ðə pɑːk/,mai doter plays in de park.,Mi hija juega en el parque.
She is my younger daughter.,/ʃi ɪz maɪ ˈjʌŋɡə ˈdɔːtə/,shi is mai younger doter.,Ella es mi hija menor.
He is my younger son.,/hiː ɪz maɪ ˈjʌŋɡə sʌn/,ji is mai younger son.,Él es mi hijo menor.
She is the eldest daughter.,/ʃi ɪz ðə ˈɛldɪst ˈdɔːtə/,shi is de eldest doter.,Ella es la hija mayor.
He is the eldest son.,/hiː ɪz ðə ˈɛldɪst sʌn/,ji is de eldest son.,Él es el hijo mayor.
My brother is very tall.,/maɪ ˈbrʌðər ɪz ˈvɛri tɔːl/,mai brazer is veri tol.,Mi hermano es muy alto.
I have one elder brother.,/aɪ hæv wʌn ˈɛldər ˈbrʌðər/,ai jav uan elder brazer.,Tengo un hermano mayor.
He is my younger brother.,/hiː ɪz maɪ ˈjʌŋɡər ˈbrʌðər/,ji is mai younger brazer.,Él es mi hermano menor.
My sister lives here.,/maɪ ˈsɪstər lɪvz hɪər/,mai sistor lives jiar.,Mi hermana vive aquí.
My elder sister is nice.,/maɪ ˈɛldər ˈsɪstər ɪz naɪs/,mai elder sistor is nais.,Mi hermana mayor es amable.
My younger sister is six.,/maɪ ˈjʌŋɡər ˈsɪstər ɪz sɪks/,mai younger sistor is six.,Mi hermana menor tiene seis.
He is my cousin.,/hiː ɪz maɪ ˈkʌzən/,ji is mai kosen.,Él es mi primo.
She is my cousin.,/ʃi ɪz maɪ ˈkʌzən/,shi is mai kosen.,Ella es mi prima.
My mom cooks well.,/maɪ mɒm kʊks wɛl/,mai mam cooks uel.,Mi mamá cocina bien.
I love my dad.,/aɪ lʌv maɪ dæd/,ai lov mai dad.,Quiero a mi papá.
My parents are at home.,/maɪ ˈpɛrənts ɑːr æt hoʊm/,mai parents ar at jom.,Mis padres están en casa.
The child is happy.,/ðə tʃaɪld ɪz ˈhæpi/,de chaild is japi.,El niño está feliz.
The children play games.,/ðə ˈtʃɪldrən pleɪ geɪmz/,de children play geims.,Los niños juegan juegos.
My grandmother is old.,/maɪ ˈɡrændˌmʌðər ɪz oʊld/,mai grauder is old.,Mi abuela es mayor.
My grandfather reads books.,/maɪ ˈɡrændˌfɑːðər riːdz bʊks/,mai grauder reads buks.,Mi abuelo lee libros.
He is your grandson.,/hiː ɪz jɔːr ˈɡrændsʌn/,ji is yor grandson.,Él es tu nieto.
She is your granddaughter.,/ʃi ɪz jɔːr ˈɡrændˌdɔːtər/,shi is yor granddaughter.,Ella es tu nieta.
My uncle is funny.,/maɪ ˈʌŋkəl ɪz ˈfʌni/,mai oncol is funi.,Mi tío es divertido.
My aunt is kind.,/maɪ ænt ɪz kaɪnd/,mai ant is caind.,Mi tía es amable.
My nephew is a boy.,/maɪ ˈnɛfjuː ɪz ə bɔɪ/,mai nefiu is a boi.,Mi sobrino es un niño.
My niece is very young.,/maɪ niːs ɪz ˈvɛri jʌŋ/,mai nis is beri yang.,Mi sobrina es muy joven.
He is my good friend.,/hiː ɪz maɪ ɡʊd frɛnd/,ji is mai gud frend.,Él es mi buen amigo.
She is my best friend.,/ʃiː ɪz maɪ bɛst frɛnd/,shi is mai best frend.,Ella es mi mejor amiga.
Our friendship is very strong.,/aʊər ˈfrɛndʃɪp ɪz ˈvɛri strɒŋ/,auer frenship is beri stron.,Nuestra amistad es muy fuerte.
We want to be friends.,/wiː wɒnt tuː biː frɛndz/,ui guant tu bi frends.,Queremos ser amigos.
He is my buddy.,/hiː ɪz maɪ ˈbʌdi/,ji is mai badi.,Él es mi compañero.
She is my buddy.,/ʃiː ɪz maɪ ˈbʌdi/,shi is mai badi.,Ella es mi compañera.
He is my work partner.,/hiː ɪz maɪ wɜːk ˈpɑːtnə/,ji is mai uork parter.,Él es mi compañero de trabajo.
The chief is here.,/ðə tʃiːf ɪz hɪə/,de chif is jier.,El jefe está aquí.
The chief is not here.,/ðə tʃiːf ɪz nɒt hɪə/,de chif is nat jier.,El jefe no está aquí.
Is the chief here?,/ɪz ðə tʃiːf hɪə/,is de chif jier?,¿El jefe está aquí?
Why is the chief here?,/waɪ ɪz ðə tʃiːf hɪə/,wai is de chif jier?,¿Por qué está aquí el jefe?
The chief was here.,/ðə tʃiːf wɒz hɪə/,de chif woz jier.,El jefe estaba aquí.
He is my superior.,/hiː ɪz maɪ suːˈpɪəriə/,ji is mai supirior.,Él es mi superior.
She is the owner.,/ʃiː ɪz ðə ˈəʊnə/,shi is de owner.,Ella es la dueña.
He is a subordinate.,/hiː ɪz ə səˈbɔːdɪnət/,ji is a subordinat.,Él es un subordinado.
She is my colleague.,/ʃiː ɪz maɪ ˈkɒliːg/,shi is mai kolig.,Ella es mi colega.
He is an acquaintance.,/hiː ɪz ən əˈkweɪntəns/,ji is an akueitans.,Él es un conocido.
She is my classmate.,/ʃiː ɪz maɪ ˈklɑːsmeɪt/,shi is mai klasmeit.,Ella es mi compañera de clase.
He is my neighbor.,/hiː ɪz maɪ ˈneɪbə/,ji is mein neiber.,Él es mi vecino.
She is my neighbor.,/ʃiː ɪz maɪ ˈneɪbə/,shi is mai neiber.,Ella es mi vecina.
Our neighbors are nice.,/aʊər ˈneɪbəz ɑː naɪs/,auer neibers ar nais.,Nuestros vecinos son amables.
The woman is here.,/ðə ˈwʊmən ɪz hɪə/,de uuman is jier.,La mujer está aquí.
The woman is not here.,/ðə ˈwʊmən ɪz nɒt hɪə/,de uuman is nat jier.,La mujer no está aquí.
Is the woman here?,/ɪz ðə ˈwʊmən hɪə/,is de uuman jier?,¿La mujer está aquí?
Where is the woman?,/wɛər ɪz ðə ˈwʊmən/,guer is de uuman?,¿Dónde está la mujer?
The woman was here.,/ðə ˈwʊmən wɒz hɪə/,de uuman woz jier.,La mujer estaba aquí.
The girl is happy.,/ðə ɡɜːl ɪz ˈhæpi/,de gerl is japi.,La chica está feliz.
The bride is beautiful.,/ðə braɪd ɪz ˈbjuːtɪfʊl/,de braid is biutiful.,La novia es hermosa.
She is very beautiful.,/ʃiː ɪz ˈvɛri ˈbjuːtɪfʊl/,shi is beri biutiful.,Ella es muy hermosa.
She is not very beautiful.,/ʃiː ɪz nɒt ˈvɛri ˈbjuːtɪfʊl/,shi is nat beri biutiful.,Ella no es muy hermosa.
Is she very beautiful?,/ɪz ʃiː ˈvɛri ˈbjuːtɪfʊl/,is shi beri biutiful?,¿Ella es muy hermosa?
Who is very beautiful?,/huː ɪz ˈvɛri ˈbjuːtɪfʊl/,ju is véri biútiful?,¿Quién es muy hermosa?
She was very beautiful.,/ʃiː wɒz ˈvɛri ˈbjuːtɪfʊl/,shi woz beri biutiful.,Ella era muy hermosa.
He is very tall.,/hiː ɪz ˈvɛri tɔːl/,ji is beri tol.,Él es muy alto.
He is not very tall.,/hiː ɪz nɒt ˈvɛri tɔːl/,ji is nat beri tol.,Él no es muy alto.
Is he very tall?,/ɪz hiː ˈvɛri tɔːl/,is ji beri tol?,¿Él es muy alto?
Who is very tall?,/huː ɪz ˈvɛri tɔːl/,ju is beri tol?,¿Quién es muy alto?
He was very tall.,/hiː wɒz ˈvɛri tɔːl/,ji woz beri tol.,Él era muy alto.
She is slender.,/ʃiː ɪz ˈslɛndə/,shi is slender.,Ella es delgada.
He is short.,/hiː ɪz ʃɔːt/,ji is shor.,Él es bajo.
She is a blonde.,/ʃiː ɪz ə blɒnd/,shi is a blon.,Ella es rubia.
He is a brunette.,/hiː ɪz ə bruːˈnɛt/,ji is a brunet.,Él es moreno.
She is a virgin.,/ʃiː ɪz ə ˈvɜːdʒɪn/,shi is a virgin.,Ella es virgen.
She is pregnant.,/ʃiː ˈprɛgnənt/,shi is preg-nant.,Ella está embarazada.
He is a man.,/hiː ɪz ə mæn/,ji is a man.,Él es un hombre.
He is very tall.,/hiː ɪz ˈvɛriː tɔːl/,ji is beri tol.,Él es muy alto.
She is short.,/ʃiː ʃɔːt/,shi is short.,Ella es baja.
He is strong.,/hiː strɒŋ/,ji is stron.,Él es fuerte.
He has strength.,/hiː hæz strɛŋθ/,ji jas strenz.,Él tiene fuerza.
He does not have strength.,/hiː dʌz nɒt hæv strɛŋθ/,ji das nat jav strenz.,Él no tiene fuerza.
Does he have strength?,/dʌz hiː hæv strɛŋθ/,das ji jav strenz?,¿Él tiene fuerza?
Why does he have strength?,/waɪ dʌz hiː həv strɛŋθ/,uái daz ji jav strengz?,¿Por qué tiene fuerza?
He had strength.,/hiː hæd strɛŋθ/,ji jad strenz.,Él tenía fuerza.
He is a stocky man.,/hiː ɪz ə ˈstɒki mæn/,ji is a stocki man.,Él es un hombre robusto.
She is elegant.,/ʃiː ˈɛlɪgənt/,shi is ele-gant.,Ella es elegante.
What is your age?,/wɒt ɪz jɔːr eɪdʒ/,uot is yor eidy.,¿Cuál es tu edad?
He enjoys his youth.,/hiː ɪnˈdʒɔɪz hɪz juːθ/,ji enchois is yuz.,Él disfruta su juventud.
She is young.,/ʃiː jʌŋ/,shi is yon.,Ella es joven.
She is younger.,/ʃiː ˈjʌŋgə/,shi is yon-ger.,Ella es más joven.
He is older.,/hiː ˈəʊldə/,ji is ol-der.,Él es mayor.
He is a young man.,/hiː ɪz ə jʌŋ mæn/,ji is a yon man.,Él es un joven.
She is a teenager.,/ʃiː ɪz ə ˈtiːnˌeɪdʒə/,shi is a tin-eider.,Ella es adolescente.
He is an old man.,/hiː ɪz æn əʊld mæn/,ji is an old man.,Él es un anciano.
She is an old woman.,/ʃiː ɪz æn əʊld ˈwʊmən/,shi is an old u-oman.,Ella es una anciana.
He is an adult.,/hiː ɪz æn ˈædʌlt/,ji is an adalt.,Él es un adulto.
He is middle-aged.,/hiː ˈmɪdl eɪdʒd/,ji is midl eidyd.,Él es de mediana edad.
She is elderly.,/ʃiː ˈɛldəli/,shi is elder-li.,Ella es anciana.
He likes retirement.,/hiː laɪks rɪˈtaɪəmənt/,ji laiks rai-ta-ior-ment.,A él le gusta la jubilación.
I want to retire.,/aɪ wɒnt tuː rɪˈtaɪə/,ai uant tu rai-tai-er.,Quiero jubilarme.
The retiree is happy.,/ðə rətaɪˈriː ɪz ˈhæpi/,de ritaier is japi.,El jubilado está feliz.
The child plays.,/ðə tʃaɪld pleɪz/,de chayld pleis.,El niño juega.
The children run.,/ðə ˈtʃɪldrən rʌn/,de chil-dren ran.,Los niños corren.
The twins are here.,/ðə twɪnz ɑː hɪə/,de twins ar jier.,Los gemelos están aquí.
The baby is in the cradle.,/ðə ˈbeɪbi ɪz ɪn ðə ˈkreɪdl/,de beibi is in de creidl.,El bebé está en la cuna.
He changes the diaper.,/hiː tʃeɪndʒɪz ðə ˈdaɪəpə/,ji cheinchis de daiper.,Él le cambia el pañal.
The baby wants a pacifier.,/ðə ˈbeɪbi wɒnts ə ˈpæsɪfaɪə/,de beibi uants a pasifaier.,El bebé quiere un chupete.
She pushes the baby carriage.,/ʃiː pʊʃɪz ðə ˈbeɪbi kærɪdʒ/,shi pushis de beibi kari-ch.,Ella empuja el cochecito.
He goes to kindergarten.,/hiː gəʊz tuː ˈkɪndəgɑːtn/,ji gos tu kindergar-ten.,Él va al jardín de infantes.
The babysitter is nice.,/ðə ˈbeɪbiˌsɪtə ɪz naɪs/,de beibi-siter is nais.,La niñera es agradable.
His childhood was good.,/hɪz ˈtʃaɪldhʊd wɒz gʊd/,jis chayld-jud was gud.,Su infancia fue buena.
The toy is red.,/ðə tɔɪ ɪz red/,de toi is red.,El juguete es rojo.
The dog is obedient.,/ðə dɒg ɪz əˈbiːdiənt/,de dog is obidient.,El perro es obediente.
She is very clever.,/ʃiː ɪz ˈveri ˈklevə/,shi is veri clever.,Ella es muy lista.
She kisses the baby.,/ʃiː ˈkɪsɪz ðə ˈbeɪbi/,shi kisses de beibi.,Ella besa al bebé.
They like to kiss.,/ðeɪ laɪk tuː kɪs/,de laik tu kis.,A ellos les gusta besarse.
They don't like to kiss.,/ðeɪ dəʊnt laɪk tuː kɪs/,de dount laik tu kis.,A ellos no les gusta besarse.
Do they like to kiss?,/duː ðeɪ laɪk tuː kɪs/,du de laik tu kis?,¿Les gusta besarse a ellos?
How do they like to kiss?,/haʊ duː ðeɪ laɪk tuː kɪs/,jau du de laik tu kis?,¿Cómo les gusta besarse?
They liked to kiss.,/ðeɪ laɪkt tuː kɪs/,de laikt tu kis.,A ellos les gustaba besarse.
My family is big.,/maɪ ˈfæməli ɪz bɪg/,mai famiri is big.,Mi familia es grande.
My family is not big.,/maɪ ˈfæməli ɪz nɒt bɪg/,mai famiri is not big.,Mi familia no es grande.
Is your family big?,/ɪz jʊə ˈfæməli bɪg/,is yur famiri big?,¿Es grande tu familia?
Who has a big family?,/huː hæz ə bɪg ˈfæməli/,ju jaz a big famiri?,¿Quién tiene una familia grande?
My family was big.,/maɪ ˈfæməli wɒz bɪg/,mai famiri woz big.,Mi familia era grande.
It is a family car.,/ɪt ɪz ə ˈfæməli kɑː/,it is a famili car.,Es un coche familiar.
The couple walks.,/ðə ˈkʌpl wɔːks/,de copol uoks.,La pareja camina.
Their marriage is happy.,/ðeə ˈmærɪdʒ ɪz ˈhæpi/,dear mari-ch is japi.,Su matrimonio es feliz.
The hearth is warm.,/ðə hɑːθ ɪz wɔːm/,de jarm is uorm.,El hogar está cálido.
The dynasty is old.,/ðə ˈdaɪnəsti ɪz əʊld/,de dainasti is old.,La dinastía es antigua.
We have a date.,/wiː hæv ə deɪt/,ui jav a deit.,Tenemos una cita.
The kiss is sweet.,/ðə kɪs ɪz swiːt/,de kis is suit.,El beso es dulce.
Her love is deep.,/hɜː lʌv ɪz diːp/,jer lov is dip.,Su amor es profundo.
I love you.,/aɪ lʌv juː/,ai lav yu.,Te quiero.
She is my beloved wife.,/ʃiː ɪz maɪ bɪˈlʌvd waɪf/,shi is mai bilavd waif.,Ella es mi amada esposa.
I feel tenderness.,/aɪ fiːl ˈtɛndərnəs/,ai fil tendernes.,Siento ternura.
He is a tender father.,/hiː ɪz ə ˈtɛndər ˈfɑːðər/,ji is a tender fader.,Él es un padre tierno.
I value faithfulness.,/aɪ ˈvæljuː ˈfeɪθfəlnəs/,ai valuifulznes.,Valoro la fidelidad.
He is faithful.,/hiː ɪz ˈfeɪθfəl/,ji is feiful.,Él es fiel.
He takes care of me.,/hiː teɪks kɛər ɒv miː/,ji teiks car of mi.,Él cuida de mí.
She is a caring sister.,/ʃiː ɪz ə ˈkɛərɪŋ ˈsɪstər/,shi is a cering sister.,Ella es una hermana cariñosa.
They are newlyweds.,/ðeɪ ɑːr ˈnjuːliwɛdz/,dei ar nuliueds.,Ellos son recién casados.
We like the honeymoon.,/wiː laɪk ðə ˈhʌnimuːn/,ui laik de junimun.,Nos gusta la luna de miel.
She wants to get married.,/ʃiː wɒnts tuː gɛt ˈmærid/,shi wants tu get marid.,Ella quiere casarse.
He wants to get married.,/hiː wɒnts tuː gɛt ˈmærid/,ji wants tu get marid.,Él quiere casarse.
The wedding is today.,/ðə ˈwɛdɪŋ ɪz təˈdeɪ/,de ueding is tudei.,La boda es hoy.
It is a golden wedding.,/ɪt ɪz ə ˈgoʊldən ˈwɛdɪŋ/,it is a golden ueding.,Es una boda de oro.
Today is our anniversary.,/təˈdeɪ ɪz aʊər ˌænɪˈvɜːrsəri/,tudei is auar anibersari.,Hoy es nuestro aniversario.
He is my lover.,/hiː ɪz maɪ ˈlʌvər/,ji is mai lover.,Él es mi amante.
She is the mistress.,/ʃiː ɪz ðə ˈmɪstrəs/,shi is de mistress.,Ella es la amante.
Adultery is bad.,/ˈædəltəri ɪz bæd/,adalteri is bad.,El adulterio es malo.
Do not cheat on me.,/duː nɒt tʃiːt ɒn miː/,du not chit on mi.,No me engañes.
He is jealous.,/hiː ɪz ˈdʒɛləs/,ji is yelos.,Él es celoso.
I am jealous.,/aɪ æm ˈdʒɛləs/,ai am yelos.,Tengo celos.
The divorce is sad.,/ðə dɪˈvɔːrs ɪz sæd/,de divorce is sad.,El divorcio es triste.
They want to divorce.,/ðeɪ wɒnt tuː dɪˈvɔːrs/,dei want tu divorce.,Ellos quieren divorciarse.
I quarrel with him.,/aɪ ˈkwɒrəl wɪð hɪm/,ai cuoral wid jim.,Discuto con él.
We are reconciled.,/wi ɑːr ˈrɛkənsaɪld/,ui ar reconsaild.,Estamos reconciliados.
We play together.,/wiː pleɪ təˈɡeðə/,ui pley togueder.,Jugamos juntos.
It is a book about sex.,/ɪt ɪz ə bʊk əˈbaʊt sɛks/,it is a buk abaut seks.,Es un libro sobre sexo.
I want happiness.,/aɪ wɒnt ˈhæpinəs/,ai uant japines.,Quiero felicidad.
I am very happy.,/aɪ æm ˈvɛri ˈhæpi/,ai am veri japi.,Estoy muy feliz.
I am not very happy.,/aɪ æm nɒt ˈvɛri ˈhæpi/,ai am not veri japi.,No estoy muy feliz.
Are you very happy?,/ɑː juː ˈvɛri ˈhæpi/,ar iu veri japi?,¿Estás muy feliz?
When are you very happy?,/wɛn ɑː juː ˈvɛri ˈhæpi/,uen ar iu veri japi?,¿Cuándo estás muy feliz?
I was very happy.,/aɪ wɒz ˈvɛri ˈhæpi/,ai uoz veri japi.,Estaba muy feliz.
He has bad luck.,/hiː hæz bæd lʌk/,ji jas bad lak.,Él tiene mala suerte.
He does not have bad luck.,/hiː dʌz nɒt hæv bæd lʌk/,ji das not jav bad lak.,Él no tiene mala suerte.
Does he have bad luck?,/dʌz hiː hæv bæd lʌk/,das ji jav bad lak?,¿Él tiene mala suerte?
How is his luck?,/haʊ ɪz hɪz lʌk/,jau is jis lak?,¿Cómo es su suerte?
He had bad luck.,/hiː hæd bæd lʌk/,ji jad bad lak.,Él tenía mala suerte.
She looks unhappy.,/ʃiː lʊks ʌnˈhæpi/,shi luks anjapi.,Ella parece infeliz.
What is this feeling?,/wɒt ɪz ðɪs ˈfiːlɪŋ/,uat is dis filing.,¿Qué es este sentimiento?
My feelings are hurt.,/maɪ ˈfiːlɪŋz ɑː hɜːt/,mailings ar jart.,Mis sentimientos están heridos.
I feel good.,/aɪ fiːl ɡʊd/,ai fil gud.,Me siento bien.
Hunger makes me weak.,/ˈhʌŋɡə meɪks miː wiːk/,janger meiks mi uik.,El hambre me hace débil.
I am very hungry.,/aɪ æm ˈvɛri ˈhʌŋɡri/,ai am veri jangri.,Tengo mucha hambre.
Thirst is bad.,/θɜːst ɪz bæd/,zurst is bad.,La sed es mala.
Are you thirsty?,/ɑː juː ˈθɜːsti/,ar yu zursti.,¿Tienes sed?
Sleepiness is strong.,/ˈsliːpinəs ɪz strɒŋ/,slipines is estrong.,El sueño es fuerte.
I feel sleepy now.,/aɪ fiːl ˈsliːpi naʊ/,ai fil slipi nau.,Me siento somnoliento ahora.
Tiredness is hard.,/ˈtaɪədnəs ɪz hɑːd/,taiednes is jard.,El cansancio es duro.
He is tired today.,/hiː ɪz ˈtaɪəd təˈdeɪ/,ji is taied tudei.,Él está cansado hoy.
I get tired fast.,/aɪ ɡɛt ˈtaɪəd fɑːst/,ai get taied fast.,Me canso rápido.
My mood is good.,/maɪ muːd ɪz ɡʊd/,ai mud is gud.,Mi humor es bueno.
Boredom is not good.,/ˈbɔːdəm ɪz nɒt ɡʊd/,boredom is not gud.,El aburrimiento no es bueno.
I am bored here.,/aɪ æm bɔːd hɪə/,ai am bord jia.,Estoy aburrido aquí.
She likes seclusion.,/ʃiː laɪks sɪˈkluːʒən/,shi laiks siclusion.,A ella le gusta el aislamiento.
I seclude myself here.,/aɪ sɪˈkluːd maɪˈsɛlf hɪə/,ai sicluid maieself jia.,Me aíslo aquí.
Do not worry me.,/duː nɒt ˈwʌri miː/,du uari mi.,No me preocupes.
I am very worried.,/aɪ æm ˈvɛri ˈwʌrid/,ai am veri warid.,Estoy muy preocupado.
He has too much worrying.,/hiː hæz tuː mʌtʃ ˈwʌriɪŋ/,ji jas tu mach waring.,Él tiene demasiadas preocupaciones.
She feels some anxiety.,/ʃiː fiːlz sʌm æŋˈzaɪəti/,shi fils som anzaidi.,Ella siente cierta ansiedad.
He looks preoccupied today.,/hiː lʊks priːˈɒkjʊpaɪd təˈdeɪ/,ji luks priokiupaid tudei.,Él parece preocupado hoy.
I am nervous.,/aɪ æm ˈnɜːvəs/,ai am nervos.,Estoy nervioso.
Do not panic.,/duː nɒt ˈpænɪk/,du nat panik.,No entres en pánico.
She has hope.,/ʃiː hæz həʊp/,shi jas joup.,Ella tiene esperanza.
She does not have hope.,/ʃiː dʌz nɒt hæv həʊp/,shi das not jav joup.,Ella no tiene esperanza.
Does she have hope?,/dʌz ʃiː hæv həʊp/,das shi jav joup?,¿Ella tiene esperanza?
Why does she have hope?,/waɪ dʌz ʃiː hæv həʊp/,uai das shi jav joup?,¿Por qué ella tiene esperanza?
She had hope.,/ʃiː hæd həʊp/,shi jad joup.,Ella tenía esperanza.
I hope for the best.,/aɪ həʊp fɔː ðə bɛst/,ai joup for de best.,Espero lo mejor.
We want certainty.,/wiː wɒnt ˈsɜːtnti/,ui guant sertain.,Queremos certeza.
I am certain.,/aɪ æm ˈsɜːtn/,ai am sertain.,Estoy seguro.
There is uncertainty.,/ðeər ɪz ʌnˈsɜːtnti/,der is unsertain.,Hay incertidumbre.
He is uncertain.,/hiː ɪz ʌnˈsɜːtn/,ji is unsertain.,Él está inseguro.
The man is drunk.,/ðə mæn ɪz drʌŋk/,de man is drink.,El hombre está borracho.
He is sober.,/hiː ɪz ˈsəʊbə/,ji is sober.,Él está sobrio.
The old dog is weak.,/ðə əʊld dɒg ɪs wiːk/,de old dog is uik.,El perro viejo es débil.
I am very happy.,/aɪ æm ˈvɛri ˈhæpi/,ai am beri japi.,Estoy muy feliz.
Do not scare the cat.,/duː nɒt skeə ðə kæt/,du nat sker de kat.,No asustes al gato.
Her fury is bad.,/hɜː ˈfjʊəri ɪz bæd/,er fiuri is bad.,Su furia es mala.
He is in rage.,/hiː ɪz ɪn reɪdʒ/,ji is in reidch.,Él está furioso.
He has depression.,/hiː hæz dɪˈprɛʃən/,ji jas depreshon.,Él tiene depresión.
He does not have depression.,/hiː dʌz nɒt hæv dɪˈprɛʃən/,ji das not jav depreshon.,Él no tiene depresión.
Does he have depression?,/dʌz hiː hæv dɪˈprɛʃən/,das ji jav depreshon?,¿Él tiene depresión?
Why does he have depression?,/waɪ dʌz hiː hæv dɪˈprɛʃən/,uai das ji jav depreshon?,¿Por qué él tiene depresión?
He had depression.,/hiː hæd dɪˈprɛʃən/,ji jad depreshon.,Él tenía depresión.
I feel discomfort.,/aɪ fiːl dɪsˈkʌmfət/,ai fil discomfort.,Siento incomodidad.
The bed has comfort.,/ðə bɛd hæz ˈkʌmfət/,de bed jas comfort.,La cama tiene comodidad.
I do not regret it.,/aɪ duː nɒt rɪˈgrɛt ɪt/,ai du nat rigret it.,No lo lamento.
She has no regret.,/ʃiː hæz nəʊ rɪˈgrɛt/,shi jas nou rigret.,Ella no tiene arrepentimiento.
It is bad luck.,/ɪt ɪz bæd lʌk/,it is bad lak.,Es mala suerte.
Her sadness is deep.,/hɜː ˈsædnəs ɪz diːp/,er sadnes is dip.,Su tristeza es profunda.
I feel shame for my mistake.,/aɪ fiːl ʃeɪm fɔːr maɪ mɪsteɪk/,ai fil sham for mai mistéik.,Siento vergüenza por mi error.
She feels gladness today.,/ʃiː fiːlz ɡlædnəs tədeɪ/,shi filz gladnes tudéi.,Ella siente alegría hoy.
He shows enthusiasm for music.,/hiː ʃoʊz ɪnˈθjuːziæzəm fɔːr ˈmjuːzɪk/,ji shous enzuziazm for miúsic.,Él muestra entusiasmo por la música.
She is a sports enthusiast.,/ʃiː ɪz ə ˈspɔːrts ɪnˈθjuːziæst/,shi is a sports enziúziast.,Ella es una entusiasta del deporte.
They show enthusiasm at school.,/ðeɪ ʃoʊ ɪnˈθjuːziæzəm æt skuːl/,dei shou enziúziam at scúl.,Ellos muestran entusiasmo en la escuela.
He has a good character.,/hiː hæz ə ɡʊd ˈkærəktər/,ji jas a gud karacter.,Él tiene un buen carácter.
He does not have a good character.,/hiː dʌz nɒt hæv ə ɡʊd ˈkærəktər/,ji das not jav a gud karacter.,Él no tiene un buen carácter.
Does he have a good character?,/dʌz hiː hæv ə ɡʊd ˈkærəktər/,das ji jav a gud karacter?,¿Él tiene un buen carácter?
How is his character?,/haʊ ɪz hɪz ˈkærəktər/,jau is jis karacter?,¿Cómo es su carácter?
He had a good character.,/hiː hæd ə ɡʊd ˈkærəktər/,ji jad a gud karacter.,Él tenía un buen carácter.
Her character flaw is impatience.,/hɜːr ˈkærəktər flɔː ɪz ɪmˈpeɪʃəns/,jer karacter fló is impéishens.,Su defecto de carácter es la impaciencia.
An open mind is important.,/ən ˈoʊpən maɪnd ɪz ɪmˈpɔːrtənt/,an ópen máind is impórtant.,Una mente abierta es importante.
What is the reason for this?,/wʌt ɪz ðə ˈriːzən fɔːr ðɪs/,uot is de rízen for dis.,¿Cuál es la razón de esto?
My conscience tells me the truth.,/maɪ ˈkɒnʃəns tɛlz mi ðə truːθ/,mai kónshens tels mi de truz.,Mi conciencia me dice la verdad.
Reading is a good habit.,/ˈriːdɪŋ ɪz ə ɡʊd ˈhæbɪt/,rídin is a gud jábit.,Leer es un buen hábito.
She has the ability to paint.,/ʃiː hæz ðə əˈbɪlɪti tuː peɪnt/,ji jas de abíliti tu péint.,Ella tiene la habilidad de pintar.
He is a patient teacher.,/hiː ɪz ə ˈpeɪʃənt ˈtiːtʃər/,ji is a péishent tíchier.,Él es un profesor paciente.
The child is impatient.,/ðə tʃaɪld ɪz ɪmˈpeɪʃənt/,de cháild is impéishent.,El niño es impaciente.
The cat is very curious.,/ðə kæt ɪz ˈkjʊəriəs/,de kat is kíurios.,El gato es muy curioso.
Curiosity is natural in children.,/ˌkjʊəriˈɒsɪti ɪz ˈnætʃərəl ɪn ˈtʃɪldrən/,kiuriositi is nácheral in chíldren.,La curiosidad es natural en los niños.
Modesty is a good quality.,/ˈmɒdəsti ɪz ə ɡʊd ˈkwɒlɪti/,módesi is a gud kuóliti.,La modestia es una buena cualidad.
She is a modest person.,/ʃiː ɪz ə ˈmɒdɪst ˈpɜːrsən/,ji is a módes persón.,Ella es una persona modesta.
Laziness is not a good trait.,/ˈleɪzinəs ɪz nɒt ə ɡʊd treɪt/,léizinis not a gud tréit.,La pereza no es una buena cualidad.
The lazy dog sleeps all day.,/ðə ˈleɪzi dɒɡ sliːps ɔːl deɪ/,de léizi dog slíps ol déi.,El perro Perezoso duerme todo el día.
The fox has cunning.,/ðə fɒks hæz ˈkʌnɪŋ/,de fox jas kúnin.,El zorro tiene astucia.
Distrust is a problem.,/dɪsˈtrʌst ɪz ə ˈprɒbləm/,distrúst is a próblem.,La desconfianza es un problema.
She is a generous friend.,/ʃiː ɪz ə ˈdʒenərəs frend/,ji is a dshéneros frend.,Ella es una amiga generosa.
He has a talent for music.,/hiː hæz ə ˈtælənt fɔːr ˈmjuːzɪk/,ji jas a tálen for miúsic.,Él tiene un talento para la música.
The courageous firefighter saved lives.,/ðə kəˈreɪdʒəs ˈfaɪərˌfaɪtər seɪvd laɪvz/,de koréiyous fáierfáiter séivd láivs.,El valiente bomberos salvó vidas.
He is an honest boy.,/hiː ɪz ən ˈɒnɪst bɔɪ/,ji is an onist boi.,Él es un niño honesto.
Please be careful.,/pliːz biː ˈkɛəfʊl/,pliz bi kerful.,"Por favor, ten cuidado."
She is very shy.,/ʃiː ɪz ˈvɛri ʃaɪ/,shi is vari shai.,Ella es muy tímida.
I have confidence in you.,/aɪ hæv ˈkɒnfɪdəns ɪn juː/,ai jav konfidens in yu.,Tengo confianza en ti.
I believe you.,/aɪ bɪˈliːv juː/,ai biliv yu.,Te creo.
He is an open person.,/hiː ɪz ən ˈəʊpən ˈpɜːsn/,ji is an ouver parsol.,Él es una persona abierta.
The sea is calm.,/ðə siː ɪz kɑːm/,de si is kam.,El mar está calmado.
She is a sincere friend.,/ʃiː ɪz ə sɪnˈsɪə frɛnd/,shi is a sincir frend.,Ella es una amiga sincera.
He is an evil man.,/hiː ɪz ən ˈiːvl mæn/,ji is an ivil man.,Él es un hombre malvado.
The donkey is stubborn.,/ðə ˈdʌŋki ɪz ˈstʌbən/,de dongki is staborn.,El burro es terco.
The smell is unpleasant.,/ðə smɛl ɪz ʌnˈplɛznt/,de smel is unplezant.,El olor es desagradable.
He is selfish.,/hiː ɪz ˈsɛlfɪʃ/,ji is selfish.,Él es egoísta.
The act was cowardly.,/ðə ækt wɒz ˈkaʊədli/,de act uoz kauardli.,El acto fue cobarde.
He is selfish.,/hiː ɪz ˈsɛlfɪʃ/,ji is selfish.,Él es egoísta.
The act was cowardly.,/ðə ækt wɒz ˈkaʊədli/,de act uoz kauardli.,El acto fue cobarde.
I like to sleep.,/aɪ laɪk tuː sliːp/,ai laik tu slip.,Me gusta dormir.
I don't like to sleep.,/aɪ dəʊnt laɪk tuː sliːp/,ai dount laik tu slip.,No me gusta dormir.
Do you like to sleep?,/duː juː laɪk tuː sliːp/,du yu laik tu slip?,¿Te gusta dormir?
Why do you like to sleep?,/waɪ duː juː laɪk tuː sliːp/,wai du yu laik tu slip?,¿Por qué te gusta dormir?
I liked to sleep.,/aɪ laɪkt tuː sliːp/,ai laikt tu slip.,Me gustaba dormir.
The baby is sleeping.,/ðə ˈbeɪbi ɪz ˈsliːpɪŋ/,de beibi is sliping.,El bebé está durmiendo.
I had a dream.,/aɪ hæd ə driːm/,ai jad a drim.,Tuve un sueño.
Do you dream at night?,/duː juː driːm æt naɪt/,du yu drim at nait?,¿Sueñas por la noche?
I am very sleepy.,/aɪ æm ˈvɛri ˈsliːpi/,ai am vari slipi.,Tengo mucho sueño.
The bed is big.,/ðə bɛd ɪz bɪg/,de bed is big.,La cama es grande.
The bed is not big.,/ðə bɛd ɪz nɒt bɪg/,de bed is not big.,La cama no es grande.
Is the bed big?,/ɪz ðə bɛd bɪg/,is de bed big?,¿Es grande la cama?
Where is the big bed?,/wɛə ɪz ðə bɪg bɛd/,wer is de big bed?,¿Dónde está la cama grande?
The bed was big.,/ðə bɛd wɒz bɪg/,de bed woz big.,La cama era grande.
The mattress is soft.,/ðə ˈmætrɪs ɪz sɒft/,de maetris is soft.,El colchón es suave.
Use the warm blanket.,/juːz ðə wɔːm ˈblæŋkɪt/,yus de uorm blankit.,Usa la manta tibia.
My pillow is white.,/maɪ ˈpɪləʊ ɪz waɪt/,mai pilou is uait.,Mi almohada es blanca.
Put the sheet on.,/pʊt ðə ʃiːt ɒn/,put de shit on.,Pon la sábana.
I have insomnia.,/aɪ hæv ɪnˈsɒmniə/,ai jav insomnia.,Tengo insomnio.
He is sleepless.,/hiː ɪz ˈsliːpləs/,ji iz sliples.,Él no puede dormir.
She takes a sleeping pill.,/ʃiː teɪks ə ˈsliːpɪŋ pɪl/,shi teiks a slipping pil.,Ella toma una pastilla para dormir.
I take a sleeping pill.,/aɪ teɪk ə ˈsliːpɪŋ pɪl/,ai teik a slipping pil.,Tomo una pastilla para dormir.
I feel sleepy.,/aɪ fiːl ˈsliːpi/,ai fil slipi.,Me siento con sueño.
The baby yawns.,/ðə ˈbeɪbi jɔːnz/,de beibi yorns.,El bebé bosteza.
I go to bed.,/aɪ gəʊ tuː bɛd/,ai gou tu bed.,Me voy a la cama.
She makes up the bed.,/ʃiː meɪks ʌp ðə bɛd/,shi meiks ap de bed.,Ella hace la cama.
He falls asleep.,/hiː fɔːlz əˈsliːp/,ji fols asleep.,Él se queda dormido.
I have a nightmare.,/aɪ hæv ə ˈnaɪtmeə/,ai jav a naitmeir.,Tengo una pesadilla.
The snoring is loud.,/ðə ˈsnɔːrɪŋ ɪz laʊd/,de snoring is laud.,El ronquido es fuerte.
He snores at night.,/hiː snɔːz æt naɪt/,ji snors at nait.,Él ronca por la noche.
The alarm clock rings.,/ðə əˈlɑːm klɒk rɪŋz/,de alam clok rings.,El despertador suena.
I wake the baby.,/aɪ weɪk ðə ˈbeɪbi/,ai weik de beibi.,Despierto al bebé.
I wake up now.,/aɪ weɪk ʌp naʊ/,ai weik ap nau.,Me despierto ahora.
He gets up early.,/hiː gets ʌp ˈɜːli/,ji gets ap erli.,Él se levanta temprano.
She washes up.,/ʃiː ˈwɒʃɪz ʌp/,shi woshes ap.,Ella se lava.
He has humor.,/hiː hæz ˈhjuːmə/,ji jaz jiumer.,Él tiene humor.
He does not have humor.,/hiː dʌz nɒt hæv ˈhjuːmə/,ji das not jav jiumer.,Él no tiene humor.
Does he have humor?,/dʌz hiː hæv ˈhjuːmə/,das ji jav jiumer?,¿Él tiene humor?
Why does he have a sense of humor?,/waɪ dʌz hi hæv ə sɛns ɒv hjuːmə/,guai daz ji jav a sens ov jiúmar?,¿Por qué tiene sentido del humor?
He had humor.,/hiː hæd ˈhjuːmə/,ji jad jiumer.,Él tenía humor.
She has a sense of humor.,/ʃiː hæz ə sens ɒv ˈhjuːmə/,shi jaz a sens ov jiumer.,Ella tiene sentido del humor.
We have fun.,/wiː hæv fʌn/,ui jav fan.,Nos divertimos.
She is cheerful.,/ʃiː ɪz ˈtʃɪəfʊl/,shi iz chirful.,Ella está alegre.
There is merriment.,/ðeər ɪz ˈmɛrimənt/,der is merriment.,Hay alegría.
I see your smile.,/aɪ siː jɔː smaɪl/,ai si yor smail.,Veo tu sonrisa.
You smile at me.,/juː smaɪl æt miː/,yu smail at mi.,Tú me sonríes.
They start laughing.,/ðeɪ stɑːt ˈlɑːfɪŋ/,dei start lafing.,Ellos empiezan a reír.
I laugh at the funny cat.,/aɪ læf æt ðə fʌni kæt/,ai laef at de fani kat.,Me río del gato gracioso.
I hear a loud laugh.,/aɪ hɪər ə laʊd læf/,ai jir a loud laef.,Oigo una risa fuerte.
He tells a short anecdote.,/hiː tɛlz ə ʃɔːt ænɪkdəʊt/,ji tels a short anekdot.,Él cuenta una anécdota corta.
The story is very funny.,/ðə stɔːri ɪz vɛri fʌni/,de stori is veri fani.,La historia es muy divertida.
The milk smells funny.,/ðə mɪlk smɛlz fʌni/,de milk smels fani.,La leche huele rara.
We joke about the dog.,/wiː dʒəʊk əbaʊt ðə dɒg/,ui yolk abaut de dog.,Bromeamos sobre el perro.
Tell me a good joke.,/tɛl miː ə gʊd dʒəʊk/,tel mi a gud yolk.,Cuéntame un buen chiste.
She feels a lot of joy.,/ʃiː fiːlz ə lɒt ɒv dʒɔɪ/,shi fils a lot of yoy.,Ella siente mucha alegría.
We rejoice at the news.,/wiː rɪdʒɔɪs æt ðə njuːz/,ui rimyois at de niuz.,Nos alegramos con las noticias.
He is a glad boy.,/hiː ɪz ə glæd bɔɪ/,ji is a gud boy.,Él es un chico alegre.
Communication is very important.,/kəmjuːnɪkeɪʃn ɪz vɛri ɪmpɔːtnt/,comiunikeishon is veri important.,La comunicación es muy importante.
I communicate with my friends.,/aɪ kəmjuːnɪkeɪt wɪð maɪ frɛndz/,ai comiuneit wid mai frends.,Me comunico con mis amigos.
We have a conversation.,/wiː hæv ə kɒnvəseɪʃn/,ui jav a konverseishon.,Tenemos una conversación.
The dialog is short.,/ðə daɪəlɒg ɪz ʃɔːt/,de dialog is short.,El diálogo es corto.
The discussion is long.,/ðə dɪskʌʃn ɪz lɒŋ/,de discusion is long.,La discusión es larga.
They watch the debate.,/ðeɪ wɒtʃ ðə dɪbeɪt/,dei guoch de debate.,Ellos miran el debate.
We debate the plan.,/wiː dɪbeɪt ðə plæn/,ui debate de plan.,Debatimos el plan.
My interlocutor is nice.,/maɪ ɪntəlɒkjətər ɪz naɪs/,mai interlocutor is nais.,Mi interlocutor es amable.
This is a good topic.,/ðɪs ɪz ə gʊd tɒpɪk/,dis is a gud topic.,Este es un buen tema.
I like your point of view.,/aɪ laɪk jɔː pɔɪnt ɒv vjuː/,ai laik yor point of viu.,Me gusta tu punto de vista.
What is your opinion?,/wɒt ɪz jɔː əpɪnjən/,uot is yor opinion.,¿Cuál es tu opinión?
The speech is short.,/ðə spiːtʃ ɪz ʃɔːt/,de spich is short.,El discurso es corto.
We start the discussion now.,/wiː stɑːt ðə dɪskʌʃn naʊ/,ui start de discusion nau.,Empezamos la discusión ahora.
We discuss the news.,/wiː dɪskʌs ðə njuːz/,ui discus de niuz.,Discutimos las noticias.
We have a long talk.,/wiː hæv ə lɒŋ tɔːk/,ui jav a long tok.,Tenemos una charla larga.
I talk to my friend.,/aɪ tɔːk tuː maɪ frɛnd/,ai tok tu mai frend.,Hablo con mi amigo.
The meeting is at work.,/ðə ˈmiːtɪŋ ɪz æt wɜːk/,de miting is at uork.,La reunión está en el trabajo.
This is an old proverb.,/ðɪs ɪz æn əʊld ˈprɒvɜːb/,dis is an old probeb.,Este es un viejo proverbio.
She knows a good saying.,/ʃiː nəʊz ə gʊd ˈseɪɪŋ/,shi nouz a gud seying.,Ella conoce un buen dicho.
I solve the riddle.,/aɪ sɒlv ðə ˈrɪdəl/,ai solv de ridel.,Resuelvo el acertijo.
The password is secret.,/ðə ˈpɑːswɜːd ɪz ˈsiːkrɪt/,de pasuord is sikrit.,La contraseña es secreta.
We have a secret place.,/wiː hæv ə ˈsiːkrɪt pleɪs/,ui jav a sikrit pleis.,Tenemos un lugar secreto.
He makes an oath.,/hiː meɪks æn əʊθ/,ji meiks an oz.,Él hace un juramento.
They swear to tell the truth.,/ðeɪ sweə tuː tɛl ðə truːθ/,dei suer tu tel de truz.,Ellos juran decir la verdad.
I make a promise.,/aɪ meɪk ə ˈprɒmɪs/,ai meik a promis.,Hago una promesa.
She promises to help.,/ʃiː ˈprɒmɪsɪz tuː hɛlp/,shi promisiz tu jelp.,Ella promete ayudar.
He gives me good advice.,/hiː gɪvz miː gʊd ədˈvaɪs/,ji givs mi gud advais.,Él me da buenos consejos.
I advise you to wait.,/aɪ ədˈvaɪz juː tuː weɪt/,ai advais yu tu ueit.,Te aconsejo que esperes.
The news is good.,/ðə njuːz ɪz gʊd/,de niuz is gud.,Las noticias son buenas.
This is the conclusion.,/ðɪs ɪz ðə kənˈkluːʒən/,dis is de conclushon.,Esta es la conclusión.
Her voice is loud.,/hɜː vɔɪs ɪz laʊd/,jer vois is laud.,Su voz es alta.
Thank you for the compliment.,/θæŋk juː fɔː ðə ˈkɒmplɪmənt/,zank yu for de compliment.,Gracias por el cumplido.
I write a word.,/aɪ raɪt ə wɜːd/,ai rait a uord.,Escribo una palabra.
You know the phrase.,/juː nəʊ ðə freɪz/,yu nou de freis.,Tú conoces la frase.
The answer is right.,/ðə ˈɑːnsə ɪz raɪt/,de anser is rait.,La respuesta es correcta.
We tell the truth.,/wiː tɛl ðə truːθ/,ui tel de truz.,Decimos la verdad.
It is a big lie.,/ɪt ɪz ə bɪg laɪ/,it is a big lai.,Es una gran mentira.
It isn't a big lie.,/ɪt ˈɪzənt ə bɪɡ laɪ/,it isent a big lai.,No es una gran mentira.
Is it a big lie?,/ɪz ɪt ə bɪɡ laɪ/,is it a big lai?,¿Es una gran mentira?
Who told that big lie?,/huː təʊld ðæt bɪɡ laɪ/,ju tould dat big lai?,¿Quién dijo esa gran mentira?
It was a big lie.,/ɪt wɒz ə bɪɡ laɪ/,it woz a big lai.,Fue una gran mentira.
I have a thought.,/aɪ hæv ə θɔːt/,ai jav a zot.,Tengo un pensamiento.
She has an idea.,/ʃiː hæz æn aɪˈdɪə/,shi jaz an aidea.,Ella tiene una idea.
She doesn't have an idea.,/ʃiː ˈdʌznt hæv æn aɪˈdɪə/,shi dasnt jav an aidea.,Ella no tiene una idea.
Does she have an idea?,/dʌz ʃiː hæv æn aɪˈdɪə/,das shi jav an aidea?,¿Tiene una idea ella?
Why does she have an idea?,/waɪ dʌz ʃi hæv ən aɪˈdɪə/,guai daz shi jav an aidía?,¿Por qué tiene una idea?
She had an idea.,/ʃiː hæd æn aɪˈdɪə/,shi jad an aidea.,Ella tuvo una idea.
He likes fantasy.,/hiː laɪks ˈfæntəsi/,ji laiks fantasi.,A él le gusta la fantasía.
He is a respected teacher.,/hiː ɪz ə rɪˈspɛktɪd ˈtiːtʃə/,ji is a rispektid ticher.,Él es un profesor respetado.
I respect my parents.,/aɪ rɪˈspɛkt maɪ ˈpeərənts/,ai rispect mai perents.,Respeto a mis padres.
Show respect to your friends.,/ʃəʊ rɪˈspɛkt tuː jɔː frɛnds/,shou rispect tu yur frends.,Muestra respeto a tus amigos.
"Dear John, I am fine.",/dɪə dʒɒn aɪ æm faɪn/,"dior yon, ai am fain.","Estimado Juan, estoy bien."
Let me introduce my friend.,/lɛt miː ˌɪntrəˈdjuːs maɪ frɛnd/,let mi intrudius mai frend.,Déjame presentar a mi amigo.
I make acquaintance easily.,/aɪ meɪk əˈkweɪntəns ˈiːzɪli/,ai meik akueitans isili.,Hago amigos fácilmente.
My intention is to study.,/maɪ ɪnˈtɛnʃən ɪz tuː ˈstʌdi/,mai intenshion is tu studi.,Mi intención es estudiar.
I intend to go home.,/aɪ ɪnˈtɛnd tuː gəʊ həʊm/,ai intend tu gou jom.,Tengo la intención de ir a casa.
It is my wish to help.,/ɪt ɪz maɪ wɪʃ tuː hɛlp/,it is maí uish tu jelp.,Es mi deseo ayudar.
I wish you good luck.,/aɪ wɪʃ juː gʊd lʌk/,ai uish yu gud lak.,Te deseo buena suerte.
It was a big surprise.,/ɪt wɒz ə bɪg səˈpraɪz/,it uos a big sorpraiz.,Fue una gran sorpresa.
You surprise me every day.,/juː səˈpraɪz miː ˈɛvri deɪ/,yu sorpraiz mi evri dei.,Me sorprendes todos los días.
She was surprised by the gift.,/ʃiː wɒz səˈpraɪzd baɪ ðə gɪft/,shi uas sorpraizd bai de gift.,Ella estaba sorprendida por el regalo.
Please give me the book.,/pliːz gɪv miː ðə bʊk/,plis giv mi de buk.,Por favor dame el libro.
I take the bus to work.,/aɪ teɪk ðə bʌs tuː wɜːk/,ai teik de bas tu wuerk.,Tomo el autobús al trabajo.
I give back the pen.,/aɪ gɪv bæk ðə pɛn/,ai giv bak de pen.,Devuelvo el bolígrafo.
I return the book today.,/aɪ rɪˈtɜːn ðə bʊk təˈdeɪ/,ai ritorn de buk tudei.,Devuelvo el libro hoy.
I apologize for the mistake.,/aɪ əˈpɒlədʒaɪz fɔː ðə mɪˈsteɪk/,ai apolochais for de misteik.,Me disculpo por el error.
His apology was very short.,/hɪz əˈpɒlədʒi wɒz ˈvɛri ʃɔːt/,jis apolochi uas very short.,Su disculpa fue muy breve.
I forgive you my friend.,/aɪ fəˈgɪv juː maɪ frɛnd/,ai forgiv yu mai frend.,Te perdono mi amigo.
I talk to my mom.,/aɪ tɔːk tuː maɪ mɒm/,ai tok tu mai mom.,Hablo con mi mamá.
I listen to the music.,/aɪ ˈlɪsn tuː ðə ˈmjuːzɪk/,ai lisen tu de miusic.,Escucho la música.
Please hear me out now.,/pliːz hɪə miː aʊt naʊ/,plis jir mi aut nau.,Por favor escúchame hasta el final.
I understand the lesson.,/aɪ ˌʌndəˈstænd ðə ˈlɛsn/,ai anderstand de lesn.,Entiendo la lección.
Show me your new phone.,/ʃəʊ miː jɔː njuː fəʊn/,shou mi yur niu foun.,Muéstrame tu teléfono nuevo.
I look at the big cat.,/aɪ lʊk æt ðə bɪɡ kæt/,ai luk at de big cat.,Miro al gato grande.
I don't look at the big cat.,/aɪ dəʊnt lʊk æt ðə bɪɡ kæt/,ai dont luk at de big cat.,No miro al gato grande.
Do you look at the big cat?,/duː juː lʊk æt ðə bɪɡ kæt/,du yu luk at de big cat?,¿Miras al gato grande?
Why do you look at the big cat?,/waɪ du ju lʊk ət ðə bɪg kæt/,guai diu iu luk at de big cat?,¿Por qué miras al gato grande?
I looked at the big cat.,/aɪ lʊkt æt ðə bɪɡ kæt/,ai lukt at de big cat.,Miré al gato grande.
I call my mom now.,/aɪ kɔːl maɪ mɒm naʊ/,ai kol mai mom nau.,Llamo a mi mamá ahora.
Do not distract the boy.,/duː nɒt dɪˈstrækt ðə bɔɪ/,du not distract de boi.,No distraigas al niño.
Please do not disturb me.,/pliːz duː nɒt dɪˈstɜːb miː/,pliz du not disturb mi.,"Por favor, no me molestes."
Pass me the blue pen.,/pɑːs miː ðə bluː pɛn/,pas mi de bliu pen.,Pásame el bolígrafo azul.
It is a big demand.,/ɪt ɪz ə bɪɡ dɪˈmɑːnd/,it is a big demand.,Es una gran demanda.
It isn't a big demand.,/ɪt ˈɪzənt ə bɪɡ dɪˈmɑːnd/,it isent a big demand.,No es una gran demanda.
Is it a big demand?,/ɪz ɪt ə bɪɡ dɪˈmɑːnd/,is it a big demand?,¿Es una gran demanda?
Why is it a big demand?,/waɪ ɪz ɪt ə bɪg dɪˈmɑːnd/,guai iz it a big dimánd?,¿Por qué es una gran demanda?
It was a big demand.,/ɪt wɒz ə bɪɡ dɪˈmɑːnd/,it woz a big demand.,Fue una gran demanda.
I request some water now.,/aɪ rɪˈkwɛst sʌm ˈwɔːtə naʊ/,ai riquest sam guater nau.,Solicito agua ahora.
The demand is very high.,/ðə dɪˈmɑːnd ɪz ˈvɛri haɪ/,de demand is jeri jai.,La demanda es muy alta.
I demand my book back.,/aɪ dɪˈmɑːnd maɪ bʊk bæk/,ai demand mai buk bak.,Exijo mi libro de vuelta.
Do not tease my dog.,/duː nɒt tiːz maɪ dɒɡ/,du not tiz mai dog.,No molesten a mi perro.
They mock the bad car.,/ðeɪ mɒk ðə bæd kɑː/,dei mock de bad kar.,Se burlan del mal coche.
His mockery is not nice.,/hɪz ˈmɒkəri ɪz nɒt naɪs/,jis mockeri is not nais.,Su burla no es agradable.
My nickname is Tom.,/maɪ ˈnɪkneɪm ɪz tɒm/,mai nickname is tom.,Mi apodo es Tom.
It is a vague allusion.,/ɪt ɪz ə veɪɡ əˈluːʒən/,it is a veig allusion.,Es una vaga alusión.
I allude to the old cat.,/aɪ əˈluːd tuː ðə əʊld kæt/,ai allude tu de old cat.,Aludo al gato viejo.
I imply that I am sad.,/aɪ ɪmˈplaɪ ðæt aɪ æm sæd/,ai implai dat ai am sad.,Doy a entender que estoy triste.
The description is very short.,/ðə dɪˈskrɪpʃən ɪz ˈvɛri ʃɔːt/,de description is jeri short.,La descripción es muy corta.
I describe my new house.,/aɪ dɪˈskraɪb maɪ njuː haʊs/,ai describ mai niu jaus.,Describo mi nueva casa.
Her praise is very good.,/hɜː preɪz ɪz ˈvɛri ɡʊd/,jer preiz is jeri gud.,Su elogio es muy bueno.
Her praise is not very good.,/hɜː preɪz ɪz nɒt ˈvɛri ɡʊd/,jer preiz is not jeri gud.,Su elogio no es muy bueno.
Is her praise very good?,/ɪz hɜː preɪz ˈvɛri ɡʊd/,is jer preiz jeri gud?,¿Es muy bueno su elogio?
Why is her praise very good?,/waɪ ɪz hɜː preɪz ˈvɛri gʊd/,guai iz jér preis véri gud?,¿Por qué su elogio es muy bueno?
Her praise was very good.,/hɜː preɪz wɒz ˈvɛri ɡʊd/,jer preiz woz jeri gud.,Su elogio era muy bueno.
I praise the nice girl.,/aɪ preɪz ðə naɪs ɡɜːl/,ai preiz de nais gerl.,Elogio a la chica agradable.
His face shows disappointment.,/hɪz feɪs ʃəʊz ˌdɪsəˈpɔɪntmənt/,jis feis shous disappointment.,Su cara muestra decepción.
I do not disappoint you.,/aɪ duː nɒt ˌdɪsəˈpɔɪnt juː/,ai du not disappoint yu.,No te decepciono.
She is disappointed today.,/ʃiː ɪz ˌdɪsəˈpɔɪntɪd təˈdeɪ/,shi is disappointed tudei.,Ella está decepcionada hoy.
It is just a supposition.,/ɪt ɪz dʒʌst ə ˌsʌpəˈzɪʃən/,it is yast a supposition.,Es solo una suposición.
I suppose it is true.,/aɪ səˈpəʊz ɪt ɪz truː/,ai supous it is tru.,Supongo que es verdad.
He saw the warning.,/hiː sɔː ðə ˈwɔːnɪŋ/,ji sor de uorning.,Él vio la advertencia.
I will warn him.,/aɪ wɪl wɔːn hɪm/,ai uil uor jim.,Le advertiré.
She can talk into him.,/ʃiː kæn tɔːk ˈɪntuː hɪm/,shi kan tok intu jim.,Ella puede convencerlo.
It can calm down the dog.,/ɪt kæn kɑːm daʊn ðə dɒɡ/,it kan kam daun de dog.,Puede calmar al perro.
I like the silence.,/aɪ laɪk ðə ˈsaɪləns/,ai laik de sailens.,Me gusta el silencio.
I don't like the silence.,/aɪ dəʊnt laɪk ðə ˈsaɪləns/,ai dont laik de sailens.,No me gusta el silencio.
Do you like the silence?,/duː juː laɪk ðə ˈsaɪləns/,du yu laik de sailens?,¿Te gusta el silencio?
Why do you like the silence?,/waɪ duː juː laɪk ðə ˈsaɪləns/,wai du yu laik de sailens?,¿Por qué te gusta el silencio?
I liked the silence.,/aɪ laɪkt ðə ˈsaɪləns/,ai laikt de sailens.,Me gustó el silencio.
You keep silent now.,/juː kiːp ˈsaɪlənt naʊ/,yu kip sailent nau.,Te mantienes en silencio ahora.
They whisper to me.,/ðeɪ ˈwɪspə tuː miː/,dei uisper tu mi.,Ellos me susurran.
I heard a whisper.,/aɪ hɜːd ə ˈwɪspə/,ai jerd a uisper.,Oí un susurro.
I speak frankly.,/aɪ spiːk ˈfræŋkli/,ai espik frainkli.,Hablo con franqueza.
"In my opinion, it is good.",/ɪn maɪ əˈpɪnjən ɪt ɪz ɡʊd/,"in main pinion, it is gud.","En mi opinión, es bueno."
She likes the detail.,/ʃiː laɪks ðə ˈdiːteɪl/,shi laiks de diteil.,A ella le gusta el detalle.
It is a detailed map.,/ɪt ɪz ə ˈdiːteɪld mæp/,it is a diteild map.,Es un mapa detallado.
I read it in detail.,/aɪ riːd ɪt ɪn ˈdiːteɪl/,ai rid it in diteil.,Lo leí con detalle.
He gave a hint.,/hiː ɡeɪv ə hɪnt/,ji geiv a jint.,Él dio una pista.
I can give a hint.,/aɪ kæn ɡɪv ə hɪnt/,ai kan gib a jint.,Puedo dar una pista.
She gave a look.,/ʃiː ɡeɪv ə lʊk/,shi geiv a luk.,Ella lanzó una mirada.
Can I have a look?,/kæn aɪ hæv ə lʊk/,kan ai jav a luk.,¿Puedo echar un vistazo?
He has a fixed look.,/hiː hæz ə fɪkst lʊk/,ji jas a fikst luk.,Él tiene una mirada fija.
He doesn't have a fixed look.,/hiː ˈdʌznt hæv ə fɪkst lʊk/,ji dasnt jav a fikst luk.,Él no tiene una mirada fija.
Does he have a fixed look?,/dʌz hiː hæv ə fɪkst lʊk/,das ji jav a fikst luk?,¿Él tiene una mirada fija?
Why does he have a fixed look?,/waɪ dʌz hi hæv ə fɪkst lʊk/,guai daz ji jav a fikst luk?,¿Por qué tiene la mirada fija?
He had a fixed look.,/hiː hæd ə fɪkst lʊk/,ji jad a fikst luk.,Él tenía una mirada fija.
I blink my eyes.,/aɪ blɪŋk maɪ aɪz/,ai blinjk mai ais.,Parpadeo los ojos.
She will wink at him.,/ʃiː wɪl wɪŋk æt hɪm/,shi uil uink at jim.,Ella le guiñará un ojo.
He will nod at her.,/hiː wɪl nɒd æt hɜː/,ji uil nod at jer.,Él asentirá hacia ella.
I heard a sigh.,/aɪ hɜːd ə saɪ/,ai jerd a sai.,Oí un suspiro.
She will sigh loudly.,/ʃiː wɪl saɪ ˈlaʊdli/,shi uil sai laudli.,Ella suspirará ruidosamente.
They shudder in the cold.,/ðeɪ ˈʃʌdər ɪn ðə kəʊld/,dei shoder in de cold.,Ellos tiemblan con el frío.
It is a nice gesture.,/ɪt ɪz ə naɪs ˈdʒɛstʃə/,it is a naiyai duestcher.,Es un buen gesto.
Please do not touch my arm.,/pliːz duː nɒt tʌtʃ maɪ ɑːm/,pliz du nat tach mai arm.,Por favor no toques mi brazo.
He will seize the bad man.,/hiː wɪl siːz ðə bæd mæn/,ji wil siiz de bad man.,Él tomará al hombre malo.
She can tap on the table.,/ʃiː kæn tæp ɒn ðə ˈteɪbl/,shi kan tap on de teibol.,Ella puede tocar la mesa.
Look out! That car is fast.,/lʊk aʊt! ðæt kɑːr ɪz fæst/,luk aut! dat car is fast.,¡Cuidado! Ese coche es rápido.
Really? I like that book.,/ˈrɪəli? aɪ laɪk ðæt bʊk/,riali? ai laik dat buk.,¿De verdad? Me gusta ese libro.
Are you sure about the time?,/ɑː juː ʃʊər əˈbaʊt ðə taɪm/,ar yu shuer abaut de taim.,¿Estás seguro de la hora?
Good luck! You can do it.,/ɡʊd lʌk! juː kæn duː ɪt/,gud lak! yu kan du it.,¡Buena suerte! Tú puedes hacerlo.
I see! It is your dog.,/aɪ siː! ɪt ɪz jʊə dɒɡ/,ai si! it is yur dog.,¡Entiendo! Es tu perro.
I see! It is not your dog.,/aɪ siː! ɪt ɪz nɒt jʊə dɒɡ/,ai si! it is not yur dog.,¡Entiendo! No es tu perro.
I see! Is it your dog?,/aɪ siː! ɪz ɪt jʊə dɒɡ/,ai si! is it yur dog?,¡Entiendo! ¿Es tu perro?
Why is it your dog?,/waɪ ɪz ɪt jɔː dɒg/,guai iz it yor dog?,¿Por qué es tu perro?
I saw! It was your dog.,/aɪ sɔː! ɪt wɒz jʊə dɒɡ/,ai so! it woz yur dog.,¡Entendí! Era tu perro.
It is a pity that he is sick.,/ɪt ɪz ə ˈpɪti ðæt hiː ɪz sɪk/,it is a piti dat ji is sik.,Es una lástima que él esté enfermo.
He gives his consent today.,/hiː ɡɪvz hɪz kənˈsent təˈdeɪ/,ji givs jis konsent tudei.,Él da su consentimiento hoy.
I agree with you.,/aɪ əˈɡriː wɪð juː/,ai agri wid yu.,Estoy de acuerdo contigo.
She shows her approval to him.,/ʃiː ʃəʊz hɜːr əˈpruːvl tuː hɪm/,shi shous jer apruval tu jim.,Ella le muestra su aprobación.
They approve the new plan.,/ðeɪ əˈpruːv ðə njuː plæn/,dei apruv de niu plan.,Ellos aprueban el nuevo plan.
Her refusal was very clear.,/hɜː rɪˈfjuːzl wɒz ˈvɛri klɪə/,jer ryfiuzual was beri kliar.,Su negativa fue muy clara.
We refuse to go now.,/wiː rɪˈfjuːz tuː ɡəʊ naʊ/,wi ryfiuz tu gou nau.,Nosotros rehusamos ir ahora.
Great! You are my friend.,/ɡreɪt! juː ɑː maɪ frɛnd/,greit! yu ar mai frend.,¡Genial! Tú eres mi amigo.
All right! We can start now.,/ɔːl raɪt! wiː kæn stɑːrt naʊ/,ol rait! wi can start nau.,¡Está bien! Podemos empezar ahora.
Okay! That is a good idea.,/əʊˈkeɪ! ðæt ɪz ə ɡʊd aɪˈdɪə/,okei! dat is a gud aidia.,¡Está bien! Esa es una buena idea.
The place is forbidden at night.,/ðə pleɪs ɪz fəˈbɪdn æt naɪt/,de pleis is forbiaiden at nait.,El lugar está prohibido por la noche.
It is forbidden to eat here.,/ɪt ɪz fəˈbɪdn tuː iːt hɪə/,it is forbiaiden tu it jia.,Está prohibido comer aquí.
It is impossible to fly.,/ɪt ɪz ɪmˈpɒsəbl tuː flaɪ/,it is imposibol tu flai.,Es imposible volar.
Your answer is incorrect.,/jʊər ˈɑːnsər ɪz ˌɪnkəˈrɛkt/,yur anser is incorect.,Tu respuesta es incorrecta.
They reject his bad idea.,/ðeɪ rɪˈdʒɛkt hɪz bæd aɪˈdɪə/,dei ryject jis bad aidia.,Ellos rechazan su mala idea.
I support my family.,/aɪ səˈpɔːt maɪ ˈfæməli/,ai suport myu famili.,Yo apoyo a mi familia.
She accepts the gift.,/ʃiː əkˈsɛpts ðə ɡɪft/,shi asepts de gift.,Ella acepta el regalo.
I confirm the time.,/aɪ kənˈfɜːrm ðə taɪm/,ai confirm de taim.,Confirmo la hora.
The confirmation is here.,/ðə ˌkɑːnfərˈmeɪʃn ɪz hɪr/,de confirmation is jir.,La confirmación está aquí.
I have permission.,/aɪ hæv pərˈmɪʃn/,ai jav permission.,Tengo permiso.
They permit the dog.,/ðeɪ pərˈmɪt ðə dɔːg/,dei permit de dog.,Ellos permiten al perro.
It is my decision.,/ɪt ɪz maɪ dɪˈsɪʒn/,it is mai decision.,Es mi decisión.
I say nothing.,/aɪ seɪ ˈnʌθɪŋ/,ai sei nazing.,No digo nada.
This is a condition.,/ðɪs ɪz ə kənˈdɪʃn/,dis is a condition.,Esta es una condición.
That is an excuse.,/ðæt ɪz ən ɪkˈskjuːs/,dat is an excuse.,Esa es una excusa.
I like his praise.,/aɪ laɪk hɪz preɪz/,ai laik jis praise.,Me gusta su elogio.
I don't like his praise.,/aɪ dəʊnt laɪk hɪz preɪz/,ai dount laik jis preiz.,No me gusta su elogio.
Do you like his praise?,/duː juː laɪk hɪz preɪz/,du yu laik jis preiz?,¿Te gusta su elogio?
Why do you like his praise?,/waɪ duː juː laɪk hɪz preɪz/,wai du yu laik jis preiz?,¿Por qué te gusta su elogio?
I liked his praise.,/aɪ laɪkt hɪz preɪz/,ai laikt jis preiz.,Me gustó su elogio.
She praises the food.,/ʃiː preɪzɪz ðə fuːd/,shi praises de fud.,Ella alaba la comida.
It is a big success.,/ɪt ɪz ə bɪg səkˈses/,it is a big success.,Es un gran éxito.
She successfully swims.,/ʃiː səkˈsesfəli swɪmz/,shi successfully swims.,Ella nada con éxito.
He is successful.,/hiː ɪz səkˈsesfl/,ji is successful.,Él tiene éxito.
I wish you good luck.,/aɪ wɪʃ juː gʊd lʌk/,ai wish yu gud lak.,Te deseo buena suerte.
Good luck!,/gʊd lʌk/,gud lak.,¡Buena suerte!
It is a lucky day.,/ɪt ɪz ə ˈlʌki deɪ/,it is a lucky dei.,Es un día de suerte.
I am very lucky.,/aɪ æm ˈveri ˈlʌki/,ai am beri lucky.,Tengo mucha suerte.
I am not very lucky.,/aɪ æm nɒt ˈveri ˈlʌki/,ai am not beri lucky.,No tengo mucha suerte.
Are you very lucky?,/ɑː juː ˈveri ˈlʌki/,ar yu beri lucky?,¿Tienes mucha suerte?
How lucky are you?,/haʊ ˈlʌki ɑː juː/,jau lucky ar yu?,¿Qué tanta suerte tienes?
I was very lucky.,/aɪ wɒz ˈveri ˈlʌki/,ai woz beri lucky.,Tuve mucha suerte.
It is a failure.,/ɪt ɪz ə ˈfeɪljər/,it is a failure.,Es un fracaso.
Misfortune is bad.,/ˌmɪsˈfɔːrtʃuːn ɪz bæd/,misfortune is bad.,La mala suerte es mala.
He has bad luck.,/hiː hæz bæd lʌk/,ji jas bad lak.,Él tiene mala suerte.
The plan was unsuccessful.,/ðə plæn wʌz ʌnsəkˈsesfl/,de plan was unsuccessful.,El plan no tuvo éxito.
It is a catastrophe.,/ɪt ɪz ə kəˈtæstrəfi/,it is a catastrophe.,Es una catástrofe.
She has pride.,/ʃiː hæz praɪd/,shi jas pride.,Ella tiene orgullo.
She doesn't have pride.,/ʃiː ˈdʌznt hæv praɪd/,shi dasnt jav pride.,Ella no tiene orgullo.
Does she have pride?,/dʌz ʃiː hæv praɪd/,das shi jav pride?,¿Ella tiene orgullo?
How much pride does she have?,/haʊ mʌtʃ praɪd dʌz ʃiː hæv/,jau mach pride das shi jav?,¿Cuánto orgullo tiene ella?
She had pride.,/ʃiː hæd praɪd/,shi jad pride.,Ella tenía orgullo.
I am very proud.,/aɪ æm ˈveri praʊd/,ai am beri praud.,Estoy muy orgulloso.
They are proud.,/ðeɪ ɑːr praʊd/,dei ar praud.,Ellos están orgullosos.
He is the winner.,/hiː ɪz ðə ˈwɪnə/,ji is de winner.,Él es el ganador.
I want to win.,/aɪ wɒnt tuː wɪn/,ai want tu win.,Quiero ganar.
They do not want to lose.,/ðeɪ duː nɒt wɒnt tuː luːz/,dei du not want tu luis.,Ellos no quieren perder.
It was a good try.,/ɪt wɒz ə gʊd traɪ/,it was a gud trai.,Fue un buen intento.
Please try hard.,/pliːz traɪ hɑːd/,pliz trai jard.,"Por favor, intenta mucho."
I have a chance.,/aɪ hæv ə tʃɑːns/,ai jav a chans.,Tengo una oportunidad.
I heard a shout.,/aɪ hɜːd ə ʃaʊt/,ai jerd a shaut.,Oí un grito.
Do not shout at me.,/duː nɒt ʃaʊt æt miː/,du not shaut at mi.,No me grites.
The baby starts to cry.,/ðə ˈbeɪbi stɑːts tuː kraɪ/,de beibi starts tu cai.,El bebé empieza a llorar.
They had a quarrel.,/ðeɪ hæd ə ˈkwɒrəl/,dei jad a cuoral.,Ellos tuvieron una pelea.
I do not like to quarrel.,/aɪ duː nɒt laɪk tuː ˈkwɒrəl/,ai du not laik tu cuoral.,No me gusta pelear.
It was a big fight.,/ɪt wɒz ə bɪg faɪt/,it was a big fait.,Fue una gran pelea.
They have a fight.,/ðeɪ hæv ə faɪt/,dei jav a fait.,Ellos tienen una pelea.
There is a conflict.,/ðeə ɪz ə ˈkɒnflɪkt/,der is a conflict.,Hay un conflicto.
It is a misunderstanding.,/ɪt ɪz ə ˌmɪsʌndəˈstændɪŋ/,it is a misanderstanding.,Es un malentendido.
That was an insult.,/ðæt wɒz ən ˈɪnsʌlt/,dat was an insult.,Eso fue un insulto.
Do not insult me.,/duː nɒt ˈɪnsʌlt miː/,du not insult mi.,No me insultes.
I feel insulted.,/aɪ fiːl ɪnˈsʌltɪd/,ai fil insulted.,Me siento insultado.
She has a lot of resentment.,/ʃiː hæz ə lɒt ɒv rɪˈzentmənt/,shi jav a lot ov resentment.,Ella tiene mucho resentimiento.
I did not mean to offend you.,/aɪ dɪd nɒt miːn tuː əˈfend juː/,ai did not min tu ofend yu.,No quise ofenderte.
He takes offense easily.,/hiː teɪks əˈfens ˈiːzɪli/,ji teiks ofens isili.,Él se ofende fácilmente.
She showed her indignation.,/ʃiː ʃəʊd hɜːr ˌɪndɪgˈneɪʃən/,shi shoud jer indignation.,Ella mostró su indignación.
They are indignant.,/ðeɪ ɑːr ɪnˈdɪgnənt/,dei ar indignant.,Ellos están indignados.
I have a complaint.,/aɪ hæv ə kəmˈpleɪnt/,ai jav a complaint.,Tengo una queja.
He likes to complain.,/hiː laɪks tuː kəmˈpleɪn/,ji laiks tu complein.,Le gusta quejarse.
I say sorry.,/aɪ seɪ ˈsɒri/,ai sei sori.,Pido perdón.
I say sorry to you.,/aɪ seɪ ˈsɒri tuː juː/,ai sei sori tu yu.,Te pido perdón.
I beg your pardon.,/aɪ bɛg jɔː ˈpɑːdən/,ai beg yor pardan.,Le pido perdón.
He does not like the talk.,/hiː dʌz nɒt laɪk ðə tɔːk/,ji das not laik de tok.,A él no le gusta la charla.
She talks about him.,/ʃiː tɔːks əˈbaʊt hɪm/,shi toks abaut jim.,Ella habla de él.
It is a bad word.,/ɪt ɪz ə bæd wɜːd/,it is a bad uerd.,Es una mala palabra.
He says she did it.,/hiː seɪz ʃiː dɪd ɪt/,ji seis shi did it.,Él dice que ella lo hizo.
He wants to hurt him.,/hiː wɒnts tuː hɜːt hɪm/,ji uants tu jert jim.,Él quiere lastimarlo.
I will hurt you back.,/aɪ wɪl hɜːt juː bæk/,ai uil jert yu bak.,Te haré daño a cambio.
I give the money back.,/aɪ gɪv ðə ˈmʌni bæk/,ai giv de mani bak.,Devuelvo el dinero.
She looks at him with no love.,/ʃiː lʊks æt hɪm wɪð nəʊ lʌv/,shi luks at jim wid no lav.,Ella lo mira sin amor.
I do not like you.,/aɪ dəʊ nɒt laɪk juː/,ai dou not laik yu.,No me gustas.
He feels bad.,/hiː fiːlz bæd/,ji filz bad.,Él se siente mal.
I hate this food.,/aɪ heɪt ðɪs fuːd/,ai jeit dis fud.,Odio esta comida.
I am not happy.,/aɪ æm nɒt ˈhæpi/,ai am not japi.,No estoy contento.
She is very sad.,/ʃiː ɪz ˈvɛri sæd/,shi is veri sad.,Ella está muy triste.
He is mad.,/hiː ɪz mæd/,ji is mad.,Él está enfadado.
She makes him mad.,/ʃiː meɪks hɪm mæd/,shi meiks jim mad.,Ella lo enfada.
It is a bad day.,/ɪt ɪz ə bæd deɪ/,it is a bad dei.,Es un mal día.
He laughs at her.,/hiː lɑːfs æt hɜː/,ji lafs at jer.,Él se ríe de ella.
I look bad today.,/aɪ lʊk bæd təˈdeɪ/,ai luk bad tudei.,Me veo mal hoy.
It is big news.,/ɪt ɪz bɪg njuːz/,it is big niuz.,Es una gran noticia.
The news scares me.,/ðə njuːz skeəs miː/,de niuz skers mi.,La noticia me asusta.
It is a hard thing.,/ɪt ɪz ə hɑːd θɪŋ/,it is a hard zink.,Es una cosa difícil.
The room is bad.,/ðə ruːm ɪz bæd/,de rum is bad.,La habitación es mala.
I feel fear.,/aɪ fiːl fɪər/,ai fil fir.,Yo siento miedo.
The weather is terrible.,/ðə ˈwɛðər ɪz ˈtɛrəbəl/,de ueder iz teroribl.,El tiempo es terrible.
The story is scary.,/ðə ˈstɔːri ɪz ˈskeəri/,de stori iz skiri.,El cuento da miedo.
I feel horror.,/aɪ fiːl ˈhɒrər/,ai fil joror.,Yo siento horror.
The news is awful.,/ðə njuːz ɪz ˈɔːfəl/,de niuz iz ofol.,Las noticias son horribles.
I begin to tremble.,/aɪ bɪˈɡɪn tu ˈtrɛmbəl/,ai begin tu trembol.,Yo empiezo a temblar.
The baby cries.,/ðə ˈbeɪbi kraɪz/,de beibi kraiz.,El bebé llora.
She starts crying.,/ʃiː stɑːrts ˈkraɪɪŋ/,shi starts kraing.,Ella empieza a llorar.
A tear falls.,/ə tɪər fɔːlz/,a tir folz.,Una lágrima cae.
It is my fault.,/ɪt ɪz maɪ fɔːlt/,it iz mai folt.,Es mi culpa.
I feel guilt.,/aɪ fiːl ɡɪlt/,ai fil guilt.,Yo siento culpa.
I feel dishonor.,/aɪ fiːl dɪsˈɒnər/,ai fil dishonor.,Yo siento deshonra.
They protest.,/ðeɪ ˈprəʊtest/,dei protezt.,Ellos protestan.
I feel stress.,/aɪ fiːl strɛs/,ai fil stres.,Yo siento estrés.
Do not disturb me.,/duː nɒt dɪˈstɜːrb miː/,du not disturb mi.,No me molestes.
He is furious.,/hiː ɪz ˈfjʊəriəs/,ji iz fiurios.,Él está furioso.
I am angry.,/aɪ æm ˈæŋɡri/,ai em angri.,Yo estoy enojado.
We end the game.,/wiː ɛnd ðə ɡeɪm/,ui end de geim.,Nosotros terminamos el juego.
Do not swear.,/duː nɒt sweər/,du not suer.,No的使用脏话。
I am scared.,/aɪ ɑːm skeərd/,ai arm skerd.,Yo tengo miedo.
I hit the ball.,/aɪ hɪt ðə bɔːl/,ai jit de bol.,Yo golpeo la pelota.
They fight.,/ðeɪ faɪt/,dei fait.,Ellos pelean.
We settle the conflict.,/wiː ˈsɛtl ðə ˈkɒnflɪkt/,ui setl de konflikt.,Nosotros resolvemos el conflicto.
I am discontented.,/aɪ ɑːm ˌdɪskənˈtɛntɪd/,ai arm discontentid.,Yo estoy descontento.
She is furious.,/ʃiː ɪz ˈfjʊəriəs/,shi iz fiurios.,Ella está furiosa.
It's not good!,/ɪts nɒt ɡʊd/,its not gud.,¡No está bien!
It's bad!,/ɪts bæd/,its bad.,¡Es malo!
He has a sickness.,/hiː hæz ə sɪknəs/,ji jas a siknes.,Él tiene una enfermedad.
He doesn't have a sickness.,/hiː ˈdʌznt hæv ə sɪknəs/,ji dásent jav a siknes.,Él no tiene una enfermedad.
Does he have a sickness?,/dʌz hiː hæv ə sɪknəs/,daz ji jav a siknes?,¿Él tiene una enfermedad?
What sickness does he have?,/wɒt sɪknəs dʌz hiː hæv/,guot siknes daz ji jav?,¿Qué enfermedad tiene él?
He had a sickness.,/hiː hæd ə sɪknəs/,ji jad a siknes.,Él tenía una enfermedad.
I am sick today.,/aɪ æm sɪk təˈdeɪ/,ai am sik tudei.,Estoy enfermo hoy.
Health is important.,/hɛlθ ɪz ɪmˈpɔːtənt/,jelz is impórtant.,La salud es importante.
She has a runny nose.,/ʃiː hæz ə rʌni nəʊz/,shi jas a rani nos.,Ella tiene mocos.
He has angina.,/hiː hæz ænˈdʒaɪnə/,ji jasz yáina.,Él tiene angina.
He doesn't have angina.,/hiː ˈdʌznt hæv ænˈdʒaɪnə/,ji dásent jav yáina.,Él no tiene angina.
Does he have angina?,/dʌz hiː hæv ænˈdʒaɪnə/,daz ji jav yáina?,¿Él tiene angina?
When does he get angina?,/wen dʌz hiː ɡet ænˈdʒaɪnə/,guén daz ji guet yáina?,¿Cuándo le da angina?
He had angina.,/hiː hæd ænˈdʒaɪnə/,ji jad yáina.,Él tenía angina.
I have a cold.,/aɪ hæv ə kəʊld/,ai jav a cold.,Tengo un resfriado.
Do not catch a cold.,/duː nɒt kætʃ ə kəʊld/,du not cach a cold.,No cojas un resfriado.
She has bronchitis.,/ʃiː hæz brɒŋˈkaɪtɪs/,shi jas brónkaitis.,Ella tiene bronquitis.
She doesn't have bronchitis.,/ʃiː ˈdʌznt hæv brɒŋˈkaɪtɪs/,shi dásent jav brónkaitis.,Ella no tiene bronquitis.
Does she have bronchitis?,/dʌz ʃiː hæv brɒŋˈkaɪtɪs/,daz shi jav brónkaitis?,¿Ella tiene bronquitis?
How did she get bronchitis?,/haʊ dɪd ʃiː ɡet brɒŋˈkaɪtɪs/,jao did shi guet brónkaitis?,¿Cómo contrajo ella bronquitis?
She had bronchitis.,/ʃiː hæd brɒŋˈkaɪtɪs/,shi jad brónkaitis.,Ella tenía bronquitis.
He has pneumonia.,/hiː hæz njuːˈməʊniə/,ji jas neumóunia.,Él tiene neumonía.
He doesn't have pneumonia.,/hiː ˈdʌznt hæv njuːˈməʊniə/,ji dásent jav neumóunia.,Él no tiene neumonía.
Does he have pneumonia?,/dʌz hiː hæv njuːˈməʊniə/,daz ji jav neumóunia?,¿Él tiene neumonía?
Who diagnosed his pneumonia?,/huː ˈdaɪəɡnəʊzd hɪz njuːˈməʊniə/,ju dáignóuzd jis neumóunia?,¿Quién diagnosticó su neumonía?
He had pneumonia.,/hiː hæd njuːˈməʊniə/,ji jad neumóunia.,Él tenía neumonía.
I have the flu.,/aɪ hæv ðə fluː/,ai jav de flu.,Tengo la gripe.
He is near-sighted.,/hiː ɪz nɪə saɪtɪd/,ji is nior sáited.,Él es miope.
She is far-sighted.,/ʃiː ɪz fɑː saɪtɪd/,shi is far sáited.,Ella es hipermétrope.
The baby has strabismus.,/ðə ˈbeɪbi hæz strəˈbɪzməs/,de beibi jas estrábismus.,El bebé tiene estrabismo.
He is cross-eyed.,/hiː ɪz krɒs aɪd/,ji is cros áid.,Él es bizco.
She has a cataract.,/ʃiː hæz ə kætərækt/,shi jas a cataract.,Ella tiene una catarata.
She doesn't have a cataract.,/ʃiː ˈdʌznt hæv ə kætərækt/,shi dásent jav a cataract.,Ella no tiene una catarata.
Does she have a cataract?,/dʌz ʃiː hæv ə kætərækt/,daz shi jav a cataract?,¿Ella tiene una catarata?
Which eye has the cataract?,/wɪtʃ aɪ hæz ðə kætərækt/,guich ai jaz de cataract?,¿Qué ojo tiene la catarata?
She had a cataract.,/ʃiː hæd ə kætərækt/,shi jad a cataract.,Ella tenía una catarata.
He has glaucoma.,/hiː hæz ɡlɔːˈkəʊmə/,ji jas glaucóuma.,Él tiene glaucoma.
He doesn't have glaucoma.,/hiː ˈdʌznt hæv ɡlɔːˈkəʊmə/,ji dásent jav glaucóuma.,Él no tiene glaucoma.
Does he have glaucoma?,/dʌz hiː hæv ɡlɔːˈkəʊmə/,daz ji jav glaucóuma?,¿Él tiene glaucoma?
Why does he have glaucoma?,/waɪ dʌz hiː hæv ɡlɔːˈkəʊmə/,guai daz ji jav glaucóuma?,¿Por qué él tiene glaucoma?
He had glaucoma.,/hiː hæd ɡlɔːˈkəʊmə/,ji jad glaucóuma.,Él tenía glaucoma.
He had a stroke.,/hiː hæd ə strəʊk/,ji jad a strok.,Él sufrió un derrame.
She had a heart attack.,/ʃiː hæd ə hɑːt əˈtæk/,shi jad a jart atak.,Ella tuvo un ataque al corazón.
It is a myocardial infarction.,/ɪt ɪz ə maɪəʊˈkɑːdiəl ɪnˈfɑːkʃən/,it is a maiocardial infarction.,Es un infarto de miocardio.
He has paralysis.,/hiː hæz pəˈræləsɪs/,ji jas parálisis.,Él tiene parálisis.
He doesn't have paralysis.,/hiː ˈdʌznt hæv pəˈræləsɪs/,ji dásent jav parálisis.,Él no tiene parálisis.
Does he have paralysis?,/dʌz hiː hæv pəˈræləsɪs/,daz ji jav parálisis?,¿Él tiene parálisis?
Where is his paralysis?,/weər ɪz hɪz pəˈræləsɪs/,guér iz jis parálisis?,¿Dónde está su parálisis?
He had paralysis.,/hiː hæd pəˈræləsɪs/,ji jad parálisis.,Él tenía parálisis.
The fear can paralyze you.,/ðə fɪə kæn pærəlaɪz juː/,de fir kan parálaiz yu.,El miedo puede paralizarte.
I have an allergy.,/aɪ hæv æn ˈælədʒi/,ai jav an alérji.,Tengo una alergia.
She has asthma.,/ʃiː hæz æzmə/,shi jas asma.,Ella tiene asma.
She doesn't have asthma.,/ʃiː ˈdʌznt hæv æzmə/,shi dásent jav asma.,Ella no tiene asma.
Does she have asthma?,/dʌz ʃiː hæv æzmə/,daz shi jav asma?,¿Ella tiene asma?
How bad is her asthma?,/haʊ bæd ɪz hɜːr æzmə/,jao bad is jer asma?,¿Qué tan grave es su asma?
She had asthma.,/ʃiː hæd æzmə/,shi jad asma.,Ella tenía asma.
He has diabetes.,/hiː hæz ˌdaɪəˈbiːtiːz/,ji jas diabetes.,Él tiene diabetes.
I have a toothache.,/aɪ hæv ə ˈtuːθeɪk/,ai jav a tuz-eik.,Tengo dolor de muelas.
She has caries.,/ʃiː hæz ˈkɛəriːz/,shi jas keries.,Ella tiene caries.
He has diarrhea.,/hiː hæz ˌdaɪəˈrɪə/,ji jas daire-ia.,Él tiene diarrea.
She has constipation.,/ʃiː hæz ˌkɒnstɪˈpeɪʃn/,shi jas konstipeishon.,Ella tiene estreñimiento.
I have a stomach upset.,/aɪ hæv ə ˈstʌmʌk ʌpˈsɛt/,ai jav a stomak apset.,Tengo el estómago revuelto.
He has food poisoning.,/hiː hæz fuːd ˈpɔɪzənɪŋ/,ji jas fuid poisoning.,Él tiene intoxicación alimentaria.
They have food poisoning.,/ðeɪ hæv fuːd ˈpɔɪzənɪŋ/,dei jav fuid poisoning.,Ellos tienen intoxicación alimentaria.
She has arthritis.,/ʃiː hæz ɑːˈθraɪtɪs/,shi jas artritis.,Ella tiene artritis.
The child has rickets.,/ðə tʃaɪld hæz ˈrɪkɪts/,de chaild jas rickets.,El niño tiene raquitismo.
He has rheumatism.,/hiː hæz ˈruːmətɪzəm/,ji jas rumatism.,Él tiene reumatismo.
He has atherosclerosis.,/hiː hæz ˌæθərəʊsklɪəˈrəʊsɪs/,ji jas aterosclerosis.,Él tiene arterioesclerosis.
She has gastritis.,/ʃiː hæz ɡæsˈtraɪtɪs/,shi jas gastritis.,Ella tiene gastritis.
He has appendicitis.,/hiː hæz əˌpɛndɪˈsaɪtɪs/,ji jas appendicitis.,Él tiene apendicitis.
She has cholecystitis.,/ʃiː hæz ˌkɒləsɪsˈtaɪtɪs/,shi jas colecistitis.,Ella tiene colecistitis.
He has an ulcer.,/hiː hæz æn ˈʌlsə/,ji jas an ulser.,Él tiene una úlcera.
The boy has measles.,/ðə bɔɪ hæz ˈmiːzəlz/,de boi jas miziels.,El niño tiene sarampión.
She has German measles.,/ʃiː hæz ˈdʒɜːmən ˈmiːzəlz/,shi jas yerman miziels.,Ella tiene rubéola.
He has jaundice.,/hiː hæz ˈdʒɔːndɪs/,ji jas yondis.,Él tiene ictericia.
She has hepatitis.,/ʃiː hæz ˌhɛpəˈtaɪtɪs/,shi jas hepatitis.,Ella tiene hepatitis.
He has schizophrenia.,/hiː hæz ˌskɪtsəˈfriːniə/,ji jaz esquizofrenia.,Él tiene esquizofrenia.
The dog has rabies.,/ðə dɒɡ hæz ˈreɪbiːz/,de dog jas reibis.,El perro tiene rabia.
She has neurosis.,/ʃiː hæz njʊəˈrəʊsɪs/,shi jas neurosis.,Ella tiene neurosis.
He has a concussion.,/hiː hæz ə kənˈkʌʃn/,ji jas a concushon.,Él tiene una conmoción cerebral.
She has cancer.,/ʃiː hæz ˈkænsə/,shi jas kancer.,Ella tiene cáncer.
She doesn't have cancer.,/ʃiː ˈdʌznt hæv ˈkænsə/,shi dasnt jav kancer.,Ella no tiene cáncer.
Does she have cancer?,/dʌz ʃiː hæv ˈkænsə/,das shi jav kancer?,¿Ella tiene cáncer?
Which type of cancer does she have?,/wɪtʃ taɪp ɒv ˈkænsə dʌz ʃiː hæv/,wich taip ov kancer das shi jav?,¿Qué tipo de cáncer tiene ella?
She had cancer.,/ʃiː hæd ˈkænsə/,shi jad kancer.,Ella tenía cáncer.
The doctor saw the sclerosis.,/ðə ˈdɒktə sɔː ðə skləˈroʊsɪs/,de doctor saw de sclerosis.,El médico vio la esclerosis.
He has multiple sclerosis.,/hiː hæz ˈmʌltɪpl skləˈroʊsɪs/,ji jas multiple sclerosis.,Él tiene esclerosis múltiple.
He fights alcoholism.,/hiː faɪts ˈælkəhɒlɪzəm/,ji faits alcoholism.,Él lucha contra el alcoholismo.
He is an alcoholic.,/hiː ɪz ən ˌælkəˈhɒlɪk/,ji is an alcoholic.,Él es alcohólico.
The test is for syphilis.,/ðə tɛst ɪz fɔːr ˈsɪfəlɪs/,de test is for syphilis.,La prueba es para sífilis.
She treats AIDS.,/ʃiː triːts eɪdz/,shi trits aids.,Ella trata el SIDA.
The tumor is small.,/ðə ˈtjuːmər ɪz smɔːl/,de tumor is small.,El tumor es pequeño.
The growth is malignant.,/ðə ɡroʊθ ɪz məˈlɪgnənt/,de grouz is malignant.,El crecimiento es maligno.
The spot is benign.,/ðə spɒt ɪz bɪˈnaɪn/,de spot is benign.,La mancha es benigna.
I have a fever.,/aɪ hæv ə ˈfiːvər/,ai jav a fever.,Tengo fiebre.
He got malaria.,/hiː ɡɒt məˈleəriə/,ji got malaria.,Él contrajo malaria.
The foot has gangrene.,/ðə fʊt hæz ˈɡæŋɡriːn/,de fut jas gangrene.,El pie tiene gangrena.
She has seasickness.,/ʃiː hæz ˈsiːsɪknəs/,shi jas seasickness.,Ella tiene mareo.
She has epilepsy.,/ʃiː hæz ˈɛpɪlɛpsi/,shi jas epilepsy.,Ella tiene epilepsia.
The flu is an epidemic.,/ðə fluː ɪz ən ˌɛpɪˈdɛmɪk/,de flu is an epidemic.,La gripe es una epidemia.
He caught typhus.,/hiː kɔːt ˈtaɪfəs/,ji cot typhus.,Él contrajo tifus.
She has tuberculosis.,/ʃiː hæz tuːˌbɜːrkjəˈloʊsɪs/,shi jas tuberculosis.,Ella tiene tuberculosis.
Cholera is bad.,/ˈkɒlərə ɪz bæd/,cholera is bad.,El cólera es malo.
The plague was bad.,/ðə pleɪɡ wɒz bæd/,de plague guas bad.,La peste fue mala.
A cough is a symptom.,/ə kɒf ɪz ə ˈsɪmptəm/,a cof is a symptom.,La tos es un síntoma.
Check the temperature.,/tʃɛk ðə ˈtɛmprətʃər/,check de temperature.,Controla la temperatura.
He has a high temperature.,/hiː hæz ə haɪ ˈtɛmprətʃər/,ji jav a jai temperature.,Él tiene mucha fiebre.
Check his pulse.,/tʃɛk hɪz pʌls/,check jis pulse.,Tómale el pulso.
She has giddiness.,/ʃiː hæz ˈɡɪdinəs/,shi jas giddiness.,Ella tiene mareo.
The tea is hot.,/ðə tiː ɪz hɒt/,de ti is jot.,El té está caliente.
The dog is shivering.,/ðə dɒg ɪz ˈʃɪvərɪŋ/,de dog is shivering.,El perro está temblando.
His face is pale.,/hɪz feɪs ɪz peɪl/,jis face is peil.,Su cara está pálida.
She has a bad cough.,/ʃi hæz ə bæd kɒf/,shi jas a bad cof.,Ella tiene una tos mala.
I cough a lot.,/aɪ kɒf ə lɒt/,ai cof a lot.,Toso mucho.
Please do not sneeze.,/pliːz duː nɒt sniːz/,pliz du not sniz.,Por favor no estornudes.
She feels like fainting.,/ʃi fiːlz laɪk ˈfeɪntɪŋ/,shi filz laik feinting.,Ella siente que se desmaya.
He might faint.,/hi maɪt feɪnt/,ji mait feint.,Él puede desmayarse.
I have a bruise.,/aɪ hæv ə bruːz/,ai jav a brus.,Tengo un moretón.
She has a bump.,/ʃi hæz ə bʌmp/,shi jav a bump.,Ella tiene un chichón.
Do not bruise yourself.,/duː nɒt bruːz jɔːˈself/,du not brus yuorseolf.,No te hagas moretones.
The bruise is big.,/ðə bruːz ɪz bɪg/,de brus is big.,El moretón es grande.
He got bruised.,/hi gɒt bruːzd/,ji got brust.,Él se magulló.
Why do you limp?,/waɪ duː juː lɪmp/,uai du yu limp?,¿Por qué cojeas?
It is a dislocation.,/ɪt ɪz ə ˌdɪsləˈkeɪʃn/,it is a dislocation.,Es una dislocación.
He did not dislocate it.,/hi dɪd nɒt ˈdɪsləkeɪt ɪt/,ji did not dislocate it.,Él no se lo dislocó.
She has a fracture.,/ʃi hæz ə ˈfræktʃə/,shi jav a fracture.,Ella tiene una fractura.
She doesn't have a fracture.,/ʃiː ˈdʌznt hæv ə ˈfræktʃə/,shi daznt jav a fracture.,Ella no tiene una fractura.
Does she have a fracture?,/dʌz ʃiː hæv ə ˈfræktʃə/,daz shi jav a fracture?,¿Ella tiene una fractura?
How did she get a fracture?,/haʊ dɪd ʃiː get ə ˈfræktʃə/,jau did shi guet a fracture?,¿Cómo consiguió ella una fractura?
She had a fracture.,/ʃiː hæd ə ˈfræktʃə/,shi jad a fracture.,Ella tenía una fractura.
I have a fracture.,/aɪ hæv ə ˈfræktʃə/,ai jav a fracture.,Tengo una fractura.
I have a small cut.,/aɪ hæv ə smɔːl kʌt/,ai jav a small cat.,Tengo un corte pequeño.
Do not cut yourself.,/duː nɒt kʌt jɔːˈself/,du not cat yuorseolf.,No te cortes.
My nose is bleeding.,/maɪ nəʊz ɪz ˈbliːdɪŋ/,mai nose is bliding.,Mi nariz está sangrando.
He has a burn.,/hi hæz ə bɜːn/,ji jav a burn.,Él tiene una quemadura.
He doesn't have a burn.,/hiː ˈdʌznt hæv ə bɜːn/,ji daznt jav a burn.,Él no tiene una quemadura.
Does he have a burn?,/dʌz hiː hæv ə bɜːn/,daz ji jav a burn?,¿Él tiene una quemadura?
Where does he have a burn?,/weə dʌz hiː hæv ə bɜːn/,guer daz ji jav a burn?,¿Dónde tiene él una quemadura?
He had a burn.,/hiː hæd ə bɜːn/,ji jad a burn.,Él tenía una quemadura.
She scalded herself.,/ʃi ˈskɔːldɪd hɜːˈself/,shi skalded jersolf.,Ella se quemó con líquido.
Do not prick me.,/duː nɒt prɪk miː/,du not prik mi.,No me pinches.
I pricked myself.,/aɪ prɪkt maɪˈself/,ai prikt maicolf.,Me pinché.
Do not injure him.,/duː nɒt ˈɪndʒə hɪm/,du not injure jim.,No lo lastimes.
He has a bad injury.,/hiː hæz ə bæd ˈɪndʒəri/,ji jaz a bed inyuri.,Él tiene una lesión grave.
He doesn't have a bad injury.,/hiː ˈdʌznt hæv ə bæd ˈɪndʒəri/,ji daznt jav a bed inyuri.,Él no tiene una lesión grave.
Does he have a bad injury?,/dʌz hiː hæv ə bæd ˈɪndʒəri/,daz ji jav a bed inyuri?,¿Él tiene una lesión grave?
How did he get a bad injury?,/haʊ dɪd hiː get ə bæd ˈɪndʒəri/,jau did ji guet a bed inyuri?,¿Cómo consiguió él una lesión grave?
He had a bad injury.,/hiː hæd ə bæd ˈɪndʒəri/,ji jad a bed inyuri.,Él tenía una lesión grave.
The wound is on his arm.,/ðə wuːnd ɪz ɒn hɪz ɑːrm/,de uund is on jiz arm.,La herida está en su brazo.
She has a trauma.,/ʃiː hæz ə ˈtraʊmə/,shi jaz a trauma.,Ella tiene un trauma.
She doesn't have a trauma.,/ʃiː ˈdʌznt hæv ə ˈtraʊmə/,shi daznt jav a trauma.,Ella no tiene un trauma.
Does she have a trauma?,/dʌz ʃiː hæv ə ˈtraʊmə/,daz shi jav a trauma?,¿Ella tiene un trauma?
Why does she have trauma?,/waɪ dʌz ʃi hæv ˈtrɔːmə/,guai daz shi jav tróma?,¿Por qué tiene trauma?
She had a trauma.,/ʃiː hæd ə ˈtraʊmə/,shi jad a trauma.,Ella tenía un trauma.
He is delirious today.,/hiː ɪz dɪˈlɪriəs təˈdeɪ/,ji iz dilirius today.,Él está delirando hoy.
I do not stutter.,/aɪ duː nɒt ˈstʌtər/,ai du not stater.,Yo no tartamudeo.
She has sunstroke.,/ʃiː hæz ˈsʌnstroʊk/,shi jaz sanstrok.,Ella tiene una insolación.
She doesn't have sunstroke.,/ʃiː ˈdʌznt hæv ˈsʌnstroʊk/,shi daznt jav sanstrok.,Ella no tiene una insolación.
Does she have sunstroke?,/dʌz ʃiː hæv ˈsʌnstroʊk/,daz shi jav sanstrok?,¿Ella tiene una insolación?
When did she get sunstroke?,/wen dɪd ʃiː get ˈsʌnstroʊk/,guen did shi guet sanstrok?,¿Cuándo tuvo ella una insolación?
She had sunstroke.,/ʃiː hæd ˈsʌnstroʊk/,shi jad sanstrok.,Ella tenía una insolación.
I feel pain in my leg.,/aɪ fiːl peɪn ɪn maɪ lɛg/,ai fil pein in mai leg.,Siento dolor en mi pierna.
I have a splinter.,/aɪ hæv ə ˈsplɪntər/,ai jav a splinter.,Tengo una astilla.
The sweat is cold.,/ðə swɛt ɪz koʊld/,de suet is cold.,El sudor es frío.
I sweat a lot.,/aɪ swɛt ə lɑːt/,ai suet a lot.,Sudo mucho.
He is vomiting.,/hiː ɪz ˈvɑmɪtɪŋ/,ji iz vometing.,Él está vomitando.
She has convulsions.,/ʃiː hæz kənˈvʌlʃənz/,shi jaz konvulsions.,Ella tiene convulsiones.
She doesn't have convulsions.,/ʃiː ˈdʌznt hæv kənˈvʌlʃənz/,shi daznt jav konvulsions.,Ella no tiene convulsiones.
Does she have convulsions?,/dʌz ʃiː hæv kənˈvʌlʃənz/,daz shi jav konvulsions?,¿Ella tiene convulsiones?
Why does she have convulsions?,/waɪ dʌz ʃiː hæv kənˈvʌl.ʃənz/,guái daz shi jav kanválshanz?,¿Por qué ella tiene convulsiones?
She had convulsions.,/ʃiː hæd kənˈvʌlʃənz/,shi jad konvulsions.,Ella tenía convulsiones.
She is pregnant.,/ʃiː ɪz ˈprɛgnənt/,shi iz pregnant.,Ella está embarazada.
I was born here.,/aɪ wʌz bɔːrn hɪr/,ai guas born jir.,Yo nací aquí.
The delivery was fast.,/ðə dɪˈlɪvəri wʌz fæst/,de diliveri guas fast.,El parto fue rápido.
She delivers the baby.,/ʃiː dɪˈlɪvərz ðə ˈbeɪbi/,shi dilivers de beibi.,Ella asiste al parto.
It is an abortion.,/ɪt ɪz æn əˈbɔːrʃən/,it is an abortion.,Es un aborto.
His breathing is slow.,/hɪz ˈbriːðɪŋ ɪz sloʊ/,jis briding is slou.,Su respiración es lenta.
The inhalation is deep.,/ðə ˌɪnhəˈleɪʃən ɪz diːp/,de injoleishon is dip.,La inhalación es profunda.
The exhalation is loud.,/ðə ˌekshəˈleɪʃən ɪz laʊd/,de eksoleishon is laud.,La exhalación es ruidosa.
Please exhale now.,/pliːz ɛksˈheɪl naʊ/,pliz exjeil nau.,"Por favor, exahale ahora."
Do not inhale it.,/duː nɒt ɪnˈheɪl ɪt/,du not injeil it.,No lo inhale.
He is a disabled person.,/hiː ɪz ə ˈdɪseɪbəld ˈpɜːrsən/,ji is a diseibld person.,Él es una persona discapacitada.
The cripple walks slow.,/ðə ˈkrɪpəl wɔːks sloʊ/,de crip uoks slou.,El lisiado camina lento.
He is a drug addict.,/hiː ɪz ə drʌg ˈædɪkt/,ji is a drug adict.,Él es un drogadicto.
The old man is deaf.,/ðə oʊld mæn ɪz dɛf/,de old men is def.,El anciano es sordo.
She is mute and sad.,/ʃiː ɪz mjuːt ænd sæd/,shi is myut and sad.,Ella es muda y triste.
He is deaf and dumb.,/hiː ɪz dɛf ænd dʌm/,ji is def and dam.,Él es sordomudo.
The mad dog runs fast.,/ðə mæd dɒɡ rʌnz fæst/,de mad dog rans fast.,El perro loco corre rápido.
The madman is loud.,/ðə mædmæn ɪz laʊd/,de madmen is laud.,El loco es ruidoso.
The madwoman cries a lot.,/ðə mædˌwʊmən kraɪz ə lɒt/,de madwuman kraiz a lot.,La loca llora mucho.
I might go insane.,/aɪ maɪt ɡoʊ ɪnˈseɪn/,ai mait go insein.,Puedo volverme loco.
The gene is small.,/ðə dʒiːn ɪz smɔːl/,de yin is smol.,El gen es pequeño.
He has no immunity.,/hiː hæz noʊ ɪˈmjuːnəti/,ji jas no inyuniti.,Él no tiene inmunidad.
He does not have immunity.,/hiː dʌz nɒt hæv ɪˈmjuːnəti/,ji das not jav inyuniti.,Él no tiene inmunidad.
Does he have immunity?,/dʌz hiː hæv ɪˈmjuːnəti/,das ji jav inyuniti?,¿Tiene él inmunidad?
Why does he have no immunity?,/waɪ dʌz hiː hæv nəʊ ɪˈmjuː.nə.ti/,guái daz ji jav nou imiuniti?,¿Por qué él no tiene inmunidad?
He had immunity.,/hiː hæd ɪˈmjuːnəti/,ji jad inyuniti.,Él tenía inmunidad.
It is a hereditary disease.,/ɪt ɪz ə həˈrɛdɪˌtɛri diˈziːz/,it is a jerediteri disis.,Es una enfermedad hereditaria.
She has a congenital problem.,/ʃiː hæz ə kənˈdʒɛnətəl ˈprɒbləm/,shi jas a konyenital problem.,Ella tiene un problema congénito.
A virus makes you sick.,/ə ˈvaɪrəs meɪks juː sɪk/,a vairus meiks yu sik.,Un virus te enferma.
I see a microbe.,/aɪ siː ə ˈmaɪkroʊb/,ai si a maikrob.,Veo un microbio.
The bacterium is bad.,/ðə bækˈtɪəriəm ɪz bæd/,de baktirium is bad.,La bacteria es mala.
The infection is gone.,/ðə ɪnˈfɛkʃən ɪz ɡɒn/,de infecsion is gon.,La infección se fue.
He works in a hospital.,/hiː wɜːrks ɪn ə ˈhɒspɪtəl/,ji works in a hospital.,Él trabaja en un hospital.
The patient is here.,/ðə ˈpeɪʃənt ɪz hɪər/,de peishient is jier.,El paciente está aquí.
The patient is not here.,/ðə ˈpeɪʃənt ɪz nɒt hɪə/,de peishient is not jier.,El paciente no está aquí.
Is the patient here?,/ɪz ðə ˈpeɪʃənt hɪə/,is de peishient jier?,¿Está el paciente aquí?
Where is the patient?,/weər ɪz ðə ˈpeɪʃənt/,uer is de peishient?,¿Dónde está el paciente?
The patient was here.,/ðə ˈpeɪʃənt wɒz hɪə/,de peishient uoz jier.,El paciente estaba aquí.
The diagnosis is clear.,/ðə ˌdaɪəɡˈnoʊsɪs ɪz klɪər/,de dayagnosis is clir.,El diagnóstico es claro.
We need a cure.,/wiː niːd ə kjʊər/,ui nid a kiur.,Necesitamos una cura.
She gets medical treatment.,/ʃiː ɡɛts ˈmɛdɪkəl ˈtriːtmənt/,shi gets medikal treatment.,Ella recibe tratamiento médico.
I go to get treatment.,/aɪ ɡoʊ tuː ɡɛt ˈtriːtmənt/,ai go tu get treatment.,Voy a recibir tratamiento.
They treat the sick.,/ðeɪ triːt ðə sɪk/,dei trit de sik.,Ellos tratan a los enfermos.
She will nurse him.,/ʃiː wɪl nɜːrs hɪm/,shi uil ners jim.,Ella cuidará de él.
The care is good.,/ðə kɛər ɪz ɡʊd/,de car is gud.,El cuidado es bueno.
He needs an operation.,/hiː niːdz æn ˌɒpəˈreɪʃən/,ji nids an opereshon.,Él necesita una operación.
He can bandage the cut.,/hiː kæn ˈbændɪdʒ ðə kʌt/,ji can bandyiche de cat.,Él puede vendar el corte.
Bandaging helps the wound.,/ˈbændɪdʒɪŋ hɛlps ðə wuːnd/,bandyijing jelps de wuand.,Vendar ayuda a la herida.
The vaccination is good.,/ðə ˌvæksɪˈneɪʃən ɪz ɡʊd/,de vakseineishon is gud.,La vacunación es buena.
They vaccinate the dog.,/ðeɪ ˈvæksɪneɪt ðə dɒɡ/,dei vakseineit de dog.,Ellos vacunan al perro.
I need an injection.,/aɪ niːd ən ɪnˈdʒɛkʃən/,ai nid an inyeccion.,Necesito una inyección.
She gives an injection.,/ʃiː ɡɪvz ən ɪnˈdʒɛkʃən/,shi givs an inyeccion.,Ella pone una inyección.
The attack was bad.,/ðə əˈtæk wɒz bæd/,de atak was bad.,El ataque fue malo.
The amputation hurts.,/ðə ˌæmpjʊˈteɪʃən hɜːts/,de ampiuteishon jerts.,La amputación duele.
They amputate the leg.,/ðeɪ ˈæmpjʊteɪt ðə lɛɡ/,dei ampiuteit de leg.,Ellos amputan la pierna.
He is in a coma.,/hiː ɪz ɪn ə ˈkəʊmə/,ji is in a coma.,Él está en coma.
She is in a coma.,/ʃiː ɪz ɪn ə ˈkəʊmə/,shi is in a coma.,Ella está en coma.
He needs intensive care.,/hiː niːdz ɪnˈtɛnsɪv keə/,ji nidz intensive care.,Él necesita cuidados intensivos.
I recover fast.,/aɪ rɪˈkʌvə fɑːst/,ai ricover fast.,Me recupero rápido.
His state is bad.,/hɪz steɪt ɪz bæd/,jis steit is bad.,Su estado es malo.
He lost his consciousness.,/hiː lɒst hɪz ˈkɒnʃəsnɪs/,ji lost jis consiosnes.,Él perdió el conocimiento.
My memory is good.,/maɪ ˈmɛməri ɪz ɡʊd/,mai memori is gud.,Mi memoria es buena.
She extracts the tooth.,/ʃiː ɪksˈtrækts ðə tuːθ/,shi iksatracts de tut.,Ella extrae el diente.
The filling is white.,/ðə ˈfɪlɪŋ ɪz waɪt/,de filing is wait.,El empaste es blanco.
He fills the tooth.,/hiː fɪlz ðə tuːθ/,ji filz de tut.,Él rellena el diente.
Hypnosis is strange.,/hɪpˈnəʊsɪs ɪz streɪndʒ/,jipnosis is streinch.,La hipnosis es extraña.
She can hypnotize you.,/ʃiː kæn ˈhɪpnətaɪz juː/,shi can hipnataiz yu.,Ella puede hipnotizarte.
The doctor is here.,/ðə ˈdɒktə ɪz hɪə/,de doctor is jia.,El doctor está aquí.
The doctor isn't here.,/ðə ˈdɒktə ˈɪznt hɪə/,de doctor isnt jia.,El doctor no está aquí.
Is the doctor here?,/ɪz ðə ˈdɒktə hɪə/,is de doctor jia?,¿Está el doctor aquí?
When is the doctor here?,/wen ɪz ðə ˈdɒktə hɪə/,guen is de doctor jia?,¿Cuándo está el doctor aquí?
The doctor was here.,/ðə ˈdɒktə wɒz hɪə/,de doctor woz jia.,El doctor estaba aquí.
I see the nurse.,/aɪ siː ðə nɜːs/,ai si de nurses.,Veo a la enfermera.
He is a private physician.,/hiː ɪz ə ˈpraɪvɪt fɪˈzɪʃən/,ji is a praivit fisicion.,Él es un médico privado.
I visit the dentist.,/aɪ ˈvɪzɪt ðə ˈdɛntɪst/,ai visit de dentist.,Visito al dentista.
The ophthalmologist checks my eyes.,/ðə ɒfθælˈmɒlədʒɪst tʃɛks maɪ aɪz/,de of-tal-mo-d-yist checks mai ais.,El oftalmólogo revisa mis ojos.
The internist treats my stomach.,/ðɪ ɪnˈtɜːnɪst triːts maɪ ˈstʌmək/,de in-ter-nist treats mai sto-mak.,El internista trata mi estómago.
The surgeon fixes the broken leg.,/ðə ˈsɜːdʒən fɪksɪz ðə ˈbrəʊkən lɛɡ/,de ser-d-yon fixes de broken leg.,El cirujano arregla la pierna rota.
I talk to the psychiatrist.,/aɪ tɔːk tuː ðə saɪˈkaɪətrɪst/,ai tok tu de sai-kai-a-trist.,Hablo con el psiquiatra.
The pediatrician helps my son.,/ðə ˌpiːdiəˈtrɪʃən hɛlps maɪ sʌn/,de pi-di-a-tri-shian helps mi san.,El pediatra ayuda a mi hijo.
The psychologist listens to me.,/ðə saɪˈkɒlədʒɪst lɪsnz tuː miː/,de sai-ko-lo-d-yist lisens tu mi.,El psicólogo me escucha.
She sees the gynecologist.,/ʃiː siːz ðə ɡaɪnəˈkɒlədʒɪst/,shi siis de gai-ne-ko-lo-d-yist.,Ella ve a la ginecóloga.
The cardiologist checks my heart.,/ðə ˌkɑːdiˈɒlədʒɪst tʃɛks maɪ hɑːt/,de car-di-o-lo-d-yist checks mai jart.,El cardiólogo revisa mi corazón.
I take the medicine.,/aɪ teɪk ðə ˈmɛdsɪn/,ai teik de med-sin.,Tomo la medicina.
This tea is a good remedy.,/ðɪs tiː ɪz ə ɡʊd ˈrɛmɪdi/,dis ti is a gud re-me-di.,Este té es un buen remedio.
He can prescribe the pills.,/hiː kæn prɪsˈkraɪb ðə pɪlz/,ji can pre-scraib de pills.,Él puede recetar las pastillas.
I need a prescription.,/aɪ niːd ə prɪsˈkrɪpʃən/,ai niid a pre-crip-shion.,Necesito una receta.
She takes a tablet.,/ʃiː teɪks ə ˈtæblɪt/,shi teiks a ta-blet.,Ella toma una pastilla.
Use the ointment on your arm.,/juːz ðə ˈɔɪntmənt ɒn jɔː ɑːm/,ius de oin-ment on yor arm.,Usa la pomada en tu brazo.
The ampule contains the liquid.,/ðiː ˈæmpjuːl kənˈteɪnz ðə ˈlɪkwɪd/,de am-piul con-teins de li-kwid.,La ampolla contiene el líquido.
Drink the mixture now.,/drɪŋk ðə ˈmɪkstʃə naʊ/,drink de mik-cher nau.,Bebe la mezcla ahora.
The syrup tastes sweet.,/ðə ˈsɪrəp teɪsts swiːt/,de sirap tests suiit.,El jarabe sabe dulce.
Take this pill for pain.,/teɪk ðɪs pɪl fɔː peɪn/,teik dis pil for pein.,Toma esta pastilla para el dolor.
Mix the powder with water.,/mɪks ðə ˈpaʊdə wɪð ˈwɔːtə/,miks de pa-u-er wid ua-ter.,Mezcla el polvo con agua.
Put a bandage on it.,/pʊt ə ˈbændɪdʒ ɒn ɪt/,put a ban-de-d-y on it.,Ponle una venda.
Use the cotton wool.,/juːz ðə ˈkɒtn wʊl/,ius de cot-n uol.,Usa el algodón.
Clean the cut with iodine.,/kliːn ðə kʌt wɪð ˈaɪədiːn/,clin de cat wid ai-iodin.,Limpia el corte con yodo.
He puts on a Band-Aid.,/hiː pʊts ɒn ə ˈbændeɪd/,ji puts on a ban-eid.,Él se pone una curita.
Use the eyedropper for water.,/juːz ðiː ˈaɪˌdrɒpə fɔː ˈwɔːtə/,ius de ai-dro-per for ua-ter.,Usa el gotero para agua.
Check the temperature with a thermometer.,/tʃɛk ðə ˈtɛmprɪtʃə wɪð ə θəˈmɒmɪtə/,check de tem-pe-ra-ture wid a zer-mo-me-ter.,Revisa la temperatura con un termómetro.
The nurse uses a syringe.,/ðə nɜːs juːzɪz ə sɪˈrɪndʒ/,de ners yusis a siriny.,La enfermera usa una jeringa.
He sits in a wheelchair.,/hiː sɪts ɪn ə ˈwiːltʃeə/,ji sits in a wuichier.,Él se sienta en una silla de ruedas.
She walks with crutches.,/ʃiː wɔːks wɪð ˈkrʌtʃɪz/,shi uks wid kruchis.,Ella camina con muletas.
Take a painkiller for pain.,/teɪk ə ˈpeɪnkɪlə fɔː peɪn/,teik a peinkiler for pein.,Toma un analgésico para el dolor.
He needs a laxative.,/hiː niːdz ə ˈlæksətɪv/,ji nids a laksativ.,Él necesita un laxante.
This bottle contains spirit.,/ðɪs ˈbɒtl kənˈteɪnz ˈspɪrɪt/,dis botol konteins spirit.,Esta botella contiene alcohol.
She buys medicinal herbs.,/ʃiː baɪz ˈmɛdɪsɪnl hɜːbz/,shi bais medicinal herbs.,Ella compra hierbas medicinales.
I like herbal tea.,/aɪ laɪk ˈhɜːbl tiː/,ai laik erbal ti.,Me gusta el té de hierbas.
Do not use tobacco.,/duː nɒt juːz təˈbækoʊ/,du not yuz tabaco.,No uses tabaco.
He smokes a cigarette.,/hiː sməʊks ə sɪɡəˈrɛt/,ji smoks aigaret.,Él fuma un cigarrillo.
My uncle likes cigars.,/maɪ ˈʌŋkl laɪks sɪˈɡɑːz/,mai onkl laiks sigars.,A mi tío le gustan los puros.
He holds a pipe.,/hiː həʊldz ə paɪp/,ji jolds a paip.,Él sostiene una pipa.
Buy a pack of cigarettes.,/baɪ ə pæk ɒv sɪɡəˈrɛts/,bai a pak ov aigarettes.,Compra un paquete de cigarrillos.
We need some matches.,/wiː niːd sʌm ˈmætʃɪz/,ui nid some machis.,Necesitamos algunas cerillas.
The matchbox is empty.,/ðə ˈmætʃbɒks ɪz ˈɛmpti/,de machboks is empti.,La caja de cerillas está vacía.
Use a lighter please.,/juːz ə ˈlaɪtə pliːz/,yuz a laider plis.,Usa un encendedor por favor.
Put it in the ashtray.,/pʊt ɪt ɪn ðə ˈæʃtreɪ/,put it in de ashtray.,Ponlo en el cenicero.
This is a cigarette case.,/ðɪs ɪz ə sɪɡəˈrɛt keɪs/,dis is a aigaret keys.,Este es un estuche de cigarrillos.
She uses a cigarette holder.,/ʃiː ˈjuːzɪz ə sɪɡəˈrɛt ˈhəʊldə/,shi yusis a aigaret jolder.,Ella usa una boquilla.
The filter is brown.,/ðə ˈfɪltə ɪz braʊn/,de filter is braun.,El filtro es marrón.
I do not smoke.,/aɪ duː nɒt sməʊk/,ai du not smok.,No fumo.
He lights a cigarette.,/hiː laɪts ə sɪɡəˈrɛt/,ji laits a aigaret.,Él enciende un cigarrillo.
Smoking is bad for you.,/ˈsməʊkɪŋ ɪz bæd fɔː juː/,smoking is bad for yu.,Fumar es malo para ti.
He is a heavy smoker.,/hiː ɪz ə ˈhɛvi ˈsməʊkə/,ji is a jevi smoker.,Él es un fumador empedernido.
Throw away the stub.,/θrəʊ əˈweɪ ðə stʌb/,zro awei de stab.,Tira la colilla.
I see smoke.,/aɪ siː smoʊk/,ai si smoke.,Veo humo.
The ash is white.,/ðə æʃ ɪz waɪt/,de ash is wáit.,La ceniza es blanca.
I live in a city.,/aɪ lɪv ɪn ə sɪti/,ai liv in a siti.,Vivo en una ciudad.
This is the capital city.,/ðɪs ɪz ðə kæpɪtl sɪti/,dis is de capital siti.,Esta es la capital.
It is a small village.,/ɪt ɪz ə smɔːl vɪlɪdʒ/,it is a small vilich.,Es un pueblo pequeño.
Look at the city map.,/lʊk æt ðə sɪti mæp/,luk at de siti map.,Mira el mapa de la ciudad.
We go downtown.,/wi ɡoʊ daʊntaʊn/,ui go dáuntaun.,Vamos al centro.
I live in a suburb.,/aɪ lɪv ɪn ə sʌbɜːrb/,ai liv in a sáburb.,Vivo en un suburbio.
This is a suburban house.,/ðɪs ɪz ə səbɜːrbən haʊs/,dis is a sábarn jaus.,Esta es una casa suburbana.
We walk on the outskirts.,/wi wɔːk ɒn ðaʊtskɜːrts/,ui uok on de áutskirts.,Caminamos por las afueras.
The environs are green.,/ðə ɪnvaɪrənz ɑːr griːn/,de inváirons ar grin.,Los alrededores son verdes.
Walk one city block.,/wɔːk wʌn sɪti blɒk/,uok uan siti blok.,Camina una manzana.
This is a residential block.,/ðɪs ɪz ə rɛzɪdɛnʃl blɒk/,dis is a residénsial blok.,Esta es una manzana residencial.
The traffic is bad.,/ðə træfɪk ɪz bæd/,de trafic is bad.,El tráfico es malo.
Stop at the traffic lights.,/stɒp æt ðə træfɪk laɪts/,stop at de trafik láits.,Para en el semáforo.
I use public transportation.,/aɪ juːz pʌblɪk trænspɔːrteɪʃn/,ai ius páblic transpórtéishon.,Uso el transporte público.
We meet at the intersection.,/wi miːt æt ðɪ ɪntərsɛkʃn/,ui mit at de intérsektion.,Nos encontramos en el cruce.
Use the crosswalk.,/juːz ðə krɒswɔːk/,iuz de cross-uok.,Usa el paso de peatones.
Go to the pedestrian underpass.,/ɡoʊ tu ðə pədɛstriən ʌndərpæs/,go tu de pedéstrian ánderpas.,Ve al paso subterráneo.
I cross the street.,/aɪ krɒs ðə striːt/,ai cross de strit.,Cruzo la calle.
The pedestrian walks fast.,/ðə pədɛstriən wɔːks fæst/,de pedéstrian uoks fast.,El peatón camina rápido.
Walk on the sidewalk.,/wɔːk ɒn ðə saɪdwɔːk/,uok on de sáid-uok.,Camina en la acera.
The bridge is long.,/ðə brɪdʒ ɪz lɒŋ/,de bridsh is long.,El puente es largo.
We sit on the bank.,/wi sɪt ɒn ðə bæŋk/,ui sit on de bank.,Nos sentamos en la orilla.
The fountain is pretty.,/ðə faʊntɪn ɪz prɪti/,de fáuntin is priti.,La fuente es bonita.
The allée is in the park.,/ðə ˈæleɪ ɪz ɪn ðə pɑːrk/,de alei is in de park.,El paseo está en el parque.
We play in the park.,/wi pleɪ ɪn ðə pɑːrk/,ui plei in de park.,Jugamos en el parque.
The car is on the boulevard.,/ðə kɑːr ɪz ɒn ðə ˈbʊləvɑːrd/,de kar is on de bullevard.,El coche está en el bulevar.
We sit in the square.,/wi sɪt ɪn ðə skweər/,ui sit in de skuer.,Nos sentamos en la plaza.
The avenue is very wide.,/ðə ˈævənjuː ɪz ˈvɛri waɪd/,de aveniu is beri uaid.,La avenida es muy ancha.
I live on this street.,/aɪ lɪv ɒn ðɪs striːt/,ai liv on dis strit.,Vivo en esta calle.
This is a quiet side street.,/ðɪs ɪz ə ˈkwaɪət saɪd striːt/,dis is a kuaiet said strit.,Esta es una calle lateral tranquila.
The road is a dead end.,/ðə roʊd ɪz ə dɛd ɛnd/,de roed is a ded end.,La carretera es un callejón sin salida.
This is my house.,/ðɪs ɪz maɪ haʊs/,dis is mai jaus.,Esta es mi casa.
The building is very tall.,/ðə ˈbɪldɪŋ ɪz ˈvɛri tɔːl/,de bilding is beri tol.,El edificio es muy alto.
I see a big skyscraper.,/aɪ siː ə bɪg ˈskaɪskreɪpər/,ai si a big skaiskreiper.,Veo un rascacielos grande.
I don't see a big skyscraper.,/aɪ dəʊnt siː ə bɪg ˈskaɪskreɪpər/,ai dount si a big skaiskreiper.,No veo un rascacielos grande.
Do you see a big skyscraper?,/duː juː siː ə bɪg ˈskaɪskreɪpər/,du iu si a big skaiskreiper?,¿Ves un rascacielos grande?
Where do you see a big skyscraper?,/weə duː juː siː ə bɪg ˈskaɪskreɪpər/,guer du iu si a big skaiskreiper?,¿Dónde ves un rascacielos grande?
I saw a big skyscraper.,/aɪ sɔː ə bɪg ˈskaɪskreɪpər/,ai so a big skaiskreiper.,Vi un rascacielos grande.
The facade is white.,/ðə fəˈsɑːd ɪz waɪt/,de fasad is uait.,La fachada es blanca.
The roof is red.,/ðə ruːf ɪz rɛd/,de ruf is red.,El techo es rojo.
Open the window.,/ˈoʊpən ðə ˈwɪndoʊ/,open de uindou.,Abre la ventana.
There is an arch here.,/ðeər ɪz ən ɑːrtʃ hɪər/,der is an arj jier.,Hay un arco aquí.
The column is made of stone.,/ðə ˈkɑːləm ɪz meɪd ʌv stoʊn/,de kolam is meid ov ston.,La columna es de piedra.
She stands on the corner.,/ʃi stændz ɒn ðə ˈkɔːrnər/,shi stands on de corner.,Ella está en la esquina.
Look at the store window.,/lʊk æt ðə stɔːr ˈwɪndoʊ/,luk at de stor uindou.,Mira la vitrina de la tienda.
The store sign is blue.,/ðə stɔːr saɪn ɪz bluː/,de stor sain is blu.,El letrero de la tienda es azul.
He puts up a poster.,/hi pʌts ʌp ə ˈpoʊstər/,ji puts ap a poster.,Él pega un cartel.
This is an advertising poster.,/ðɪs ɪz ən ˈædvərtaɪzɪŋ ˈpoʊstər/,dis is an adverbaisin poster.,Este es un cartel publicitario.
The billboard is very high.,/ðə ˈbɪlbɔːrd ɪz ˈvɛri haɪ/,de billboard is beri jai.,La valla publicitaria es muy alta.
Throw the garbage away.,/θroʊ ðə ˈɡɑːrbɪdʒ əˈweɪ/,zro de garbich auei.,Tira la basura.
Put it in the garbage can.,/pʊt ɪt ɪn ðə ˈɡɑːrbɪdʒ kæn/,put it in de garbich can.,Ponlo en el cubo de basura.
Please do not litter.,/pliːz duː nɒt ˈlɪtər/,pliz du not liter.,"Por favor, no tires basura."
The garbage dump is near the city.,/ðə ˈɡɑːrbɪdʒ dʌmp ɪz nɪər ðə ˈsɪti/,de garbish dump is near de siti.,El vertedero está cerca de la ciudad.
I called you from the phone booth.,/aɪ kɔːld juː frɒm ðə foʊn buːθ/,ai cold yu from de fon buz.,Te llamé desde la cabina telefónica.
The light is on the lamppost.,/ðə laɪt ɪz ɒn ðə ˈlæmpoʊst/,de lait is on de lampost.,La luz está en el poste de luz.
She sits on the bench.,/ʃiː sɪts ɒn ðə bɛntʃ/,shi sits on de bench.,Ella se sienta en el banco.
The police officer is nice.,/ðə pəˈliːs ˈɒfɪsər ɪz naɪs/,de polis ofiser is nais.,El policía es amable.
Call the police for help.,/kɔːl ðə pəˈliːs fɔːr hɛlp/,col de polis for jelp.,Llama a la policía para ayuda.
The beggar asks for money.,/ðə ˈbɛɡər æsks fɔːr ˈmʌni/,de beger asks for moni.,El mendigo pide dinero.
He is a homeless man.,/hiː ɪz ə ˈhoʊmləs mæn/,ji is a jomlos men.,Él es un hombre sin hogar.
We go to the store.,/wiː ɡoʊ tuː ðə stɔːr/,ui gu tu de stor.,Vamos a la tienda.
I need medicine from the drugstore.,/aɪ niːd ˈmɛdɪsɪn frɒm ðə ˈdrʌɡstɔːr/,ai nid medisin from de drugstor.,Necesito medicina de la farmacia.
He buys glasses at the optical store.,/hiː baɪz ˈɡlæsɪz æt ðə ˈɒptɪkəl stɔːr/,ji bais glasses at de optikal stor.,Él compra lentes en la óptica.
We shop at the shopping mall.,/wiː ʃɒp æt ðə ˈʃɒpɪŋ mɔːl/,ui shop at de shoping mol.,Compramos en el centro comercial.
She buys food at the supermarket.,/ʃiː baɪz fuːd æt ðə ˈsuːpərmɑːrkət/,shi bais fut at de supermarquet.,Ella compra comida en el supermercado.
The bakery sells bread.,/ðə ˈbeɪkəri sɛlz brɛd/,de beikeri sells bred.,La panadería vende pan.
The baker makes cakes.,/ðə ˈbeɪkər meɪks keɪks/,de beiker meiks cakes.,El panadero hace pasteles.
The child likes the candy store.,/ðə tʃaɪld laɪks ðə ˈkændi stɔːr/,de chaild laiks de kandi stor.,El niño le gusta la dulcería.
We go to the grocery store.,/wiː ɡoʊ tuː ðə ˈɡroʊsəri stɔːr/,ui gu tu de groseri stor.,Vamos a la tienda de comestibles.
He buys meat at the butcher shop.,/hiː baɪz miːt æt ðə ˈbʊtʃər ʃɒp/,ji bais mit at de bucher shop.,Él compra carne en la carnicería.
They sell fruit at the produce store.,/ðeɪ sɛl fruːt æt ðə ˈproʊduːs stɔːr/,dei sell frut at de prudus stor.,Ellos venden fruta en la verdulería.
The market is busy.,/ðə ˈmɑːrkət ɪz ˈbɪzi/,de marquet is bisi.,El mercado está ocupado.
I drink coffee at the coffee house.,/aɪ drɪŋk ˈkɒfi æt ðə ˈkɒfi haʊs/,ai drink coffi at de coffi jaus.,Tomo café en la cafetería.
We eat at the restaurant.,/wiː iːt æt ðə ˈrɛstərɒnt/,ui iit at de restorant.,Comemos en el restaurante.
They meet at the pub.,/ðeɪ miːt æt ðə pʌb/,dei mit at de pub.,Se encuentran en el bar.
She eats pizza at the pizzeria.,/ʃiː iːts ˈpiːtsə æt ðə ˌpiːtsəˈriːə/,shi iits pita at de piteria.,Ella come pizza en la pizzería.
He goes to the hair salon.,/hiː ɡoʊz tuː ðə hɛər sæˈlɒn/,ji gos tu de jer salon.,Él va a la peluquería.
I go to the post office.,/aɪ ɡəʊ tuː ðə pəʊst ɒfɪs/,ai gou tu de post ofis.,Voy a la oficina de correos.
She is at the dry cleaners.,/ʃiː ɪz æt ðə draɪ kliːnəz/,shi is at de drai kliners.,Ella está en la tintorería.
We like the photo studio.,/wiː laɪk ðə fəʊtəʊ stuːdiəʊ/,ui laik de foto studio.,Nos gusta el estudio de fotos.
This is a shoe store.,/ðɪs ɪz ə ʃuː stɔː/,dis is a shu stor.,Esta es una zapatería.
He goes to the bookstore.,/hiː ɡəʊz tuː ðə bʊkstɔː/,ji gouz tu de bukstor.,Él va a la librería.
It is a sporting goods store.,/ɪt ɪz ə ˈspɔːtɪŋ ɡʊdz stɔː/,it is a sporting guds stor.,Es una tienda de deportes.
I need clothes repair.,/aɪ niːd kləʊðz rɪˈpeə/,ai nid clods ripair.,Necesito reparación de ropa.
He gets a formal wear rental.,/hiː ɡɛts ə ˈfɔːməl weə ˈrɛntəl/,ji gets a formal wear rental.,Él alquila un traje formal.
We find the movie rental store.,/wiː faɪnd ðə ˈmuːvi ˈrɛntəl stɔː/,ui faind de mubi rental stor.,Encontramos la tienda de alquiler.
The circus is here.,/ðə ˈsɜːkəs ɪz hɪə/,de serkus is jir.,El circo está aquí.
The circus isn't here.,/ðə ˈsɜːkəs ˈɪznt hɪə/,de serkus isent jir.,El circo no está aquí.
Is the circus here?,/ɪz ðə ˈsɜːkəs hɪə/,is de serkus jir?,¿Está aquí el circo?
Why is the circus here?,/waɪ ɪz ðə ˈsɜːkəs hɪə/,guai is de serkus jir?,¿Por qué está aquí el circo?
The circus was here.,/ðə ˈsɜːkəs wɒz hɪə/,de serkus uas jir.,El circo estaba aquí.
They go to the zoo.,/ðeɪ ɡəʊ tuː ðə zuː/,dei gou tu de zu.,Ellos van al zoológico.
We are at the movie theater.,/wiː ɑː æt ðə ˈmuːvi θɪətə/,ui ar at de mubi ziater.,Estamos en el cine.
She visits the museum.,/ʃiː ˈvɪzɪts ðə mjuːˈziːəm/,shi visits de miuzium.,Ella visita el museo.
I read in the library.,/aɪ riːd ɪn ðə ˈlaɪbrəri/,ai rid in de laibrari.,Leo en la biblioteca.
We go to the theater.,/wiː ɡəʊ tuː ðə θɪətə/,ui gou tu de ziater.,Vamos al teatro.
I like the opera.,/aɪ laɪk ðə ˈɒpərə/,ai laik de opera.,Me gusta la ópera.
I do not like the opera.,/aɪ duː nɒt laɪk ðə ˈɒpərə/,ai du not laik de opera.,No me gusta la ópera.
Do you like the opera?,/duː juː laɪk ðə ˈɒpərə/,du iu laik de opera?,¿Te gusta la ópera?
Which opera do you like?,/wɪtʃ ˈɒpərə duː juː laɪk/,uich opera du iu laik?,¿Qué ópera te gusta?
I liked the opera.,/aɪ laɪkt ðə ˈɒpərə/,ai laikt de opera.,Me gustó la ópera.
He likes the nightclub.,/hiː laɪks ðə ˈnaɪtklʌb/,ji laiks de naitclab.,Le gusta la discoteca.
They are at the casino.,/ðeɪ ɑː æt ðə kəˈsiːnəʊ/,dei ar at de casinou.,Ellos están en el casino.
This is a mosque.,/ðɪs ɪz ə mɒsk/,dis is a mosk.,Esta es una mezquita.
We see the synagogue.,/wiː siː ðə ˈsɪnəɡɒɡ/,ui si de sinagog.,Vemos la sinagoga.
The cathedral is big.,/ðə kəˈθiːdrəl ɪz bɪɡ/,de catedral is big.,La catedral es grande.
The cathedral isn't big.,/ðə kəˈθiːdrəl ˈɪznt bɪɡ/,de catedral isent big.,La catedral no es grande.
Is the cathedral big?,/ɪz ðə kəˈθiːdrəl bɪɡ/,is de catedral big?,¿La catedral es grande?
Where is the cathedral?,/wɛər ɪz ðə kəˈθiːdrəl/,guer is de catedral?,¿Dónde está la catedral?
The cathedral was big.,/ðə kəˈθiːdrəl wɒz bɪɡ/,de catedral uas big.,La catedral era grande.
I visit the temple.,/aɪ ˈvɪzɪt ðə ˈtɛmpəl/,ai visit de templ.,Visito el templo.
She goes to church.,/ʃiː ɡəʊz tuː tʃɜːtʃ/,shi gouz tu cherch.,Ella va a la iglesia.
He is in college.,/hiː ɪz ɪn ˈkɒlɪdʒ/,ji is in colech.,Él está en la universidad.
I go to the university.,/aɪ ɡəʊ tuː ðə ˌjuːnɪˈvɜːsɪti/,ai gou tu de yuniversity.,Voy a la universidad.
The school is near my house.,/ðə skuːl ɪz nɪə maɪ haʊs/,de skul is near mai jaus.,La escuela está cerca de mi casa.
This is a large prefecture.,/ðɪs ɪz ə lɑːrdʒ priːfɛktʃər/,dis is a larch prifikcher.,Esta es una gran prefectura.
We go to the city hall.,/wiː goʊ tuː ðə sɪti hɔːl/,ui gu tu de siti jol.,Vamos al ayuntamiento.
The hotel is very big.,/ðə hoʊtɛl ɪz vɛri bɪg/,de jotel is veri big.,El hotel es muy grande.
The hotel is not very big.,/ðə hoʊtɛl ɪz nɒt vɛri bɪg/,de jotel is not veri big.,El hotel no es muy grande.
Is the hotel very big?,/ɪz ðə hoʊtɛl vɛri bɪg/,is de jotel veri big?,¿Es el hotel muy grande?
How big is the hotel?,/haʊ bɪg ɪz ðə hoʊtɛl/,jau big is de jotel?,¿Qué tan grande es el hotel?
The hotel was very big.,/ðə hoʊtɛl wɒz vɛri bɪg/,de jotel uoz veri big.,El hotel era muy grande.
I go to the bank.,/aɪ goʊ tuː ðə bæŋk/,ai gu tu de bank.,Voy al banco.
The embassy is over there.,/ðə ɛmbəsi ɪz oʊvər ðɛr/,de embasi is over der.,La embajada está allá.
She works at a travel agency.,/ʃiː wɜːrks æt ə trævəl eɪdʒənsi/,shi werks at a treveil eidjensi.,Ella trabaja en una agencia de viajes.
The information office is open.,/ðə ɪnfərmeɪʃən ɔːfɪs ɪz oʊpən/,de informeishon ofis is open.,La oficina de información está abierta.
Find the money exchange.,/faɪnd ðə mʌni ɪkstʃeɪndʒ/,faind de mani ekscheindch.,Busca la casa de cambio.
We take the subway home.,/wiː teɪk ðə sʌbweɪ hoʊm/,ui teik de sabwei jom.,Tomamos el metro a casa.
He is in the hospital.,/hiː ɪz ɪn ðə hɒspɪtəl/,ji is in de jospital.,Él está en el hospital.
The gas station is closed.,/ðə gæs steɪʃən ɪz kloʊzd/,de gas steishon is klozd.,La gasolinera está cerrada.
This is a parking lot.,/ðɪs ɪz ə pɑːrkɪŋ lɒt/,dis is a parkin lot.,Este es un estacionamiento.
The store sign is red.,/ðə stɔːr saɪn ɪz rɛd/,de stor sain is red.,El letrero de la tienda es rojo.
Read the notice on the wall.,/riːd ðə noʊtɪs ɒn ðə wɔːl/,rid de notis on de uol.,Lee el aviso en la pared.
Put the poster on the wall.,/pʊt ðə poʊstər ɒn ðə wɔːl/,put de poster on de uol.,Pon el póster en la pared.
Follow the direction sign.,/fɒloʊ ðə dɪrɛkʃən saɪn/,folow de direkshon sain.,Sigue la señal de dirección.
Look at the big arrow.,/lʊk æt ðə bɪg æroʊ/,luk at de big arom.,Mira la flecha grande.
Use caution when you walk.,/juːz kɔːʃən wɛn juː wɔːk/,yus kaoshon uen yu uok.,Ten cuidado al caminar.
I see a warning sign.,/aɪ siː ə wɔːrnɪŋ saɪn/,ai si a uornin sain.,Veo una señal de advertencia.
I warn you about the dog.,/aɪ wɔːrn juː əbaʊt ðə dɔːg/,ai uorn yu abaut de dog.,Te advierto sobre el perro.
Today is my day off.,/tədeɪ ɪz maɪ deɪ ɒf/,tudei is dei of.,Hoy es mi día libre.
Check the train timetable.,/tʃɛk ðə treɪn taɪmteɪbəl/,chek de trein tameiteibel.,Revisa el horario del tren.
What are the opening hours?,/wɒt ɑːr ðə oʊpənɪŋ aʊərz/,uot ar de openin aurs.,¿Cuáles son los horarios de apertura?
Welcome to our house.,/wɛlkəm tuː aʊər haʊs/,uelcom tu aue jaus.,Bienvenidos a nuestra casa.
This is the entrance to the shop.,/ðɪs ɪz ðə ˈɛntrəns tuː ðə ʃɒp/,dis is de entrans tu de shop.,Esta es la entrada a la tienda.
The exit is near the door.,/ðə ˈɛksɪt ɪz nɪə ðə dɔː/,de exit is near de dor.,La salida está cerca de la puerta.
Please push the door open.,/pliːz pʊʃ ðə dɔː ˈəʊpən/,pliz push de dor open.,"Por favor, empuje la puerta para abrirla."
Pull the door to open it.,/pʊl ðə dɔː tuː ˈəʊpən ɪt/,pul de dor tu open it.,Tire de la puerta para abrirla.
The shop is open now.,/ðə ʃɒp ɪz ˈəʊpən naʊ/,de shop is open nau.,La tienda está abierta ahora.
The shop is closed today.,/ðə ʃɒp ɪz kləʊzd təˈdeɪ/,de shop is closed tudei.,La tienda está cerrada hoy.
The room is for women.,/ðə ruːm ɪz fɔː ˈwɪmɪn/,de rum is for women.,Esta sala es para mujeres.
Men can go in here.,/mɛn kæn gəʊ ɪn hɪə/,men can go in jir.,Los hombres pueden entrar aquí.
They have good discounts here.,/ðeɪ hæv gʊd ˈdɪskaʊnts hɪə/,dei jav gud discounts jir.,Aquí tienen buenos descuentos.
They do not have good discounts here.,/ðeɪ duː nɒt hæv gʊd ˈdɪskaʊnts hɪə/,dei du not jav gud discounts jir.,No tienen buenos descuentos aquí.
Do they have good discounts here?,/duː ðeɪ hæv gʊd ˈdɪskaʊnts hɪə/,du dei jav gud discounts jir?,¿Tienen buenos descuentos aquí?
When do they have good discounts here?,/wen duː ðeɪ hæv gʊd ˈdɪskaʊnts hɪə/,uen dei jav gud discounts jir?,¿Cuándo tienen buenos descuentos aquí?
They had good discounts here.,/ðeɪ hæd gʊd ˈdɪskaʊnts hɪə/,dei jad gud discounts jir.,Tenían buenos descuentos aquí.
I see a big sale.,/aɪ siː ə bɪg seɪl/,ai si a big seil.,Veo una gran rebaja.
I do not see a big sale.,/aɪ duː nɒt siː ə bɪg seɪl/,ai du not si a big seil.,No veo una gran rebaja.
Do you see a big sale?,/duː juː siː ə bɪg seɪl/,du iu si a big seil?,¿Ves una gran rebaja?
Where do you see a big sale?,/weər duː juː siː ə bɪg seɪl/,uer du iu si a big seil?,¿Dónde ves una gran rebaja?
I saw a big sale.,/aɪ sɔː ə bɪg seɪl/,ai so a big seil.,Vi una gran rebaja.
This is a new car.,/ðɪs ɪz ə njuː kɑː/,dis is a niu kar.,Este es un carro nuevo.
This water is free here.,/ðɪs ˈwɔːtə ɪz friː hɪə/,dis uoter is fri jir.,El agua es gratis aquí.
Please give me your attention.,/pliːz gɪv miː jɔːr əˈtɛnʃən/,pliz giv mi yor atencion.,"Por favor, denme su atención."
The hotel has no vacancies.,/ðə həʊˈtɛl hæz nəʊ ˈveɪkənsiz/,de hotel jas no vacancies.,El hotel no tiene vacancies.
This seat is reserved now.,/ðɪs siːt ɪz rɪˈzɜːvd naʊ/,dis sit is reserved nau.,Este asiento está reservado.
He works in administration.,/hiː wɜːks ɪn ədmɪnɪˈstreɪʃən/,ji uorks in administration.,Él trabaja en administración.
This door is for staff only.,/ðɪs dɔː ɪz fɔː stɑːf ˈəʊnli/,dis dor is for staff onli.,Esta puerta es solo para personal.
Beware of the dog there.,/bɪˈweər ɒv ðə dɒg ðeə/,biuer of de dog der.,Cuidado con el perro.
No smoking is allowed here.,/nəʊ ˈsməʊkɪŋ ɪz əˈlaʊd hɪə/,no smoking is alaud jir.,No se permite fumar aquí.
Do not touch the glass.,/duː nɒt tʌtʃ ðə glɑːs/,du not tach de glas.,No toque el vidrio.
It is dangerous to go there.,/ɪt ɪz ˈdeɪndʒərəs tuː gəʊ ðeə/,it is dangerous tu go der.,Es peligroso ir allí.
There is danger ahead.,/ðeə ɪz ˈdeɪndʒər əˈhɛd/,der is danger ajed.,Hay peligro adelante.
The game is high tension.,/ðə geɪm ɪz haɪ ˈtɛnʃən/,de geim is jai tension.,El juego es de alta tensión.
No swimming is allowed here.,/nəʊ ˈswɪmɪŋ ɪz əˈlaʊd hɪə/,no swimming is alaud jir.,No se permite nadar aquí.
The machine is out of order.,/ðə məˈʃiːn ɪz aʊt ɒv ˈɔːdə/,de mashin is aut of order.,La máquina está fuera de servicio.
This box is flammable.,/ðɪs bɒks ɪz ˈflæməbəl/,dis boks is flamebol,Esta caja es inflamable.
It is forbidden here.,/ɪt ɪz fəˈbɪdən hɪə/,it is forbirden jier,Está prohibido aquí.
It isn't forbidden here.,/ɪt ˈɪznt fəˈbɪdən hɪə/,it isent forbirden jir.,No está prohibido aquí.
Is it forbidden here?,/ɪz ɪt fəˈbɪdən hɪə/,is it forbirden jir?,¿Está prohibido aquí?
Why is it forbidden here?,/waɪ ɪz ɪt fəˈbɪd.ən hɪər/,guái iz it forbídan jir?,¿Por qué está prohibido aquí?
It was forbidden here.,/ɪt wɒz fəˈbɪdən hɪə/,it uas forbirden jir.,Estaba prohibido aquí.
No trespassing on my land.,/nəʊ ˈtrɛspəsɪŋ ɒn maɪ lænd/,no trespassing on mai land,Prohibido el paso en mi tierra.
The wet paint is red.,/ðə wɛt peɪnt ɪz rɛd/,de ueit peint is red,La pintura fresca es roja.
I take the bus to work.,/aɪ teɪk ðə bʌs tuː wɜːk/,ai teik de bas tu uork,Tomo el autobús al trabajo.
The streetcar is fast.,/ðə ˈstriːtkɑː ɪz fɑːst/,de striitkar is fast,El tranvía es rápido.
We see the trolley.,/wiː siː ðə ˈtrɒli/,ui si de troli,Vemos el tranvía.
This is the bus route.,/ðɪs ɪz ðə bʌs ruːt/,dis is de bas rut,Esta es la ruta del autobús.
The bus number is five.,/ðə bʌs ˈnʌmbə ɪz faɪv/,de bas nomber is faiv,El número de autobús es cinco.
I go by car today.,/aɪ gəʊ baɪ kɑː təˈdeɪ/,ai gou bai car tuudei,Voy en coche hoy.
You get on the bus.,/juː gɛt ɒn ðə bʌs/,yu get on de bas,Te subes al autobús.
We get off here.,/wiː gɛt ɒf hɪə/,ui get of jier,Nos bajamos aquí.
This is my bus stop.,/ðɪs ɪz maɪ bʌs stɒp/,dis is mai bas stop,Esta es mi parada de autobús.
It is the next stop.,/ɪt ɪz ðə nɛkst stɒp/,it is de nekst stop,Es la próxima parada.
We are at the terminus.,/wiː ɑː æt ðə ˈtɜːmɪnəs/,ui ar at de terminus,Estamos en la terminal.
Check the train schedule.,/tʃɛk ðə treɪn ˈʃɛdjuːl/,chek de tren shediul,Mira el horario del tren.
I wait for my friend.,/aɪ weɪt fɔː maɪ frɛnd/,ai ueit for mai frend,Espero a mi amigo.
I have one ticket.,/aɪ hæv wʌn ˈtɪkɪt/,ai jav uan tiket,Tengo un billete.
The bus fare is low.,/ðə bʌs fɛə ɪz ləʊ/,de bas fare is lou,La tarifa del autobús es baja.
Ask the cashier please.,/ɑːsk ðə kæˈʃɪə pliːz/,ask de cashier plis,Pregúntale al taquillero.
This is a ticket inspection.,/ðɪs ɪz ə ˈtɪkɪt ɪnˈspɛkʃən/,dis is a tiket inspeccion,Esto es una inspección de billetes.
The conductor is here.,/ðə kənˈdʌktə ɪz hɪə/,de conductor is jier,El revisor está aquí.
I am late for work.,/aɪ æm leɪt fɔː wɜːk/,ai am late for uork,Llego tarde al trabajo.
Did you miss the train?,/dɪd juː mɪs ðə treɪn/,did yu mis de tren,¿Perdiste el tren?
I am in a hurry.,/aɪ æm ɪn ə ˈhʌri/,ai am in a jari,Tengo prisa.
The taxi is here.,/ðə ˈtæksi ɪz hɪə/,de taksi is jir.,El taxi está aquí.
The taxi isn't here.,/ðə ˈtæksi ˈɪznt hɪə/,de taksi isent jir.,El taxi no está aquí.
Is the taxi here?,/ɪz ðə ˈtæksi hɪə/,is de taksi jir?,¿Está aquí el taxi?
Which taxi is here?,/wɪtʃ ˈtæksi ɪz hɪə/,guich taksi is jir?,¿Qué taxi está aquí?
The taxi was here.,/ðə ˈtæksi wɒz hɪə/,de taksi uas jir.,El taxi estaba aquí.
He is a taxi driver.,/hiː ɪz ə ˈtæksi ˈdraɪvə/,ji is a taksi draiver.,Él es taxista.
We go by taxi.,/wiː ɡəʊ baɪ ˈtæksi/,ui go bai taksi.,Vamos en taxi.
This is a taxi stand.,/ðɪs ɪz ə ˈtæksi stænd/,dis is a taksi stand.,Esta es una parada de taxis.
I call a taxi.,/aɪ kɔːl ə ˈtæksi/,ai kol a taksi.,Llamo a un taxi.
She takes a taxi.,/ʃiː teɪks ə ˈtæksi/,shi teiks a taksi.,Ella toma un taxi.
The traffic is bad.,/ðə ˈtræfɪk ɪz bæd/,de trefik is bad.,El tráfico es malo.
I see a traffic jam.,/aɪ siː ə ˈtræfɪk dʒæm/,ai si a tafik yam.,Veo un atasco.
It is rush hour.,/ɪt ɪz rʌʃ aʊə/,it is rush aur.,Es hora punta.
They park here.,/ðeɪ pɑːk hɪə/,dei park jir.,Ellos aparcan aquí.
They do not park here.,/ðeɪ duː nɒt pɑːk hɪə/,dei du not park jir.,Ellos no aparcan aquí.
Do they park here?,/duː ðeɪ pɑːk hɪə/,du dei park jir?,¿Aparcan ellos aquí?
Who parks here?,/huː pɑːks hɪə/,ju parks jir?,¿Quién aparca aquí?
They parked here.,/ðeɪ pɑːkt hɪə/,dei parkt jir.,Ellos aparcaron aquí.
This is a parking lot.,/ðɪs ɪz ə ˈpɑːkɪŋ lɒt/,dis is a parking lot.,Este es un estacionamiento.
I take the subway.,/aɪ teɪk ðə ˈsʌbweɪ/,ai teik de sabuei.,Tomo el metro.
We are at the station.,/wiː ɑː æt ðə ˈsteɪʃn/,ui ar at de steishon.,Estamos en la estación.
You take the subway.,/juː teɪk ðə ˈsʌbweɪ/,yu teik de sabuei.,Tomas el metro.
The train is fast.,/ðə treɪn ɪz fɑːst/,de trein is fast.,El tren es rápido.
This is a train station.,/ðɪs ɪz ə treɪn ˈsteɪʃn/,dis is a trein steishon.,Esta es una estación de tren.
We see a monument.,/wiː siː ə ˈmɒnjʊmənt/,ui si a moniument.,Vemos un monumento.
The old fortress is big.,/ðə əʊld ˈfɔːtrɪs ɪz bɪɡ/,de old fortris is big.,La fortaleza antigua es grande.
The king lives in a palace.,/ðə kɪŋ lɪvz ɪn ə ˈpælɪs/,de king livs in a palis.,El rey vive en un palacio.
I see a castle.,/aɪ siː ə ˈkɑːsl/,ai si a kasl.,Veo un castillo.
That tower is high.,/ðæt taʊə ɪz haɪ/,dat tauer is jai.,Esa torre es alta.
This is a mausoleum.,/ðɪs ɪz ə ˌmɔːsəˈliːəm/,dis is a mosolium.,Este es un mausoleo.
I like the architecture.,/aɪ laɪk ðə ˈɑːkɪtektʃə/,ai laik de arkitektur.,Me gusta la arquitectura.
I do not like the architecture.,/aɪ duː nɒt laɪk ðə ˈɑːkɪtektʃə/,ai du not laik de arkitektur.,No me gusta la arquitectura.
Do you like the architecture?,/duː juː laɪk ðə ˈɑːkɪtektʃə/,du iu laik de arkitektur?,¿Te gusta la arquitectura?
Why do you like the architecture?,/waɪ duː juː laɪk ðiː ˈɑː.kɪ.tek.tʃər/,guái du iu laik di arquitetchur?,¿Por qué te gusta la arquitectura?
I liked the architecture.,/aɪ laɪkt ðə ˈɑːkɪtektʃə/,ai laikt de arkitektur.,Me gustó la arquitectura.
It is a medieval town.,/ɪt ɪz ə ˌmedɪˈiːvl taʊn/,it is a mediebal taun.,Es un pueblo medieval.
They see ancient things.,/ðeɪ siː ˈeɪnʃənt θɪŋz/,dei si eintshing zinks.,Ven cosas antiguas.
It is a national park.,/ɪt ɪz ə ˈnæʃənəl pɑːrk/,it is a nashional park.,Es un parque nacional.
He is a well-known actor.,/hiː ɪz ə ˈwɛl noʊn ˈæktər/,ji is a uel-noun actor.,Él es un actor conocido.
The tourist takes a photo.,/ðə ˈtʊərɪst teɪks ə ˈfoʊtoʊ/,de tourist teiks a foto.,El turista toma una foto.
The guide is very kind.,/ðə ɡaɪd ɪz ˈvɛri kaɪnd/,de gaid is very kaind.,El guía es muy amable.
We like the guided tour.,/wiː laɪk ðə ˈɡaɪdɪd tʊər/,ui laik de gaidid tur.,Nos gusta el recorrido guiado.
Please show me the way.,/pliːz ʃoʊ miː ðə weɪ/,pliz shou mi de uei.,"Por favor, muéstrame el camino."
Tell me your name.,/tɛl miː jʊər neɪm/,tel mi yur neim.,Dime tu nombre.
I find my keys.,/aɪ faɪnd maɪ kiːz/,ai faind mai kiis.,Encuentro mis llaves.
Do not get lost.,/duː nɒt ɡɛt lɒst/,du nat get lost.,No te pierdas.
Look at the city map.,/lʊk æt ðə ˈsɪti mæp/,luk at de siti map.,Mira el mapa de la ciudad.
I buy a souvenir.,/aɪ baɪ ə ˌsuːvəˈnɪr/,ai bai a suvenir.,Compro un recuerdo.
The gift shop is here.,/ðə ɡɪft ʃɒp ɪz hɪər/,de gift shop is jir.,La tienda de regalos está aquí.
I take pictures of you.,/aɪ teɪk ˈpɪktʃərz ʌv juː/,ai teik pictchurs of yu.,Te tomo fotos.
She likes to be photographed.,/ʃiː laɪks tuː biː ˈfoʊtəɡræfd/,shi laiks tu bi fotograd.,A ella le gusta que la fotografíen.
I buy this book.,/aɪ baɪ ðɪs bʊk/,ai bai dis buk.,Compro este libro.
The purchase is small.,/ðə ˈpɜːrtʃəs ɪz smɔːl/,de porchis is smol.,La compra es pequeña.
We go shopping today.,/wiː ɡoʊ ˈʃɒpɪŋ təˈdeɪ/,ui gou shoping toudei.,Vamos de compras hoy.
She likes shopping.,/ʃiː laɪks ˈʃɒpɪŋ/,shi laiks shoping.,A ella le gusta ir de compras.
The store is open.,/ðə stɔːr ɪz ˈoʊpən/,de stor is oupen.,La tienda está abierta.
The shop is closed.,/ðə ʃɒp ɪz kloʊzd/,de shop is klozd.,La tienda está cerrada.
I need new footwear.,/aɪ niːd nuː ˈfʊtweər/,ai niid nuu fut-uear.,Necesito calzado nuevo.
She wears nice clothes.,/ʃiː weərz naɪs kloʊðz/,shi uears nais clouds.,Ella usa ropa bonita.
She buys cosmetics.,/ʃiː baɪz kɒzˈmɛtɪks/,shi baics cosmedics.,Ella compra cosméticos.
We sell food products.,/wiː sɛl fuːd ˈprɒdʌkts/,ui sel fud prodacts.,Vendemos productos alimenticios.
This is a gift.,/ðɪs ɪz ə ɡɪft/,dis is a gift.,Esto es un regalo.
The salesman is nice.,/ðə ˈseɪlzmən ɪz naɪs/,de seilsman is nais.,El vendedor es amable.
The saleswoman helps me.,/ðə ˈseɪlzwʊmən hɛlps miː/,de seilswuman jelps mi.,La vendedora me ayuda.
I go to the cash desk.,/aɪ goʊ tuː ðə kæʃ dɛsk/,ai gou tu de kash desk.,Voy a la caja.
Look in the mirror.,/lʊk ɪn ðə ˈmɪrər/,luk in de miror.,Mírate en el espejo.
Put the bag on the counter.,/pʊt ðə bæg ɒn ðə ˈkaʊntər/,put de bag on de kaunter.,Pon la bolsa en el mostrador.
The fitting room is here.,/ðə ˈfɪtɪŋ ruːm ɪz hɪər/,de fitting rum is jier.,El probador está aquí.
I try on the shirt.,/aɪ traɪ ɒn ðə ʃɜːrt/,ai trai on de shert.,Me pruebo la camisa.
The dress fits well.,/ðə drɛs fɪts wɛl/,de dress fits uel.,El vestido le queda bien.
I like this red car.,/aɪ laɪk ðɪs rɛd kɑːr/,ai laik dis red kar.,Me gusta este coche rojo.
I don't like this red car.,/aɪ dəʊnt laɪk ðɪs rɛd kɑːr/,ai dount laik dis red kar.,No me gusta este coche rojo.
Do you like this red car?,/duː juː laɪk ðɪs rɛd kɑːr/,du yu laik dis red kar?,¿Te gusta este coche rojo?
Why do you like this red car?,/waɪ duː juː laɪk ðɪs rɛd kɑːr/,guai du yu laik dis red kar?,¿Por qué te gusta este coche rojo?
I liked this red car.,/aɪ laɪkt ðɪs rɛd kɑːr/,ai laikt dis red kar.,Me gustó este coche rojo.
The price is good.,/ðə praɪs ɪz gʊd/,de prais is gud.,El precio es bueno.
Look at the price tag.,/lʊk æt ðə praɪs tæg/,luk at de prais tag.,Mira la etiqueta de precio.
It costs ten dollars.,/ɪt kɒsts tɛn ˈdɒlərz/,it costs ten dolars.,Cuesta diez dólares.
How much is it?,/haʊ mʌtʃ ɪz ɪt/,jau mach is it.,¿Cuánto cuesta?
I want a discount.,/aɪ wɒnt ə ˈdɪskaʊnt/,ai uant a diskount.,Quiero un descuento.
The food is inexpensive.,/ðə fuːd ɪz ˌɪnɪkˈspɛnsɪv/,de fud is inikspensiv.,La comida es barata.
This pen is cheap.,/ðɪs pɛn ɪs tʃiːp/,dis pen is chip.,Este bolígrafo es barato.
The car is expensive.,/ðə kɑːr ɪz ɪkˈspɛnsɪv/,de kar is ikspensiv.,El coche es caro.
It's expensive.,/ɪts ɪkˈspɛnsɪv/,its ikspensiv.,Es caro.
The rental is for one day.,/ðə ˈrɛntl ɪz fɔːr wʌn deɪ/,de rental is for uan dei.,El alquiler es por un día.
I rent a bike.,/aɪ rɛnt ə baɪk/,ai rent a baik.,Alquilo una bicicleta.
I have good credit.,/aɪ hæv gʊd ˈkrɛdɪt/,ai jav gud kredit.,Tengo buen crédito.
I buy it on credit.,/aɪ baɪ ɪt ɒn ˈkrɛdɪt/,ai bai it on kredit.,Lo compro a crédito.
I need money.,/aɪ niːd ˈmʌni/,ai nid mani.,Necesito dinero.
Go to the currency exchange.,/goʊ tuː ðə ˈkʌrənsi ɪksˈtʃeɪndʒ/,gou tu de kurensi excheinche.,Ve a la casa de cambio.
The exchange rate is high.,/ðə ɪksˈtʃeɪndʒ reɪt ɪz haɪ/,de excheinche reit is jai.,El tipo de cambio es alto.
I get money from the ATM.,/aɪ ɡɛt ˈmʌni frɒm ðiː eɪ tiː ɛm/,ai get moni from de ei ti em.,Saco dinero del cajero automático.
This is a gold coin.,/ðɪs ɪz ə ɡəʊld kɔɪn/,dis is a gould coin.,Esta es una moneda de oro.
I have one dollar.,/aɪ hæv wʌn ˈdɒlə/,ai jav uan doler.,Tengo un dólar.
It costs five euros.,/ɪt kɒsts faɪv ˈjʊərəʊz/,it costs faiv yuuros.,Cuesta cinco euros.
The lira is old money.,/ðə ˈlɪərə ɪz əʊld ˈmʌni/,de lira is old moni.,La lira es dinero antiguo.
He had a Deutschmark.,/hiː hæd ə ˈdɔɪtʃmɑːk/,ji jad a doichmark.,Él tenía un marco alemán.
I want a franc.,/aɪ wɒnt ə fræŋk/,ai uont a frangk.,Quiero un franco.
She pays in pound sterling.,/ʃiː peɪz ɪn paʊnd ˈstɜːlɪŋ/,shi peis in paund sterling.,Ella paga en libras esterlinas.
I need some yen.,/aɪ niːd sʌm jɛn/,ai nid som yen.,Necesito algunos yenes.
He has a big debt.,/hiː hæz ə bɪɡ dɛt/,ji jas a big det.,Él tiene una deuda grande.
He doesn't have a big debt.,/hiː ˈdʌznt hæv ə bɪɡ dɛt/,ji dasent jav a big det.,Él no tiene una deuda grande.
Does he have a big debt?,/dʌz hiː hæv ə bɪɡ dɛt/,das ji jav a big det?,¿Él tiene una deuda grande?
Who has a big debt?,/huː hæz ə bɪɡ dɛt/,gu jas a big det?,¿Quién tiene una deuda grande?
He had a big debt.,/hiː hæd ə bɪɡ dɛt/,ji jad a big det.,Él tenía una deuda grande.
The debtor pays him.,/ðə ˈdɛtə peɪz hɪm/,de detor peis jim.,El deudor le paga.
I lend you money.,/aɪ lɛnd juː ˈmʌni/,ai lend yu moni.,Te presto dinero.
I borrow money from you.,/aɪ ˈbɒrəʊ ˈmʌni frɒm juː/,ai borou moni from yu.,Te pido prestado dinero.
I go to the bank.,/aɪ ɡəʊ tuː ðə bæŋk/,ai gou tu de bank.,Voy al banco.
I have a bank account.,/aɪ hæv ə bæŋk əˈkaʊnt/,ai jav a bank account.,Tengo una cuenta bancaria.
I deposit the check.,/aɪ dɪˈpɒzɪt ðə tʃɛk/,ai deposit de check.,Deposito el cheque.
I deposit into the account.,/aɪ dɪˈpɒzɪt ˈɪntuː ðiː əˈkaʊnt/,ai deposit intu de account.,Deposito en la cuenta.
I withdraw cash.,/aɪ wɪðˈdrɔː kæʃ/,ai widrou cash.,Retiro efectivo.
I use my credit card.,/aɪ juːz maɪ ˈkrɛdɪt kɑːd/,ai yus mai credit card.,Uso mi tarjeta de crédito.
I pay with cash.,/aɪ peɪ wɪð kæʃ/,ai pei widh cash.,Pago con efectivo.
The check is here.,/ðə tʃɛk ɪz hɪə/,de check is jier.,El cheque está aquí.
The check isn't here.,/ðə tʃɛk ˈɪznt hɪə/,de check isent jier.,El cheque no está aquí.
Is the check here?,/ɪz ðə tʃɛk hɪə/,is de check jier?,¿Está aquí el cheque?
Why is the check here?,/waɪ ɪz ðə tʃek hɪər/,guái iz de chek jir?,¿Por qué está el cheque aquí?
The check was here.,/ðə tʃɛk wɒz hɪə/,de check uas jier.,El cheque estaba aquí.
I write a check.,/aɪ raɪt ə tʃɛk/,ai rait a check.,Escribo un cheque.
This is my checkbook.,/ðɪs ɪz maɪ ˈtʃɛkbʊk/,dis is mai checkbuk.,Este es mi chequera.
My wallet is black.,/maɪ ˈwɒlɪt ɪz blæk/,mai uolet is black.,Mi billetera es negra.
I have a change purse.,/aɪ hæv ə tʃeɪndʒ pɜːs/,ai jav a cheinch purs.,Tengo un monedero.
I have a billfold.,/aɪ hæv ə bɪlfoʊld/,ai jav a bilfold.,Tengo una cartera.
You are safe here.,/juː ɑːr seɪf hɪər/,yu ar saf jiir.,Estás a salvo aquí.
He is the heir.,/hiː ɪz ðə ɛər/,ji is de er.,Él es el heredero.
She got an inheritance.,/ʃiː gɒt ən ɪnˈhɛrɪtəns/,shi got an inheritans.,Ella recibió una herencia.
He has a fortune.,/hiː hæz ə ˈfɔːrtʃən/,ji jas a forchun.,Él tiene una fortuna.
He doesn't have a fortune.,/hiː ˈdʌznt hæv ə ˈfɔːrtʃən/,ji dasent jav a forchun.,Él no tiene una fortuna.
Does he have a fortune?,/dʌz hiː hæv ə ˈfɔːrtʃən/,das ji jav a forchun?,¿Él tiene una fortuna?
Why does he have a fortune?,/waɪ dʌz hiː hæv ə ˈfɔː.tʃuːn/,guái daz ji jav a fórchiun?,¿Por qué él tiene una fortuna?
He had a fortune.,/hiː hæd ə ˈfɔːrtʃən/,ji jad a forchun.,Él tenía una fortuna.
They lease the house.,/ðeɪ liːs ðə haʊs/,dei lis de jaus.,Ellos alquilan la casa.
The rent is high.,/ðə rɛnt ɪz haɪ/,de rent is jai.,La renta es alta.
I rent a bike.,/aɪ rɛnt ə baɪk/,ai rent a baik.,Alquilo una bicicleta.
The price is good.,/ðə praɪs ɪz gʊd/,de prais is gud.,El precio es bueno.
What is the cost?,/wɒt ɪz ðə kɒst/,uat is de cost.,¿Cuál es el costo?
It is a big sum.,/ɪt ɪz ə bɪg sʌm/,it is a big sam.,Es una suma grande.
It is not a big sum.,/ɪt ɪz nɒt ə bɪg sʌm/,it is not a big sam.,No es una suma grande.
Is it a big sum?,/ɪz ɪt ə bɪg sʌm/,is it a big sam?,¿Es una suma grande?
How big is the sum?,/haʊ bɪɡ ɪz ðə sʌm/,jau big iz de sam?,¿Qué tan grande es la suma?
It was a big sum.,/ɪt wɒz ə bɪg sʌm/,it woz a big sam.,Era una suma grande.
I spend my money.,/aɪ spɛnd maɪ ˈmʌni/,ai spend mai mani.,Gasto mi dinero.
My expenses are low.,/maɪ ɪkˈspɛnsɪz ɑːr loʊ/,mai expenses ar lo.,Mis gastos son bajos.
We need to economize.,/wiː niːd tuː ɪˈkɒnəmaɪz/,ui nid tu economais.,Necesitamos economizar.
This car is economical.,/ðɪs kɑːr ɪz ˌiːkəˈnɒmɪkəl/,dis car is economical.,Este coche es económico.
I pay the bill.,/aɪ peɪ ðə bɪl/,ai pei de bil.,Pago la cuenta.
The payment is late.,/ðə ˈpeɪmənt ɪz leɪt/,de peiment is leit.,El pago está tarde.
Here is your change.,/hɪər ɪz jɔːr tʃeɪndʒ/,jiir is yor cheindch.,Aquí está su cambio.
The tax is high.,/ðə tæks ɪz haɪ/,de taks is jai.,El impuesto es alto.
He paid the fine.,/hiː peɪd ðə faɪn/,ji peid de fain.,Él pagó la multa.
They will fine him.,/ðeɪ wɪl faɪn hɪm/,dei uil fain jim.,Lo multarán.
I go to the post office.,/aɪ goʊ tuː ðə poʊst ˈɒfɪs/,ai gou tu de post ofis.,Voy a la oficina de correos.
The mail is here.,/ðə meɪl ɪz hɪər/,de meil is jiir.,El correo está aquí.
The mail is not here.,/ðə meɪl ɪz nɒt hɪər/,de meil is not jiir.,El correo no está aquí.
Is the mail here?,/ɪz ðə meɪl hɪər/,is de meil jiir?,¿Está aquí el correo?
Where is the mail?,/weər ɪz ðə meɪl/,fuer iz de meil?,¿Dónde está el correo?
The mail was here.,/ðə meɪl wɒz hɪər/,de meil woz jiir.,El correo estaba aquí.
The mailman is here.,/ðə ˈmeɪlmæn ɪz hɪər/,de meilman is jiir.,El cartero está aquí.
Check the opening hours.,/tʃɛk ðə ˈoʊpənɪŋ aʊərz/,chek de oupening auers.,Revisa el horario de apertura.
I write a letter.,/aɪ raɪt ə ˈlɛtə/,ai rait a leter,Escribo una carta.
It is a registered letter.,/ɪt ɪz ə ˈrɛdʒɪstəd ˈlɛtə/,it is a redyistered leter,Es una carta certificada.
She sends a postcard.,/ʃi sɛndz ə ˈpəʊstkɑːd/,shi sends a postcard,Ella envía una postal.
He gets a telegram.,/hiː gɛts ə ˈtɛlɪɡræm/,ji gets a telegram,Él recibe un telegrama.
The parcel is here.,/ðə ˈpɑːsəl ɪz hɪə/,de parcel is jier,El paquete está aquí.
I do a money transfer.,/aɪ duː ə ˈmʌni trænsfɜː/,ai du a mani transfer,Hago una transferencia de dinero.
You receive a gift.,/juː rɪˈsiːv ə ɡɪft/,yu risiv a gift,Tú recibes un regalo.
I send an email.,/aɪ sɛnd æn ˈiːmeɪl/,ai send an imeil,Envío un correo electrónico.
The sending is fast.,/ðə ˈsɛndɪŋ ɪz fɑːst/,de sending is fast,El envío es rápido.
This is my address.,/ðɪs ɪz maɪ əˈdrɛs/,dis is mai adres,Esta es mi dirección.
Write your ZIP code.,/raɪt jɔː zɪp kəʊd/,rait yuor zip cod,Escribe tu código postal.
The sender is nice.,/ðə ˈsɛndə ɪz naɪs/,de sender is nais,El remitente es amable.
The receiver waits.,/ðə rɪˈsiːvə weɪts/,de risiver ueits,El destinatario espera.
My name is John.,/maɪ neɪm ɪz dʒɒn/,mai neim is yon,Mi nombre es Juan.
Your family name is Smith.,/jɔː ˈfæmɪli neɪm ɪz smɪθ/,yor famili neim is smiz,Tu apellido es Smith.
The rate is low.,/ðə reɪt ɪz ləʊ/,de reit is lo,La tarifa es baja.
This is standard.,/ðɪs ɪz ˈstændəd/,dis is estandar,Esto es estándar.
It is very economical.,/ɪt ɪz ˈvɛri ˌiːkəˈnɒmɪkəl/,it is beri ikonomical,Es muy económico.
It is not very economical.,/ɪt ɪz nɒt ˈvɛri ˌiːkəˈnɒmɪkəl/,it is not beri ikonomical.,No es muy económico.
Is it very economical?,/ɪz ɪt ˈvɛri ˌiːkəˈnɒmɪkəl/,is it beri ikonomical?,¿Es muy económico?
Why is it very economical?,/waɪ ɪz ɪt ˈver.i ˌiː.kəˈnɒm.ɪ.kəl/,guái iz it véri iikanómikal?,¿Por qué es muy económico?
It was very economical.,/ɪt wɒz ˈvɛri ˌiːkəˈnɒmɪkəl/,it woz beri ikonomical.,Era muy económico.
The weight is fine.,/ðə weɪt ɪz faɪn/,de ueit is fain,El peso está bien.
Please weigh up this.,/pliːz weɪ ʌp ðɪs/,pliz uei ap dis,Por favor pesa esto.
The envelope is white.,/ðə ˈɛnvələʊp ɪz waɪt/,de envelob is uait,El sobre es blanco.
Put a postage stamp.,/pʊt ə ˈpəʊstɪdʒ stæmp/,put a posteich stamp,Pon un sello.
I stamp an envelope.,/aɪ stæmp æn ˈɛnvələʊp/,ai stamp an envelob,Pongo un sello al sobre.
This is a house.,/ðɪs ɪz ə haʊs/,dis is a jaus,Esta es una casa.
I am at home.,/aɪ æm æt həʊm/,ai am at jom,Estoy en casa.
The cat is in the courtyard.,/ðə kæt ɪz ɪn ðə ˈkɔːrtjɑːrd/,de kat is in de cortyard.,El gato está en el patio.
I see a white fence.,/aɪ siː ə waɪt fɛns/,ai si a guait fens.,Veo una valla blanca.
This is a red brick.,/ðɪs ɪz ə rɛd brɪk/,dis is a red brik.,Este es un ladrillo rojo.
It is a brick house.,/ɪt ɪz ə brɪk haʊs/,it is a brik jaus.,Es una casa de ladrillo.
The stone is hard.,/ðə stoʊn ɪz hɑːrd/,de ston is jard.,La piedra es dura.
We have a stone wall.,/wi hæv ə stoʊn wɔːl/,ui jav a ston uol.,Tenemos un muro de piedra.
The floor is concrete.,/ðə flɔːr ɪz ˈkɑːnkriːt/,de flor is konkrit.,El suelo es de hormigón.
It is a concrete path.,/ɪt ɪz ə ˈkɑːnkriːt pæθ/,it is a konkrit pas.,Es un camino de hormigón.
They have a new home.,/ðeɪ hæv ə nuː hoʊm/,dei jav a nu jom.,Ellos tienen una casa nueva.
This is an old building.,/ðɪs ɪz æn oʊld ˈbɪldɪŋ/,dis is an old bilding.,Este es un edificio viejo.
The house is very old.,/ðə haʊs ɪz ˈvɛri oʊld/,de jaus is bery old.,La casa es muy vieja.
The house is not very old.,/ðə haʊs ɪz nɒt ˈvɛri oʊld/,de jaus is not bery old.,La casa no es muy vieja.
Is the house very old?,/ɪz ðə haʊs ˈvɛri oʊld/,is de jaus bery old?,¿La casa es muy vieja?
How old is the house?,/haʊ əʊld ɪz ðə haʊs/,jau ould is de jaus?,¿Qué tan vieja es la casa?
The house was very old.,/ðə haʊs wɒz ˈvɛri oʊld/,de jaus woz bery old.,La casa era muy vieja.
I like the modern style.,/aɪ laɪk ðə ˈmɑːdərn staɪl/,ai laik de moden stain.,Me gusta el estilo moderno.
The building is very tall.,/ðə ˈbɪldɪŋ ɪz ˈvɛri tɔːl/,de bilding is bery tol.,El edificio es muy alto.
The wall is high.,/ðə wɔːl ɪz haɪ/,de uol is jai.,La pared es alta.
My room is on this floor.,/maɪ ruːm ɪz ɒn ðɪs flɔːr/,mai rum is on dis flor.,Mi habitación está en este piso.
It is a small house.,/ɪt ɪz ə smɔːl haʊs/,it is a smol jaus.,Es una casa pequeña.
We are on the ground floor.,/wi ɑːr ɒn ðə ɡraʊnd flɔːr/,ui ar on de graund flor.,Estamos en la planta baja.
He lives on the top floor.,/hiː lɪvz ɒn ðə tɑːp flɔːr/,ji livs on de top flor.,Él vive en el último piso.
The roof is red.,/ðə ruːf ɪz rɛd/,de ruf is red.,El techo es rojo.
I see the chimney.,/aɪ siː ðə ˈtʃɪmni/,ai si de chimni.,Veo la chimenea.
The roof tiles are blue.,/ðə ruːf taɪlz ɑːr bluː/,de ruf tailz ar blu.,Las tejas del techo son azules.
It is a tiled floor.,/ɪt ɪz ə taɪld flɔːr/,it is a taild flor.,Es un suelo embaldosado.
The box is in the loft.,/ðə bɑːks ɪz ɪn ðə lɔːft/,de boks is in de loft.,La caja está en el desván.
Open the window please.,/ˈoʊpən ðə ˈwɪndoʊ pliːz/,open de windou plis.,Abre la ventana por favor.
The glass is clean.,/ðə ɡlæs ɪz kliːn/,de glas is klin.,El cristal está limpio.
The cat sits on the window ledge.,/ðə kæt sɪts ɒn ðə ˈwɪndəʊ lɛdʒ/,de kat sits on de windou ledy.,El gato se sienta en el alféizar.
The shutters are closed.,/ðə ˈʃʌtəz ɑː kləʊzd/,de shaters ar closed.,Las contraventanas están cerradas.
The picture is on the wall.,/ðə ˈpɪktʃər ɪz ɒn ðə wɔːl/,de pictshur is on de uol.,El cuadro está en la pared.
We sit on the balcony.,/wiː sɪt ɒn ðə ˈbælkəni/,ui sit on de balkoni.,Nos sentamos en el balcón.
The water goes down the downspout.,/ðə ˈwɔːtər gəʊz daʊn ðə ˈdaʊnspaʊt/,de uoter goes dawn de daunspaut.,El agua baja por el bajante.
My room is upstairs.,/maɪ ruːm ɪz ʌpˈsteəz/,mai rum is apsteirs.,Mi habitación está arriba.
I go upstairs now.,/aɪ gəʊ ʌpˈsteəz naʊ/,ai go apsteirs nau.,Subo a la planta alta ahora.
Please come down here.,/pliːz kʌm daʊn hɪər/,pliz kam dawn jier.,Por favor baja aquí.
We move to a new house.,/wiː muːv tuː ə njuː haʊs/,ui muv tu a niu jaus.,Nos mudamos a una casa nueva.
The entrance is big.,/ðə ˈɛntrəns ɪz bɪg/,de entrance is big.,La entrada es grande.
The entrance is not big.,/ðə ˈɛntrəns ɪz nɒt bɪg/,de entrance is not big.,La entrada no es grande.
Is the entrance big?,/ɪz ðə ˈɛntrəns bɪg/,is de entrance big?,¿La entrada es grande?
Where is the big entrance?,/wɛər ɪz ðə bɪg ˈɛntrəns/,wer is de big entrance?,¿Dónde está la entrada grande?
The entrance was big.,/ðə ˈɛntrəns wɒz bɪg/,de entrance woz big.,La entrada era grande.
The stairs are long.,/ðə steəz ɑː lɒŋ/,de steirs ar long.,Las escaleras son largas.
I climb the steps.,/aɪ klaɪm ðə stɛps/,ai klaim de steps.,Subo los escalones.
Hold the banisters please.,/həʊld ðə ˈbænɪstəz pliːz/,jold de banisters pliz.,Sostén la barandilla por favor.
The lobby is clean.,/ðə ˈlɒbi ɪz kliːn/,de lobi is klin.,El vestíbulo está limpio.
The letter is in the mailbox.,/ðə ˈlɛtər ɪz ɪn ðə ˈmeɪlbɒks/,de leter is in de meilboks.,La carta está en el buzón.
Put the bag in the trash container.,/pʊt ðə bæg ɪn ðə træʃ kənˈteɪnər/,put de bag in de trash conteiner.,Pon la bolsa en el contenedor.
Throw it down the trash chute.,/θrəʊ ɪt daʊn ðə træʃ ʃuːt/,zrow it dawn de trash shut.,Tíralo por el vertedero.
The elevator is fast.,/ðə ˈɛlɪveɪtər ɪz fæst/,de elivéitor is fast.,El ascensor es rápido.
Use the freight elevator for boxes.,/juːz ðə freɪt ˈɛlɪveɪtər fɔː bɒksɪz/,ius de freit elivéitor for boks.,Usa el montacargas para las cajas.
The elevator cage is made of glass.,/ðə ˈɛlɪveɪtər keɪdʒ ɪz meɪd ɒv glɑːs/,de elivéitor keich is meid of glas.,La cabina del ascensor es de cristal.
I take the elevator.,/aɪ teɪk ðə ˈɛlɪveɪtər/,ai teik de elivéitor.,Cojo el ascensor.
My apartment is nice.,/maɪ əˈpɑːtmənt ɪz naɪs/,mai apártment is nais.,Mi apartamento es bonito.
The residents are happy.,/ðə ˈrɛzɪdənts ɑː ˈhæpi/,de résidents ar japi.,Los residentes están felices.
He is my neighbor.,/hiː ɪz maɪ ˈneɪbə/,ji is main neibor.,Él es mi vecino.
She is my neighbor.,/ʃiː ɪz maɪ ˈneɪbə/,shi is main neibor.,Ella es mi vecina.
My neighbors are friendly.,/maɪ ˈneɪbərz ɑːr ˈfrɛndli/,mai nei-bers ar frendli.,Mis vecinos son amables.
The house has electricity.,/ðə ˈhaʊs hæz ɪˌlɛkˈtrɪsəti/,de jaus jaz ilektriziti.,La casa tiene electricidad.
The house does not have electricity.,/ðə haʊs dʌz nɒt hæv ɪˌlɛkˈtrɪsəti/,de jaus das not jav ilektriziti.,La casa no tiene electricidad.
Does the house have electricity?,/dʌz ðə haʊs hæv ɪˌlɛkˈtrɪsəti/,das de jaus jav ilektriziti?,¿La casa tiene electricidad?
Which house has electricity?,/wɪtʃ haʊs hæz ɪˌlɛkˈtrɪsəti/,guich jaus jaz ilektriziti?,¿Qué casa tiene electricidad?
The house had electricity.,/ðə haʊs hæd ɪˌlɛkˈtrɪsəti/,de jaus jad ilektriziti.,La casa tenía electricidad.
The light bulb is new.,/ðə ˈlaɪt bʌb ɪz njuː/,de lait bab iz niu.,La bombilla es nueva.
The switch is on the wall.,/ðə swɪtʃ ɪz ɒn ðə wɔːl/,de suich iz on de uol.,El interruptor está en la pared.
The fuse is in the box.,/ðə fjuːz ɪz ɪn ðə bɒks/,de fiuz iz in de boks.,El fusible está en la caja.
The cable is near the table.,/ðə ˈkeɪbəl ɪz nɪə ðə ˈteɪbəl/,de keibol iz niar de teibol.,El cable está cerca de la mesa.
The wiring is in the wall.,/ðə ˈwaɪərɪŋ ɪz ɪn ðə wɔːl/,de uai-ar-ing iz in de uol.,El cableado está en la pared.
I read the electricity meter.,/aɪ riːd ðə ɪˌlɛkˈtrɪsəti ˈmiːtər/,ai rid de ilektriziti mitar.,Leo el medidor de electricidad.
The readings are on the meter.,/ðə ˈriːdɪŋz ɑːr ɒn ðə ˈmiːtər/,de ridings ar on de mitar.,Las lecturas están en el medidor.
The door is in the living room.,/ðə dɔːr ɪz ɪn ðə ˈlɪvɪŋ ruːm/,de dor iz in de liv-ing rum.,La puerta está en la sala de estar.
The vehicle gate is at the house.,/ðə ˈviːɪkəl ɡeɪt ɪz æt ðə ˈhaʊs/,de vikol geit iz at de jaus.,La puerta del vehículo está en la casa.
The handle is on the door.,/ðə ˈhændəl ɪz ɒn ðə dɔːr/,de jandl iz on de dor.,La manija está en la puerta.
I unlock the door with the key.,/aɪ ʌnˈlɒk ðə dɔːr wɪð ðə kiː/,ai anlok de dor uiz de ki.,Abro la puerta con la llave.
I open the door slowly.,/aɪ ˈoʊpən ðə dɔːr ˈsoʊli/,ai open de dor soli.,Abro la puerta lentamente.
I close the door quietly.,/aɪ kloʊz ðə dɔːr ˈkwaɪətli/,ai klouz de dor kuaitli.,Cierro la puerta silenciosamente.
The key is on the table.,/ðə kiː ɪz ɒn ðə ˈteɪbəl/,de ki iz on de teibol.,La llave está en la mesa.
I have a bunch of keys.,/aɪ hæv ə bʌnʃ əv ˈkiːz/,ai jav a bunch ov kiz.,Tengo un manojo de llaves.
The door creaks when I open it.,/ðə dɔːr kriːks wɛn aɪ ˈoʊpən ɪt/,de dor kriks uen ai open it.,La puerta cruje cuando la abro.
The creak is loud.,/ðə kriːk ɪz laʊd/,de krik iz laud.,El crujido es fuerte.
The hinge is on the door.,/ðə hɪndʒ ɪz ɒn ðə dɔːr/,de jinch iz on de dor.,La bisagra está en la puerta.
The doormat is at the door.,/ðə ˈdɔːrˌmæt ɪz æt ðə dɔːr/,de dor-mat iz at de dor.,El felpudo está en la puerta.
The door lock is new.,/ðə dɔːr lɒk ɪz njuː/,de dor lok iz niu.,La cerradura de la puerta es nueva.
The keyhole is small.,/ðə ˈkiːˌhoʊl ɪz smɔːl/,de ki-jol iz smol.,El agujero de la llave es pequeño.
The bolt is on the door.,/ðə boʊlt ɪz ɒn ðə dɔːr/,de bolt iz on de dor.,El pestillo está en la puerta.
The door latch clicks.,/ðə dɔːr lætʃ ˈklɪks/,de dor lach kliks.,El picaporte de la puerta hace clic.
The padlock is on the gate.,/ðə ˈpædlɒk ɪz ɒn ðə ɡeɪt/,de padlock is on de geit.,El candado está en la puerta.
Please ring the bell now.,/pliːz rɪŋ ðə bɛl naʊ/,pliz ring de bel nau.,"Por favor, toca el timbre ahora."
I hear a ringing sound.,/aɪ hɪər ə ˈrɪŋɪŋ saʊnd/,ai jir a rining sound.,Oigo un sonido de campana.
The doorbell is very loud.,/ðə ˈdɔːbɛl ɪz ˈvɛri laʊd/,de doorbel is beri laud.,El timbre es muy ruidoso.
The doorbell isn't very loud.,/ðə ˈdɔːbɛl ˈɪznt ˈvɛri laʊd/,de doorbel isnt beri laud.,El timbre no es muy ruidoso.
Is the doorbell very loud?,/ɪz ðə ˈdɔːbɛl ˈvɛri laʊd/,is de doorbel beri laud?,¿Es el timbre muy ruidoso?
Why is the doorbell very loud?,/waɪ ɪz ðə ˈdɔːbɛl ˈvɛri laʊd/,uai is de doorbel beri laud?,¿Por qué el timbre es muy ruidoso?
The doorbell was very loud.,/ðə ˈdɔːbɛl wɒz ˈvɛri laʊd/,de doorbel woz beri laud.,El timbre era muy ruidoso.
Push the doorbell button.,/pʊʃ ðə ˈdɔːbɛl ˈbʌtn/,push de doorbel baton.,Presiona el botón del timbre.
I hear a knock at the door.,/aɪ hɪər ə nɒk æt ðə dɔː/,ai jir a nok at de dor.,Oigo un golpe en la puerta.
Please knock on the door.,/pliːz nɒk ɒn ðə dɔː/,pliz nok on de dor.,"Por favor, toca la puerta."
He knows the secret code.,/hiː nəʊz ðə ˈsiːkrɪt kəʊd/,ji nouz de sikrit cod.,Él conoce el código secreto.
The code lock is new.,/ðə kəʊd lɒk ɪz njuː/,de cod lok is niu.,El cierre de código es nuevo.
Use the door phone to enter.,/juːz ðə dɔː fəʊn tuː ˈɛntə/,iuz de dor fon tu enter.,Usa el portero para entrar.
The number on the door is five.,/ðə ˈnʌmbər ɒn ðə dɔːr ɪz faɪv/,de namber on de dor is faiv.,El número en la puerta es cinco.
Read the name on the doorplate.,/riːd ðə neɪm ɒn ðə ˈdɔːpleɪt/,rid de neim on de doorpleit.,Lee el nombre en la placa.
Look through the peephole.,/lʊk θruː ðə ˈpiːphəʊl/,luk zru de pijol.,Mira por el mirador.
We live in a small village.,/wiː lɪv ɪn ə smɔːl ˈvɪlɪdʒ/,wi liv in a smol vilidsh.,Vivimos en un pequeño pueblo.
She has a vegetable garden.,/ʃi hæz ə ˈvɛdʒtəbəl ɡɑːrdən/,shi jas a vedchetabel garden.,Ella tiene un huerto.
She doesn't have a vegetable garden.,/ʃi ˈdʌznt hæv ə ˈvɛdʒtəbəl ɡɑːrdən/,shi dasnt jav a vedchetabel garden.,Ella no tiene un huerto.
Does she have a vegetable garden?,/dʌz ʃi hæv ə ˈvɛdʒtəbəl ɡɑːrdən/,das shi jav a vedchetabel garden?,¿Ella tiene un huerto?
Who has a vegetable garden?,/huː hæz ə ˈvɛdʒtəbəl ɡɑːrdən/,hu jas a vedchetabel garden?,¿Quién tiene un huerto?
She had a vegetable garden.,/ʃi hæd ə ˈvɛdʒtəbəl ɡɑːrdən/,shi jad a vedchetabel garden.,Ella tenía un huerto.
The fence is made of wood.,/ðə fɛns ɪz meɪd ɒv wʊd/,de fens is meid ov wud.,La cerca es de madera.
They have a white picket fence.,/ðeɪ hæv ə waɪt ˈpɪkɪt fɛns/,dei jav a guait piket fens.,Tienen una valla blanca.
Open the wicket gate please.,/ˈəʊpən ðə ˈwɪkɪt ɡeɪt pliːz/,open de uikit geit pliz.,Abre la portilla por favor.
The granary is full of corn.,/ðə ˈɡreɪnəri ɪz fʊl ɒv kɔːrn/,de greineri is ful ov corn.,El granero está lleno de maíz.
Go down to the cellar.,/ɡəʊ daʊn tuː ðə ˈsɛlər/,go daun tu de seler.,Baja al sótano.
He keeps tools in the shed.,/hiː kiːps tuːlz ɪn ðə ʃɛd/,ji kips tuils in de shed.,Guarda herramientas en el cobertizo.
The water in the well is cold.,/ðə ˈwɔːtər ɪn ðə wɛl ɪz kəʊld/,de uoter in de uel is cold.,El agua del pozo está fría.
The stove burns wood.,/ðə stəʊv bɜːrnz wʊd/,de stov burns wud.,La estufa quema leña.
Stoke the stove with wood.,/stəʊk ðə stəʊv wɪð wʊd/,stok de stov wid wud.,Alimenta la estufa con leña.
We need more firewood.,/wi niːd mɔːr ˈfaɪərwʊd/,wi nid mor faiarwud.,Necesitamos más leña.
The log is on the fire.,/ðə lɒɡ ɪz ɒn ðə faɪər/,de log is on de faier.,El leño está en el fuego.
We sit on the veranda.,/wiː sɪt ɒn ðə vəˈrændə/,ui sit on de beranda.,Nos sentamos en el porche.
The terrace is very big.,/ðə ˈtɛrəs ɪz ˈvɛri bɪɡ/,de teres is beri big.,La terraza es muy grande.
The terrace is not very big.,/ðə ˈtɛrəs ɪz nɒt ˈvɛri bɪɡ/,de teres is not beri big.,La terraza no es muy grande.
Is the terrace very big?,/ɪz ðə ˈtɛrəs ˈvɛri bɪɡ/,is de teres beri big?,¿La terraza es muy grande?
How big is the terrace?,/haʊ bɪɡ ɪz ðə ˈtɛrəs/,jau big iz de terras?,¿Qué tan grande es la terraza?
The terrace was very big.,/ðə ˈtɛrəs wɒz ˈvɛri bɪɡ/,de teres woz beri big.,La terraza era muy grande.
He stands on the front steps.,/hiː stændz ɒn ðə frʌnt stɛps/,ji stands on de front steps.,Él está en las escaleras de entrada.
I like the swing.,/aɪ laɪk ðə swɪŋ/,ai laik de swing.,Me gusta el columpio.
I don't like the swing.,/aɪ doʊnt laɪk ðə swɪŋ/,ai dount laik de swing.,No me gusta el columpio.
Do you like the swing?,/duː juː laɪk ðə swɪŋ/,du yu laik de swing?,¿Te gusta el columpio?
Why do you like the swing?,/waɪ duː juː laɪk ðə swɪŋ/,uai du yu laik de swing?,¿Por qué te gusta el columpio?
I liked the swing.,/aɪ laɪkt ðə swɪŋ/,ai laikt de swing.,Me gustó el columpio.
This is a country house.,/ðɪs ɪz ə ˈkʌntri haʊs/,dis is a cantri jaus.,Esta es una casa de campo.
We see the villa.,/wiː siː ðə ˈvɪlə/,ui si de bila.,Vemos la villa.
The wing is new.,/ðə wɪŋ ɪz njuː/,de wing is niu.,El ala es nueva.
The garden is beautiful.,/ðə ˈɡɑːrdən ɪz ˈbjuːtɪfəl/,de garden is biutiful.,El jardín es hermoso.
They play in the park.,/ðeɪ pleɪ ɪn ðə pɑːrk/,dei plei in de park.,Ellos juegan en el parque.
It is a tropical greenhouse.,/ɪt ɪz ə ˈtrɒpɪkəl ˈɡriːnhaʊs/,it is a tropical greenjaus.,Es un invernadero tropical.
I look after the garden.,/aɪ lʊk ˈæftər ðə ˈɡɑːrdən/,ai luk after de garden.,Cuido el jardín.
The swimming pool is blue.,/ðə ˈswɪmɪŋ puːl ɪz bluː/,de swimming pul is blu.,La piscina es azul.
She goes to the gym.,/ʃiː ɡoʊz tuː ðə dʒɪm/,shi gos tu de yim.,Ella va al gimnasio.
We play on the tennis court.,/wiː pleɪ ɒn ðə ˈtɛnɪs kɔːrt/,ui plei on de tennis cort.,Jugamos en la cancha de tenis.
This is the home theater room.,/ðɪs ɪz ðə hoʊm ˈθiːətər ruːm/,dis is de jom zieter rum.,Esta es la sala de cine.
The car is in the garage.,/ðə kɑːr ɪz ɪn ðə ɡəˈrɑːʒ/,de car is in de gara sh.,El coche está en el garaje.
This is private property.,/ðɪs ɪz ˈpraɪvət ˈprɒpərti/,dis is praibert properti.,Esta es propiedad privada.
You are on private land.,/juː ɑːr ɒn ˈpraɪvət lænd/,iu ar on praibert land.,Estás en terreno privado.
The warning is clear.,/ðə ˈwɔːrnɪŋ ɪz klɪr/,de guornin is clir.,La advertencia es clara.
I see a warning sign.,/aɪ siː ə ˈwɔːrnɪŋ saɪn/,ai si a guornin sain.,Veo una señal de advertencia.
Security is important here.,/sɪˈkjʊərəti ɪz ɪmˈpɔːrtənt hɪr/,security is important jier.,La seguridad es importante aquí.
The security guard is tall.,/ðə sɪˈkjʊərəti ɡɑːrd ɪz tɔːl/,de security guard is tol.,El guardia de seguridad es alto.
The burglar alarm is loud.,/ðə ˈbɜːrɡlər əˈlɑːrm ɪz laʊd/,de burglar alarm is laud.,La alarma antirrobo es ruidosa.
The castle is old.,/ðə ˈkæsəl ɪz oʊld/,de casl is old.,El castillo es antiguo.
The palace is very big.,/ðə ˈpælɪs ɪz ˈvɛri bɪɡ/,de palaces is beri big.,El palacio es muy grande.
The palace is not very big.,/ðə ˈpælɪs ɪz nɒt ˈvɛri bɪɡ/,de palaces is not beri big.,El palacio no es muy grande.
Is the palace very big?,/ɪz ðə ˈpælɪs ˈvɛri bɪɡ/,is de palaces beri big?,¿El palacio es muy grande?
Who built the very big palace?,/huː bɪlt ðə ˈvɛri bɪɡ ˈpælɪs/,ju bilt de beri big palaces?,¿Quién construyó el palacio muy grande?
The palace was very big.,/ðə ˈpælɪs wɒz ˈvɛri bɪɡ/,de palaces woz beri big.,El palacio era muy grande.
The fortress is on the hill.,/ðə ˈfɔːtrəs ɪz ɒn ðə hɪl/,de fortris is on de jil.,La fortaleza está en la colina.
The wall is made of stone.,/ðə wɔːl ɪz meɪd ɒv stəʊn/,de uol is meid ov eston.,El muro es de piedra.
The tower is very high.,/ðə ˈtaʊər ɪz ˈvɛri haɪ/,de taue is beri jai.,La torre es muy alta.
The tower isn't very high.,/ðə ˈtaʊər ˈɪznt ˈvɛri haɪ/,de taue isnt beri jai.,La torre no es muy alta.
Is the tower very high?,/ɪz ðə ˈtaʊər ˈvɛri haɪ/,is de taue beri jai?,¿Es la torre muy alta?
How high is the tower?,/haʊ haɪ ɪz ðə ˈtaʊər/,jau jai is de taue?,¿Qué tan alta es la torre?
The tower was very high.,/ðə ˈtaʊər wɒz ˈvɛri haɪ/,de taue woz beri jai.,La torre era muy alta.
The keep is in the center.,/ðə kiːp ɪz ɪn ðə ˈsɛntər/,de kip is in de sentar.,La torre del homenaje está en el centro.
The portcullis is made of iron.,/ðə pɔːrtˈkʌlɪs ɪz meɪd ɒv ˈaɪərn/,de portcolis is meid ov airon.,La reja es de hierro.
The underground passage is dark.,/ðə ˈʌndərɡraʊnd ˈpæsɪdʒ ɪz dɑːrk/,de undergraund pasich is dark.,El pasaje subterráneo es oscuro.
The moat has water.,/ðə moʊt hæz ˈwɔːtər/,de mout jas uater.,El foso tiene agua.
The moat doesn't have water.,/ðə moʊt ˈdʌznt hæv ˈwɔːtər/,de mout dasnt jav uater.,El foso no tiene agua.
Does the moat have water?,/dʌz ðə moʊt hæv ˈwɔːtər/,das de mout jav uater?,¿El foso tiene agua?
How much water does the moat have?,/haʊ mʌtʃ ˈwɔːtə dʌz ðə məʊt hæv/,jau much uoter daz de mou jav?,¿Cuánta agua tiene el foso?
The moat had water.,/ðə moʊt hæd ˈwɔːtər/,de mout jad uater.,El foso tenía agua.
The chain is very strong.,/ðə tʃeɪn ɪz ˈvɛri strɒŋ/,de chein is beri estrong.,La cadena es muy fuerte.
The chain isn't very strong.,/ðə tʃeɪn ˈɪznt ˈvɛri strɒŋ/,de chein isnt beri estrong.,La cadena no es muy fuerte.
Is the chain very strong?,/ɪz ðə tʃeɪn ˈvɛri strɒŋ/,is de chein beri estrong?,¿Es la cadena muy fuerte?
What is the chain for?,/wɒt ɪz ðə tʃeɪn fɔːr/,guot is de chein for?,¿Para qué es la cadena?
The chain was very strong.,/ðə tʃeɪn wɒz ˈvɛri strɒŋ/,de chein woz beri estrong.,La cadena era muy fuerte.
The arrow loop is very small.,/ðə ˈæroʊ luːp ɪz ˈvɛri smɔːl/,de aro lup is beri esmol.,La saetera es muy pequeña.
The view is magnificent.,/ðə vjuː ɪz mæɡˈnɪfɪsənt/,de viu is magnificient.,La vista es magnífica.
The castle is majestic.,/ðə ˈkæsəl ɪz məˈdʒɛstɪk/,de casl is mayestic.,El castillo es majestuoso.
The fort is impregnable.,/ðə fɔːrt ɪz ɪmˈprɛɡnəbəl/,de forrt is impregnable.,El fuerte es inexpugnable.
The sword is medieval.,/ðə sɔːrd ɪz ˌmɛdɪˈiːvəl/,de sord is medieval.,La espada es medieval.
My apartment is nice.,/maɪ əˈpɑːrtmənt ɪz naɪs/,mai apartment is nais.,Mi apartamento es bonito.
This room is clean.,/ðɪs ruːm ɪz kliːn/,dis rum is clin.,Esta habitación está limpia.
The bedroom is quiet.,/ðə ˈbɛdruːm ɪz ˈkwaɪət/,de bedrum is kuaiet.,El dormitorio está tranquilo.
We eat in the dining room.,/wi iːt ɪn ðə ˈdaɪnɪŋ ruːm/,ui it in de dining rum.,Comemos en el comedor.
I sit in the living room.,/aɪ sɪt ɪn ðə ˈlɪvɪŋ ruːm/,ai sit in de living rum.,Me siento en la sala de estar.
He works in the study.,/hi wɜːrks ɪn ðə ˈstʌdi/,ji uerks in de study.,Él trabaja en el estudio.
The entry room is small.,/ðə ˈɛntri ruːm ɪz smɔːl/,de entri rum is esmol.,El vestíbulo es pequeño.
The bathroom is here.,/ðə ˈbæθruːm ɪz hɪər/,de badrum is jier.,El baño está aquí.
The bathroom isn't here.,/ðə ˈbæθruːm ˈɪznt hɪər/,de badrum isnt jier.,El baño no está aquí.
Is the bathroom here?,/ɪz ðə ˈbæθruːm hɪər/,is de badrum jier?,¿Está el baño aquí?
Where is the bathroom?,/weər ɪz ðə ˈbɑːθruːm/,fuer iz de bazrum?,¿Dónde está el baño?
The bathroom was here.,/ðə ˈbæθruːm wɒz hɪər/,de badrum woz jier.,El baño estaba aquí.
The half bath is clean.,/ðə hæf bæθ ɪz kliːn/,de jaf bad is clin.,El medio baño está limpio.
The ceiling is white.,/ðə ˈsiːlɪŋ ɪz waɪt/,de siling is uait.,El techo es blanco.
The floor is wood.,/ðə flɔːr ɪz wʊd/,de flor is uud.,El suelo es de madera.
The box is in the corner.,/ðə bɒks ɪz ɪn ðə ˈkɔːrnər/,de boks is in de corner.,La caja está en la esquina.
I clean the room every day.,/aɪ kliːn ðə ruːm ˈɛvri deɪ/,ai clin de rum evri dei.,Limpio la habitación todos los días.
Please put away your books.,/pliːz pʊt əˈweɪ jʊər bʊks/,pliz put awei yur buks.,Por favor guarda tus libros.
There is dust on the table.,/ðeər ɪz dʌst ɒn ðə ˈteɪbəl/,der is dust on de teibol.,Hay polvo en la mesa.
The old room is very dusty.,/ðə oʊld ruːm ɪz ˈvɛri ˈdʌsti/,de old rum is veri dusti.,La habitación vieja está muy polvorienta.
She dusts the furniture.,/ʃiː dʌsts ðə ˈfɜːrnɪtʃər/,shi dusts de furnicher.,Ella quita el polvo de los muebles.
I use the vacuum cleaner.,/aɪ juːz ðə ˈvækjuːm ˈkliːnər/,ai ius de vaccum cliiner.,Uso la aspiradora.
He vacuums the floor.,/hiː ˈvækjuːmz ðə flɔːr/,ji vaccums de floor.,Él aspira el suelo.
Please sweep the floor.,/pliːz swiːp ðə flɔːr/,pliz swip de floor.,Por favor barre el suelo.
Throw the sweepings away.,/θroʊ ðə ˈswiːpɪŋz əˈweɪ/,zro de swipings awei.,Tira la basura recogida.
The room is in order.,/ðə ruːm ɪz ɪn ˈɔːrdər/,de rum is in order.,La habitación está en orden.
There is a mess here.,/ðeər ɪz ə mɛs hɪər/,der is a mes jier.,Hay un desorden aquí.
She uses a mop.,/ʃiː ˈjuːzəz ə mɒp/,shi iuses a mop.,Ella usa una fregona.
Use a dust cloth.,/juːz ə dʌst klɒθ/,ius a dust cloz.,Usa un paño para el polvo.
The broom is in the corner.,/ðə bruːm ɪz ɪn ðə ˈkɔːrnər/,de brum is in de corner.,La escoba está en la esquina.
I need a dustpan.,/aɪ niːd ə ˈdʌstpæn/,ai nid a dustpan.,Necesito un recogedor.
The furniture is new.,/ðə ˈfɜːrnɪtʃər ɪz nuː/,de furnicher is niu.,Los muebles son nuevos.
Put the cup on the table.,/pʊt ðə kʌp ɒn ðə ˈteɪbəl/,put de cap on de teibol.,Pon la taza en la mesa.
Sit on the chair.,/sɪt ɒn ðə tʃeər/,sit on de chear.,Siéntate en la silla.
The bed is soft.,/ðə bɛd ɪz sɒft/,de bed is soft.,La cama es suave.
He sits on the couch.,/hiː sɪts ɒn ðə kaʊtʃ/,ji sits on de cauch.,Él se sienta en el sofá.
The armchair is old.,/ðə ˈɑːrmtʃeər ɪz oʊld/,de armchier is old.,El sillón es viejo.
The bookcase is big.,/ðə ˈbʊkkeɪs ɪz bɪg/,de bukceis is big.,La estantería es grande.
The bookcase isn't big.,/ðə ˈbʊkkeɪs ˈɪznt bɪg/,de bukceis isnt big.,La estantería no es grande.
Is the bookcase big?,/ɪz ðə ˈbʊkkeɪs bɪg/,is de bukceis big?,¿Es grande la estantería?
Which bookcase is big?,/wɪtʃ ˈbʊkkeɪs ɪz bɪg/,guich bukceis is big?,¿Qué estantería es grande?
The bookcase was big.,/ðə ˈbʊkkeɪs wɒz bɪg/,de bukceis woz big.,La estantería era grande.
Put the book on the shelf.,/pʊt ðə bʊk ɒn ðə ʃɛlf/,put de buk on de shelf.,Pon el libro en la estantería.
I have a set of shelves.,/aɪ hæv ə sɛt ʌv ʃɛlvz/,ai jav a set ov shelves.,Tengo un conjunto de estantes.
The wardrobe is in the bedroom.,/ðə ˈwɔːdrəʊb ɪz ɪn ðə ˈbɛdruːm/,de uordrob is in de bedrum.,El armario está en el dormitorio.
Put your coat on the rack.,/pʊt jɔː kəʊt ɒn ðə ræk/,put yur coat on de rak.,Pon tu abrigo en el perchero.
He stands by the coat stand.,/hiː stændz baɪ ðə kəʊt stænd/,ji stands bai de coat stand.,Él está junto al perchero.
The lamp is on the dresser.,/ðə læmp ɪz ɒn ðə ˈdrɛsə/,de lamp is on de dressser.,La lámpara está sobre el cómoda.
The book is on the coffee table.,/ðə bʊk ɪz ɒn ðə ˈkɒfi teɪbl/,de buk is on de coffee teibol.,El libro está sobre la mesita de café.
Look in the mirror.,/lʊk ɪn ðə ˈmɪrə/,luk in de mirror.,Mírate en el espejo.
The carpet is soft.,/ðə ˈkɑːpɪt ɪz sɒft/,de carpet is soft.,La alfombra es suave.
A rug is on the floor.,/ə rʌg ɪz ɒn ðə flɔː/,a rag is on de flor.,Una alfombra pequeña está en el suelo.
The fire is in the fireplace.,/ðə faɪə ɪz ɪn ðə ˈfaɪəpleɪs/,de faier is in de faierpleis.,El fuego está en la chimenea.
Light the candle.,/laɪt ðə ˈkændl/,lait de candol.,Enciende la vela.
The candlestick is on the table.,/ðə ˈkændlstɪk ɪz ɒn ðə ˈteɪbl/,de candolstik is on de teibol.,El candelabro está en la mesa.
Close the drapes.,/kləʊz ðə dreɪps/,clos de dreips.,Cierra las cortinas.
The wallpaper is blue.,/ðə ˈwɔːlpeɪpə ɪz bluː/,de uolpeiper is blu.,El empapelado es azul.
Open the blinds.,/ˈəʊpən ðə blaɪndz/,open de blains.,Abre las persianas.
Turn on the table lamp.,/tɜːn ɒn ðə ˈteɪbl læmp/,torn on de teibol lamp.,Enciende la lámpara de mesa.
The wall lamp is bright.,/ðə wɔːl læmp ɪz braɪt/,de uol lamp is brait.,La lámpara de pared es brillante.
The floor lamp is tall.,/ðə flɔː læmp ɪz tɔːl/,de flor lamp is tol.,La lámpara de pie es alta.
The chandelier is beautiful.,/ðə ˌʃændəˈlɪə ɪz ˈbjuːtɪfl/,de shandelir is biutiful.,El candelabro es hermoso.
The chair has four legs.,/ðə tʃeə hæz fɔː lɛgz/,de cher has for legs.,La silla tiene cuatro patas.
Rest your arm on the armrest.,/rɛst jɔː ɑːm ɒn ðə ˈɑːmrɛst/,rest yur arm on de armrest.,Apoya tu brazo en el apoyabrazos.
Lean back on the chair.,/liːn bæk ɒn ðə tʃeə/,lin bak on de cher.,Recuéstate en la silla.
The socks are in the drawer.,/ðə sɒks ɑːr ɪn ðə drɔː/,de socks ar in de dro.,Los calcetines están en el cajón.
Lean back on the chair.,/liːn bæk ɒn ðə tʃeə/,lin bak on de cher.,Recuéstate en la silla.
The socks are in the drawer.,/ðə sɒks ɑːr ɪn ðə drɔː/,de socks ar in de dro.,Los calcetines están en el cajón.
The bedclothes are clean.,/ðə ˈbɛdkləʊðz ɑː kliːn/,de bedcloces ar clin.,La ropa de cama está limpia.
The pillow is very soft.,/ðə ˈpɪləʊ ɪz ˈvɛri sɒft/,de pilou iz beri soft.,La almohada es muy suave.
This pillowcase is white.,/ðɪs ˈpɪləʊkeɪs ɪz waɪt/,dis piloukeis iz uait.,Esta funda de almohada es blanca.
I use a warm blanket.,/aɪ juːz ə wɔːm ˈblæŋkɪt/,ai yus a uorm blanket.,Uso una manta cálida.
The sheet is clean.,/ðə ʃiːt ɪz kliːn/,de shiit iz klin.,La sábana está limpia.
The bedspread is blue.,/ðə ˈbɛdspred ɪz bluː/,de bedspred iz blu.,La colcha es azul.
I cook in the kitchen.,/aɪ kʊk ɪn ðə ˈkɪtʃən/,ai kuk in de kichen.,Cocino en la cocina.
We use gas for cooking.,/wiː juːz gæs fɔː ˈkʊkɪŋ/,ui yus gas for kuking.,Usamos gas para cocinar.
The gas cooker is hot.,/ðə gæs ˈkʊkə ɪz hɒt/,de gas cuker iz jiot.,La cocina de gas está caliente.
This is an electric cooker.,/ðɪs ɪz ən ɪˈlɛktrɪk ˈkʊkə/,dis iz an electric cuker.,Esta es una cocina eléctrica.
I bake bread in the oven.,/aɪ beɪk bred ɪn ðə ˈʌvən/,ai beik bred in de oven.,Horno pan en el horno.
I heat food in the microwave oven.,/aɪ hiːt fuːd ɪn ðə ˈmaɪkrəweɪv ˈʌvən/,ai jit fud in de maicrouueib oven.,Caliento comida en el microondas.
The milk is in the refrigerator.,/ðə mɪlk ɪz ɪn ðə rɪˈfrɪdʒəreɪtə/,de milk iz in de refrigerator.,La leche está en el refrigerador.
The ice is in the freezer.,/ðə aɪs ɪz ɪn ðə ˈfriːzə/,de ais iz in de freezer.,El hielo está en el congelador.
I put plates in the dishwasher.,/aɪ pʊt pleɪts ɪn ðə ˈdɪʃwɒʃə/,ai put pleits in de dishuósher.,Pongo platos en el lavaplatos.
He uses a meat grinder.,/hiː ˈjuːzɪz ə miːt ˈgraɪndə/,ji yusis a mit gráinder.,Él usa una picadora de carne.
The juicer makes orange juice.,/ðə ˈdʒuːsə meɪks ˈɒrɪndʒ dʒuːs/,de yuser meiks órinch yus.,El exprimidor hace jugo de naranja.
The toaster is on the table.,/ðə ˈtəʊstə ɪz ɒn ðə ˈteɪbəl/,de tóuster iz on de téibol.,La tostadora está en la mesa.
She uses a mixer for cakes.,/ʃiː ˈjuːzɪz ə ˈmɪksə fɔː keɪks/,shi yusis a miker for keiks.,Ella usa una batidora para pasteles.
I drink coffee from the coffee maker.,/aɪ drɪŋk ˈkɒfi frɒm ðə ˈkɒfi meɪkə/,ai drink cofi from de cofi meiker.,Tomo café de la cafetera.
The coffee pot is full.,/ðə ˈkɒfi pɒt ɪz fʊl/,de cofi pot iz ful.,La cafetera está llena.
I grind beans in the coffee grinder.,/aɪ graɪnd biːnz ɪn ðə ˈkɒfi ˈgraɪndə/,ai gráind bins in de cofi gráinder.,Muelo granos en el molinillo de café.
The kettle boils water.,/ðə ˈkɛtəl bɔɪlz ˈwɔːtə/,de ketel boils uóter.,La tetera hierve agua.
She pours tea from the teapot.,/ʃiː pɔːz tiː frɒm ðə ˈtiːpɒt/,shi pours ti from de típot.,Ella sirve té de la tetera.
Please put the lid on.,/pliːz pʊt ðə lɪd ɒn/,pliz put de lid on.,Por favor pon la tapa.
I use a tea strainer.,/aɪ juːz ə tiː ˈstreɪnə/,ai yus a ti stréiner.,Uso un colador de té.
I eat with a spoon.,/aɪ iːt wɪð ə spuːn/,ai it wid a espoon.,Como con una cuchara.
This is a teaspoon.,/ðɪs ɪz ə ˈtiːspuːn/,dis is a tispoon.,Esta es una cucharita.
Use a tablespoon for rice.,/juːz ə ˈteɪbəlspuːn fɔː raɪs/,yus a teibolespoon for rais.,Usa una cucharada para el arroz.
I need a fork.,/aɪ niːd ə fɔːk/,ai nid a fork.,Necesito un tenedor.
Cut the meat with a knife.,/kʌt ðə miːt wɪð ə naɪf/,kat de mit wid a naif.,Corta la carne con un cuchillo.
The tableware is clean.,/ðə ˈteɪbəlweə(r) ɪz kliːn/,de teibolwer is klin.,La vajilla está limpia.
Put the food on the plate.,/pʊt ðə fuːd ɒn ðə pleɪt/,put de fud on de pleit.,Pon la comida en el plato.
The cup is on the saucer.,/ðə kʌp ɪz ɒn ðə ˈsɔːsə(r)/,de cap is on de soser.,La taza está en el platillo.
He drinks from a shot glass.,/hiː drɪŋks frɒm ə ʃɒt ɡlɑːs/,ji drinks from a shot glas.,Él bebe de un caballito.
I drink a glass of water.,/aɪ drɪŋk ə ɡlɑːs ɒv ˈwɔːtə(r)/,ai drink a glas of uater.,Bebo un vaso de agua.
This cup is red.,/ðɪs kʌp ɪz red/,dis cap is red.,Esta taza es roja.
The sugar bowl is empty.,/ðə ˈʃʊɡə(r) bəʊl ɪz ˈempti/,de shuger bol is empti.,El azucarero está vacío.
Pass me the salt shaker.,/pɑːs miː ðə sɔːlt ʃeɪkə(r)/,pas mi de solt sheiker.,Pásame el salero.
I use the pepper shaker.,/aɪ juːz ðə ˈpepə(r) ʃeɪkə(r)/,ai yus de peper sheiker.,Uso el pimentero.
The butter dish is on the table.,/ðə ˈbʌtə(r) dɪʃ ɪz ɒn ðə ˈteɪbəl/,de bater dish is on de teibel.,La mantequera está en la mesa.
She cooks in a saucepan.,/ʃiː kʊks ɪn ə ˈsɔːspən/,shi cooks in a sospen.,Ella cocina en una cacerola.
The egg is in the frying pan.,/ðə eɡ ɪz ɪn ðə ˈfraɪɪŋ pæn/,de eg is in de fraiing pan.,El huevo está en la sartén.
Use the ladle for soup.,/juːz ðə ˈleɪdəl fɔː suːp/,yus de leidel for sup.,Usa el cucharón para la sopa.
I wash the pasta in the colander.,/aɪ wɒʃ ðə ˈpæstə ɪn ðə ˈkʌləndə(r)/,ai wosh de pasta in de kolander.,Lavo la pasta en el escurridor.
The waiter has a tray.,/ðə ˈweɪtə(r) hæz ə treɪ/,de ueiter has a trei.,El camarero tiene una bandeja.
The waiter does not have a tray.,/ðə ˈweɪtə(r) dʌz nɒt hæv ə treɪ/,de ueiter das not jav a trei.,El camarero no tiene una bandeja.
Does the waiter have a tray?,/dʌz ðə ˈweɪtə(r) hæv ə treɪ/,das de ueiter jav a trei?,¿El camarero tiene una bandeja?
Who has a tray?,/huː hæz ə treɪ/,ju jas a trei?,¿Quién tiene una bandeja?
The waiter had a tray.,/ðə ˈweɪtə(r) hæd ə treɪ/,de ueiter jad a trei.,El camarero tenía una bandeja.
Please open the bottle.,/pliːz ˈəʊpən ðə ˈbɒtəl/,pliz open de bocol.,Por favor abre la botella.
The cookies are in the jar.,/ðə ˈkʊkiz ɑːr ɪn ðə dʒɑː(r)/,de cukis ar in de jar.,Las galletas están en el frasco.
This is a can of soup.,/ðɪs ɪz ə kæn ɒv suːp/,dis is a can of sup.,Esto es una lata de sopa.
I need a bottle opener.,/aɪ niːd ə ˈbɒtəl ˈəʊpənə(r)/,ai nid a bocol openar.,Necesito un abrelatas.
She uses a can opener.,/ʃiː ˈjuːzɪz ə kæn ˈəʊpənə(r)/,shi yuses a can openar.,Ella usa un abrelatas.
He uses a corkscrew.,/hiː juːzɪz ə ˈkɔːrkskruː/,ji yuses a corkscrew.,Él usa un sacacorchos.
The filter is clean.,/ðə ˈfɪltər ɪz kliːn/,de filter is klin.,El filtro está limpio.
Put the trash here.,/pʊt ðə træʃ hɪr/,put de trash jir.,Pon la basura aquí.
The trash can is full.,/ðə træʃ kæn ɪz fʊl/,de trash can is ful.,El cubo de basura está lleno.
The bathroom is small.,/ðə ˈbæθruːm ɪz smɔːl/,de batrum is smol.,El baño es pequeño.
I drink water.,/aɪ drɪŋk ˈwɔːtər/,ai drink uater.,Bebo agua.
Turn off the tap.,/tɜːrn ɒf ðə tæp/,turn of de tap.,Cierra el grifo.
I like hot water.,/aɪ laɪk hɒt ˈwɔːtər/,ai laik jot uater.,Me gusta el agua caliente.
I don't like hot water.,/aɪ dəʊnt laɪk hɒt ˈwɔːtər/,ai dount laik jot uater.,No me gusta el agua caliente.
Do you like hot water?,/duː juː laɪk hɒt ˈwɔːtər/,du yu laik jot uater?,¿Te gusta el agua caliente?
Why do you like hot water?,/waɪ duː juː laɪk hɒt ˈwɔːtər/,uai du yu laik jot uater?,¿Por qué te gusta el agua caliente?
I liked hot water.,/aɪ laɪkt hɒt ˈwɔːtər/,ai laikt jot uater.,Me gustaba el agua caliente.
The water is cold.,/ðə ˈwɔːtər ɪz koʊld/,de uater is cold.,El agua está fría.
I need toothpaste.,/aɪ niːd ˈtuːθpeɪst/,ai nid tupeist.,Necesito pasta de dientes.
I brush my teeth.,/aɪ brʌʃ maɪ tiːθ/,ai brush mai tits.,Me lavo los dientes.
This is my toothbrush.,/ðɪs ɪz maɪ ˈtuːθbrʌʃ/,dis is mai tuabrash.,Este es mi cepillo de dientes.
He shaves every day.,/hiː ʃeɪvz ˈevri deɪ/,ji sheivs evri dei.,Él se afeita todos los días.
He uses shaving foam.,/hiː juːzɪz ˈʃeɪvɪŋ foʊm/,ji yuses sheiving foom.,Él usa espuma de afeitar.
The razor is sharp.,/ðə ˈreɪzər ɪz ʃɑːrp/,de reisor is sharpp.,La maquinilla de afeitar está afilada.
Please wash your hands.,/pliːz wɒʃ jɔːr hændz/,pliz guosh yor jands.,"Por favor, lávate las manos."
I take a bath.,/aɪ teɪk ə bæθ/,ai teik a bat.,Me tomo un baño.
The shower is hot.,/ðə ˈʃaʊər ɪz hɒt/,de shauer is jot.,La ducha está caliente.
I take a shower.,/aɪ teɪk ə ˈʃaʊər/,ai teik a shauer.,Me ducho.
The bathtub is white.,/ðə ˈbæθtʌb ɪz waɪt/,de batab is uait.,La bañera es blanca.
Clean the toilet.,/kliːn ðə ˈtɔɪlət/,klin de toilit.,Limpia el inodoro.
The sink is dirty.,/ðə sɪŋk ɪz ˈdɜːrti/,de sink is dirddi.,El lavabo está sucio.
Use some soap.,/juːz sʌm soʊp/,yus sam soup.,Usa un poco de jabón.
The soap dish is empty.,/ðə soʊp dɪʃ ɪz ˈempti/,de soup dish is emddi.,La jabonera está vacía.
Wash with a sponge.,/wɒʃ wɪð ə spʌndʒ/,guosh wid a espandge.,Lava con una esponja.
I use shampoo for my hair.,/aɪ juːz ʃæmˈpuː fɔːr maɪ hɛr/,ai yuz shampu for mai jer.,Uso champú para mi cabello.
This towel is very soft.,/ðɪs ˈtaʊəl ɪz ˈvɛri sɒft/,dis tauel is beri soft.,Este paño es muy suave.
He wears a bathrobe.,/hiː wɛərz ə ˈbɑːθrəʊb/,ji wers a zabrob.,Él usa una bata de baño.
The laundry is clean.,/ðə ˈlɔːndri ɪz kliːn/,de londri is klin.,La ropa está limpia.
The washing machine is big.,/ðə ˈwɒʃɪŋ məˈʃiːn ɪz bɪg/,de washing mashin is big.,La lavadora es grande.
I do the laundry.,/aɪ duː ðə ˈlɔːndri/,ai du de londri.,Hago la colada.
We need laundry detergent.,/wiː niːd ˈlɔːndri dɪˈtɜːdʒənt/,ui nid londri detergent.,Necesitamos jabón para la ropa.
The TV set is on.,/ðə ˌtiːˈviː sɛt ɪz ɒn/,de ti vi set is on.,El televisor está encendido.
She uses a tape recorder.,/ʃiː ˈjuːzɪz ə teɪp rɪˈkɔːdə/,shi yusis a teip recorder.,Ella usa una grabadora.
I like the video.,/aɪ laɪk ðə ˈvɪdiəʊ/,ai laik de vidio.,Me gusta el vídeo.
I don't like the video.,/aɪ dəʊnt laɪk ðə ˈvɪdiəʊ/,ai dount laik de vidio.,No me gusta el vídeo.
Do you like the video?,/duː juː laɪk ðə ˈvɪdiəʊ/,du yu laik de vidio?,¿Te gusta el vídeo?
What is the video about?,/wɒt ɪz ðə ˈvɪdiəʊ əˈbaʊt/,uot is de vidio abaut?,¿De qué trata el vídeo?
I liked the video.,/aɪ laɪkt ðə ˈvɪdiəʊ/,ai laikt de vidio.,Me gustó el vídeo.
Listen to the radio.,/ˈlɪsən tuː ðə ˈreɪdiəʊ/,lisen tu de reidio.,Escucha la radio.
This player is new.,/ðɪs ˈpleɪər ɪz njuː/,dis pleier is niu.,Este reproductor es nuevo.
The video projector is bright.,/ðə ˈvɪdiəʊ prəˈdʒɛktər ɪz braɪt/,de vidio proyector is brait.,El proyector de vídeo es brillante.
He has a home movie theater.,/hiː hæz ə həʊm ˈmuːvi ˈθɪətə/,ji jas a jom muvi ziater.,Él tiene un cine en casa.
The DVD player works.,/ðə ˌdiːviːˈdiː ˈpleɪər wɜːks/,de di vi di pleier works.,El reproductor de DVD funciona.
Turn on the amplifier.,/tɜːn ɒn ðə ˈæmplɪfaɪə/,torn on de amplifayer.,Enciende el amplificador.
I play the video game console.,/aɪ pleɪ ðə ˈvɪdiəʊ geɪm ˈkɒnsəʊl/,ai plei de vidio geim consol.,Juego a la videoconsola.
Use the video camera.,/juːz ðə ˈvɪdiəʊ ˈkæmərə/,yuz de vidio camera.,Usa la cámara de vídeo.
Take a photo with the camera.,/teɪk ə ˈfəʊtəʊ wɪð ðə ˈkæmərə/,teik a foto wid de camera.,Toma una foto con la cámara.
This is a digital camera.,/ðɪs ɪz ə ˈdɪdʒɪtl ˈkæmərə/,dis is a didyital camera.,Esta es una cámara digital.
She has a vacuum cleaner.,/ʃiː hæz ə ˈvækjuːm ˈkliːnə/,shi jas a baciym cleaner.,Ella tiene una aspiradora.
She does not have a vacuum cleaner.,/ʃiː dʌz nɒt hæv ə ˈvækjuːm ˈkliːnə/,shi das not jav a baciym cleaner.,Ella no tiene una aspiradora.
Does she have a vacuum cleaner?,/dʌz ʃiː hæv ə ˈvækjuːm ˈkliːnə/,das shi jav a baciym cleaner?,¿Ella tiene una aspiradora?
Where is her vacuum cleaner?,/weər ɪz hɜː(r) ˈvækjuːm ˈkliːnə/,uer is jer baciym cleaner?,¿Dónde está su aspiradora?
She had a vacuum cleaner.,/ʃiː hæd ə ˈvækjuːm ˈkliːnə/,shi jad a baciym cleaner.,Ella tenía una aspiradora.
The iron is hot.,/ðə aɪən ɪz hɒt/,de airon is jot.,La plancha está caliente.
Set up the ironing board.,/sɛt ʌp ðə ˈaɪənɪŋ bɔːd/,set ap de aironing bord.,Prepara la tabla de planchar.
The telephone rings.,/ðə ˈtɛlɪfəʊn rɪŋz/,de telefon rings.,El teléfono suena.
I have a mobile phone.,/aɪ hæv ə ˈməʊbaɪl fəʊn/,ai jav a móbil fon.,Tengo un teléfono móvil.
I use a typewriter.,/aɪ juːz ə ˈtaɪˌraɪtə/,ai yus a tai-raiter.,Uso una máquina de escribir.
She has a sewing machine.,/ʃiː hæz ə ˈsoʊɪŋ məˈʃiːn/,shi jas a so-ing mashin.,Ella tiene una máquina de coser.
She doesn't have a sewing machine.,/ʃiː ˈdʌzənt hæv ə ˈsoʊɪŋ məˈʃiːn/,shi dasent jav a so-ing mashin.,Ella no tiene una máquina de coser.
Does she have a sewing machine?,/dʌz ʃiː hæv ə ˈsoʊɪŋ məˈʃiːn/,das shi jav a so-ing mashin?,¿Tiene ella una máquina de coser?
Which sewing machine does she have?,/wɪtʃ ˈsoʊɪŋ məˈʃiːn dʌz ʃiː hæv/,uich so-ing mashin das shi jav?,¿Qué máquina de coser tiene ella?
She had a sewing machine.,/ʃiː hæd ə ˈsoʊɪŋ məˈʃiːn/,shi jad a so-ing mashin.,Ella tenía una máquina de coser.
He uses a microphone.,/hiː juːzɪz ə ˈmaɪkrəˌfoʊn/,ji yusiz a maikrofon.,Él usa un micrófono.
I wear headphones.,/aɪ wer ˈhɛdˌfoʊnz/,ai wer jedfons.,Uso auriculares.
The remote control is here.,/ðə rɪˈmoʊt kənˈtroʊl ɪz hɪr/,de rimot control is jir.,El control remoto está aquí.
I play a CD.,/aɪ pleɪ ə siː diː/,ai plei a si di.,Reproduzco un CD.
This is a cassette.,/ðɪs ɪz ə kəˈsɛt/,dis is a kaset.,Esto es un casete.
I like vinyl records.,/aɪ laɪk ˈvaɪnl̩ ˈrɛkərdz/,ai laik vainl rekords.,Me gustan los discos de vinilo.
The renovations are good.,/ðə ˌrɛnəˈveɪʃənz ɑːr gʊd/,de renobeishons ar gud.,Las renovaciones son buenas.
They renovate the house.,/ðeɪ ˈrɛnəˌveɪt ðə haʊs/,dei renoveit de jaus.,Ellos renuevan la casa.
We repair the car.,/wiː rɪˈpɛr ðə kɑːr/,ui riper de kar.,Reparamos el coche.
He puts books in order.,/hiː pʊts bʊks ɪn ˈɔːrdər/,ji puts buks in order.,Él ordena los libros.
I redo the work.,/aɪ riːˈduː ðə wɜːrk/,ai ridu de werk.,Vuelvo a hacer el trabajo.
The paint is white.,/ðə peɪnt ɪz waɪt/,de peint is uait.,La pintura es blanca.
She paints the wall.,/ʃiː peɪnts ðə wɔːl/,shi peints de uol.,Ella pinta la pared.
He is a house painter.,/hiː ɪz ə haʊs ˈpeɪntər/,ji is a jaus peinter.,Él es pintor de casas.
I use a paintbrush.,/aɪ juːz ə ˈpeɪntˌbrʌʃ/,ai yus a peintbrash.,Uso un pincel.
This is whitewash.,/ðɪs ɪz ˈwaɪtˌwɑːʃ/,dis is uait-uosh.,Esto es cal blanca.
They whitewash the fence.,/ðeɪ ˈwaɪtˌwɑːʃ ðə fɛns/,dei uait-uosh de fens.,Encalan la valla.
The wallpaper is nice.,/ðə ˈwɔːlˌpeɪpər ɪz naɪs/,de uol-peiper is nais.,El papel pintado es bonito.
I wallpaper the room.,/aɪ ˈwɔːlˌpeɪpər ðə ruːm/,ai uol-peiper de rum.,Forro la habitación con papel.
I like the varnish.,/aɪ laɪk ðə ˈvɑːrnɪʃ/,ai laik de varnish.,Me gusta el barniz.
I don't like the varnish.,/aɪ dəʊnt laɪk ðə ˈvɑːrnɪʃ/,ai dount laik de varnish.,No me gusta el barniz.
Do you like the varnish?,/duː juː laɪk ðə ˈvɑːrnɪʃ/,du yu laik de varnish?,¿Te gusta el barniz?
How is the varnish?,/haʊ ɪz ðə ˈvɑːrnɪʃ/,jau is de varnish?,¿Cómo está el barniz?
I liked the varnish.,/aɪ laɪkt ðə ˈvɑːrnɪʃ/,ai laikt de varnish.,Me gustó el barniz.
She varnishes the table.,/ʃiː ˈvɑːrnɪʃɪz ðə ˈteɪbəl/,shi varnishiz de teibol.,Ella barniza la mesa.
I drink water.,/aɪ drɪŋk ˈwɔːtər/,ai drink uoter.,Bebo agua.
The water is hot.,/ðə ˈwɔːtər ɪz hɑːt/,de uoter is jot.,El agua está caliente.
I drink cold water.,/aɪ drɪŋk kəʊld ˈwɔːtə/,ai drink cold uo-ter,Yo bebo agua fría.
The tap is on.,/ðə tæp ɪz ɒn/,de tap is on,El grifo está abierto.
There is a drop here.,/ðeər ɪz ə drɒp hɪə/,der is a drop ji-er,Hay una gota aquí.
Water drips from the tap.,/ˈwɔːtə drɪps frɒm ðə tæp/,uo-ter dips from de tap,El agua gotea del grifo.
The pipe leaks.,/ðə paɪp liːks/,de paip leaks,La tubería tiene fugas.
I see a leak.,/aɪ siː ə liːk/,ai si a leak,Veo una fuga.
Look at the puddle.,/lʊk æt ðə ˈpʌdəl/,luk at de pa-dl,Mira el charco.
This pipe is big.,/ðɪs paɪp ɪz bɪɡ/,dis paip is big,Esta tubería es grande.
This pipe isn't big.,/ðɪs paɪp ˈɪzənt bɪɡ/,dis paip isent big.,Esta tubería no es grande.
Is this pipe big?,/ɪz ðɪs paɪp bɪɡ/,is dis paip big?,¿Es grande esta tubería?
Whose big pipe is this?,/huːz bɪɡ paɪp ɪz ðɪs/,jus big paip iz dis?,¿De quién es esta tubería grande?
This pipe was big.,/ðɪs paɪp wɒz bɪɡ/,dis paip uoz big.,Esta tubería era grande.
Close the stop valve.,/kləʊz ðə stɒp vælv/,cloz de stop balv,Cierra la válvula de paso.
The sink is clogged up.,/ðə sɪŋk ɪz klɒgd ʌp/,de sink is clogd ap,El fregadero está tapado.
I have my tools.,/aɪ hæv maɪ tuːlz/,ai jav mai tuls,Tengo mis herramientas.
Use an adjustable wrench.,/juːz æn əˈdʒʌstəbəl rentʃ/,iuz an ad-yus-tabl rench,Usa una llave ajustable.
Unscrew the lid.,/ʌnˈskruː ðə lɪd/,un-skru de lid,Destornilla la tapa.
Screw it on.,/skruː ɪt ɒn/,skru it on,Atorníllalo.
He can unclog the drain.,/hiː kæn ʌnˈklɒg ðə dreɪn/,ji can un-cllog de drein,Él puede destapar el desagüe.
Call a plumber.,/kɔːl ə ˈplʌmə/,col a pla-mer,Llama a un fontanero.
Go to the basement.,/ɡəʊ tuː ðə ˈbeɪsmənt/,gou tu de bei-smnt,Ve al sótano.
The city sewerage is old.,/ðə ˈsɪti ˈsuːərɪdʒ ɪz əʊld/,de si-ti su-er-ridg is old,El alcantarillado de la ciudad es viejo.
The box caught fire.,/ðə bɒks kɔːt faɪə/,de box caot fai-er,La caja se prendió fuego.
The flame is hot.,/ðə fleɪm ɪz hɒt/,de fleim is jiot,La llama está caliente.
I see a spark.,/aɪ siː ə spɑːk/,ai si a spark,Veo una chispa.
There is smoke.,/ðeər ɪz sməʊk/,der is smouk,Hay humo.
He holds a torch.,/hiː həʊldz ə tɔːtʃ/,ji jolds a torch,Él sostiene una antorcha.
We sit by the campfire.,/wiː sɪt baɪ ðə ˈkæmpfaɪə/,ui sit bai de camp-fai-er,Nos sentamos junto a la fogata.
The car needs gas.,/ðə kɑː niːdz ɡæs/,de car nids gas,El coche necesita gasolina.
This is kerosene for aircraft.,/ðɪs ɪz kɛrəsiːn fɔːr ˈɛrkræft/,dis is kerosin for ercraft,Esto es queroseno para aviones.
This gas is very flammable.,/ðɪs ɡæs ɪz ˈvɛri ˈflæməbəl/,dis gas is beri flamebl,Este gas es muy inflamable.
The box is explosive.,/ðə bɒks ɪz ɪkˈsploʊsɪv/,de boks is explosib,La caja es explosiva.
No smoking in this room.,/noʊ ˈsmoʊkɪŋ ɪn ðɪs ruːm/,no smouking in dis rum,Prohibido fumar en esta habitación.
Safety is very important.,/ˈseɪfti ɪz ˈvɛri ɪmˈpɔːrtənt/,seifti is beri impportant,La seguridad es muy importante.
There is danger here.,/ðɛr ɪz ˈdeɪndʒər hɪr/,der is danger jir,Hay peligro aquí.
That dog is dangerous.,/ðæt dɔːɡ ɪz ˈdeɪndʒərəs/,dat dog is dangers,Ese perro es peligroso.
The paper will catch fire.,/ðə ˈpeɪpər wɪl kætʃ ˈfaɪər/,de peiper wil cach fair,El papel se prenderá fuego.
We heard an explosion.,/wi hɜːrd ən ɪkˈsploʊʒən/,ui jerd an explosion,Escuchamos una explosión.
He will set fire to it.,/hi wɪl sɛt ˈfaɪər tuː ɪt/,ji wil set fair tu it,Él le prenderá fuego.
The man is an incendiary.,/ðə mæn ɪz ən ɪnˈsɛndiɛri/,de man is an incendiari,El hombre es un incendiario.
Arson is a bad crime.,/ˈɑːrsən ɪz ə bæd kraɪm/,arson is a bad craim,El incendio es un crimen malo.
The fire blazes at night.,/ðə ˈfaɪər ˈbleɪzɪz æt naɪt/,de fair bleicesis at nait,El fuego arde de noche.
The wood burns very fast.,/ðə wʊd bɜːrnz ˈvɛri fæst/,de wud burns beri fast,La madera quema muy rápido.
The house will burn down.,/ðə haʊs wɪl bɜːrn daʊn/,de jaus wil burn daun,La casa se quemará.
Call the fire department now.,/kɔːl ðə ˈfaɪər dɪˈpɑːrtmənt naʊ/,col de fair departament nau,Llama al cuerpo de bomberos ahora.
The fireman is very strong.,/ðə ˈfaɪərmæn ɪz ˈvɛri strɒŋ/,de fairman is beri strong,El bombero es muy fuerte.
Look at the big fire truck.,/lʊk æt ðə bɪɡ ˈfaɪər trʌk/,luk at de big fair truc,Mira el camión de bomberos grande.
The fire department is near.,/ðə ˈfaɪər dɪˈpɑːrtmənt ɪz nɪr/,de fair departament is nir,El cuartel de bomberos está cerca.
He climbs the fire truck ladder.,/hi klaɪmz ðə ˈfaɪər trʌk ˈlædər/,ji claims de fair truc lader,Él sube la escalera del camión.
Use the fire hose now.,/juːz ðə ˈfaɪər hoʊs naʊ/,iuz de fair jous nau,Usa la manguera ahora.
Get the fire extinguisher.,/ɡɛt ðə ˈfaɪər ɪkˈstɪŋɡwɪʃər/,guet de fire extinguisher,Toma el extintor.
He wears a heavy helmet.,/hi wɛrz ə ˈhɛvi ˈhɛlmɪt/,ji juers a jebi jelmet,Él lleva un casco pesado.
Hear the loud siren.,/hɪr ðə laʊd ˈsaɪrən/,jir de laud sain,Escucha la sirena fuerte.
She will call out his name.,/ʃi wɪl kɔːl aʊt hɪz neɪm/,shi wil col aut jis neim,Ella gritará su nombre.
I call for help.,/aɪ kɔːl fɔː hɛlp/,ai kol for jelp.,Pido ayuda.
The rescuer is here.,/ðə ˈrɛskjuːər ɪz hɪə/,de reskyuer is jir.,El rescatador está aquí.
The rescuer isn't here.,/ðə ˈrɛskjuːər ˈɪzənt hɪə/,de reskyuer isent jir.,El rescatador no está aquí.
Is the rescuer here?,/ɪz ðə ˈrɛskjuːər hɪə/,is de reskyuer jir?,¿Está aquí el rescatador?
Why is the rescuer here?,/waɪ ɪz ðə ˈrɛskjuːər hɪər/,uai iz de reskiuer jir?,¿Por qué está aquí el rescatista?
The rescuer was here.,/ðə ˈrɛskjuːər wɒz hɪə/,de reskyuer uoz jir.,El rescatador estaba aquí.
They rescue the cat.,/ðeɪ ˈrɛskjuː ðə kæt/,dei reskyu de kat.,Ellos rescatan al gato.
We arrive at night.,/wiː əˈraɪv æt naɪt/,ui arraiv at nait.,Llegamos de noche.
He extinguish the fire.,/hiː ɪkˈstɪŋɡwɪʃ ðə faɪə/,ji iksstinguish de faier.,Él apaga el fuego.
I drink water.,/aɪ drɪŋk ˈwɔːtə/,ai drink uoter.,Yo bebo agua.
This is sand.,/ðɪs ɪz sænd/,dis is sand.,Esto es arena.
I see the ruins.,/aɪ siː ðə ruːɪnz/,ai si de ruins.,Veo las ruinas.
The house can collapse.,/ðə haʊs kæn kəˈlæps/,de jaous kan kolaps.,La casa puede colapsar.
Leaves fall down.,/liːvz fɔːl daʊn/,lifs faol daun.,Las hojas caen.
The roof caves in.,/ðə ruːf keɪvz ɪn/,de ruf keivs in.,El techo se hunde.
It is a piece of wreckage.,/ɪt ɪz ə piːs ɒv ˈrɛkɪdʒ/,it is a pis ov rekij.,Es un trozo de residuos.
The ash is grey.,/ðə æʃ ɪz ɡreɪ/,de ash is grei.,La ceniza es gris.
Birds can suffocate.,/bɜːdz kæn ˈsʌfəkeɪt/,berds kan sufocate.,Los pájaros pueden asfixiarse.
Many were killed.,/ˈmɛni wɜː kɪld/,meni wer kild.,Muchos murieron.
This is an office.,/ðɪs ɪz æn ˈɒfɪs/,dis is an ofis.,Esta es una oficina.
The office is big.,/ðə ˈɒfɪs ɪz bɪɡ/,de ofis is big.,El despacho es grande.
The office isn't big.,/ðə ˈɒfɪs ˈɪzənt bɪɡ/,de ofis isent big.,El despacho no es grande.
Is the office big?,/ɪz ðə ˈɒfɪs bɪɡ/,is de ofis big?,¿Es grande el despacho?
Where is the office?,/weər ɪz ðə ˈɒfɪs/,uer is de ofis?,¿Dónde está el despacho?
The office was big.,/ðə ˈɒfɪs wɒz bɪɡ/,de ofis uoz big.,El despacho era grande.
She is at the front desk.,/ʃiː ɪz æt ðə frʌnt dɛsk/,shi is at de front desk.,Ella está en la recepción.
He is a secretary.,/hiː ɪz ə ˈsɛkrətəri/,ji is a secretri.,Él es un secretario.
The director is nice.,/ðə dɪˈrɛktə r daʊn/,de dairekter is nais.,El director es amable.
I see the manager.,/aɪ siː ðə ˈmænɪdʒə/,ai si de maneyer.,Veo al gerente.
The accountant works here.,/ðə əˈkaʊntənt wɜːks hɪə/,de accountant werks jir.,El contador trabaja aquí.
She is an employee.,/ʃiː ɪz æn ɪmˈplɔɪiː/,shi is an emplioi.,Ella es empleada.
We like the furniture.,/wiː laɪk ðə ˈfɜːnɪtʃə/,ui laik de furniture.,Nos gusta el mobiliario.
We don't like the furniture.,/wiː dəʊnt laɪk ðə ˈfɜːnɪtʃə/,ui dount laik de furniture.,No nos gusta el mobiliario.
Do we like the furniture?,/duː wiː laɪk ðə ˈfɜːnɪtʃə/,du ui laik de furniture?,¿Nos gusta el mobiliario?
Who likes the furniture?,/huː laɪks ðə ˈfɜːnɪtʃə/,ju laiks de furniture?,¿A quién le gusta el mobiliario?
We liked the furniture.,/wiː laɪkt ðə ˈfɜːnɪtʃə/,ui laikt de furniture.,Nos gustó el mobiliario.
The desk is brown.,/ðə dɛsk ɪz braʊn/,de desk is braun.,El escritorio es marrón.
The desk chair is new.,/ðə dɛsk tʃɛər ɪz njuː/,de desk chair is niu.,La silla de escritorio es nueva.
The shirt is in the chest of drawers.,/ðə ʃɜːt ɪz ɪn ðə tʃɛst ɒv drɔːərz/,de shirt is in de chest of drawers.,La camisa está en el cómod.
My coat is on the coat stand.,/maɪ kəʊt ɪz ɒn ðə kəʊt stænd/,mai coat is on de coat stand.,Mi abrigo está en el perchero.
The computer is on the desk.,/ðə kəmˈpjuːtər ɪz ɒn ðə dɛsk/,de computer is on de desk.,La computadora está en el escritorio.
The printer is black.,/ðə ˈprɪntər ɪz blæk/,de printer is black.,La impresora es negra.
The fax machine is old.,/ðə fæks məˈʃiːn ɪz əʊld/,de fax machine is old.,La máquina de fax es vieja.
This is a photocopier.,/ðɪs ɪz ə ˈfəʊtəʊˌkɒpiər/,dis is a photocopier.,Esta es una fotocopiadora.
I need some paper.,/aɪ niːd sʌm ˈpeɪpər/,ai nid som paper.,Necesito papel.
Here are the office supplies.,/hɪər ɑː ðə ˈɒfɪs səˈplaɪz/,ji ar de office supplies.,Aquí están los útiles de oficina.
The mouse pad is blue.,/ðə maʊs pæd ɪz bluː/,de mouse pad is blu.,El alfombrilla del ratón es azul.
Please give me a sheet of paper.,/pliːz ɡiːv miː ə ʃiːt ɒv ˈpeɪpər/,pliz giv mi a sheet of paper.,Por favor dame una hoja de papel.
The folder is red.,/ðə ˈfəʊldər ɪz rɛd/,de folder is red.,La carpeta es roja.
Look at the catalog.,/lʊk æt ðə ˈkætəlɒɡ/,luk at de catalog.,Mira el catálogo.
Find the number in the phone book.,/faɪnd ðə ˈnʌmbər ɪn ðə fəʊn bʊk/,faind de namber in de fone buk.,Encuentra el número en la guía telefónica.
This is the documentation.,/ðɪs ɪz ðə ˌdɒkjʊmɛnˈteɪʃən/,dis is de documentation.,Esta es la documentación.
Take a brochure.,/teɪk ə ˈbrəʊʃər/,teik a brochure.,Toma un folleto.
He reads the leaflet.,/hiː riːdz ðə ˈliːflət/,ji rids de leaflet.,Él lee el folleto.
This is a sample.,/ðɪs ɪz ə ˈsæmpəl/,dis is a sample.,Esta es una muestra.
We have a training meeting.,/wiː hæv ə ˈtreɪnɪŋ ˈmiːtɪŋ/,ji jav a training meeting.,Tenemos una reunión de capacitación.
The meeting is long.,/ðə ˈmiːtɪŋ ɪz lɒŋ/,de meeting is long.,La reunión es larga.
It is lunch time.,/ɪt ɪz lʌntʃ taɪm/,it is lunch taim.,Es la hora del almuerzo.
I make a copy.,/aɪ meɪk ə ˈkɒpi/,ai meik a copy.,Hago una copia.
She receives a fax.,/ʃiː rɪˈsiːvz ə fæks/,shi risivs a fax.,Ella recibe un fax.
He sends a fax.,/hiː sɛndz ə fæks/,ji s ends a fax.,Él envía un fax.
I call my friend.,/aɪ kɔːl maɪ frɛnd/,ai col mai frend.,Llamo a mi amigo.
Please answer the phone.,/pliːz ˈɑːnsə ðə fəʊn/,pliz ansər de fón.,"Por favor, contesta el teléfono."
We arrange the room.,/wiː əˈreɪndʒ ðə ruːm/,ui arreinche de rum.,Nosotros arreglamos la habitación.
She will demonstrate the car.,/ʃiː wɪl ˈdɛmənstreɪt ðə kɑː/,shui wil demənstreit de kar.,Ella demostrará el coche.
He is absent today.,/hiː ɪz ˈæbsənt təˈdeɪ/,ji iz absənt tudei.,Él está ausente hoy.
I notice his absence.,/aɪ ˈnəʊtɪs hɪz ˈæbsəns/,ai nótis hiz absəns.,Noto su ausencia.
This is my business.,/ðɪs ɪz maɪ ˈbɪznəs/,dis iz mai biznes.,Este es mi negocio.
It is a good occupation.,/ɪt ɪz ə gʊd ˌɒkjʊˈpeɪʃən/,it iz a gud okiupéishon.,Es una buena ocupación.
He works for a firm.,/hiː wɜːks fɔːr ə fɜːrm/,ji uorks for a firm.,Él trabaja para una empresa.
The company is big.,/ðə ˈkʌmpəni ɪz bɪg/,de kompáni iz big.,La compañía es grande.
The company is not big.,/ðə ˈkʌmpəni ɪz nɒt bɪɡ/,de kompáni iz not big.,La compañía no es grande.
Is the company big?,/ɪz ðə ˈkʌmpəni bɪɡ/,is de kompáni big?,¿Es grande la compañía?
Which company is big?,/wɪtʃ ˈkʌmpəni ɪz bɪɡ/,uich kompáni iz big?,¿Qué compañía es grande?
The company was big.,/ðə ˈkʌmpəni wɒz bɪɡ/,de kompáni uoz big.,La compañía era grande.
A corporation owns the land.,/ə ˌkɔːpəˈreɪʃən əʊnz ðə lænd/,a korporéishon ownz de land.,Una corporación posee la tierra.
It is a new enterprise.,/ɪt ɪz ə njuː ˈɛntəpraɪz/,it iz a niu entərpraiz.,Es una nueva empresa.
She works at an agency.,/ʃiː wɜːks æt ən ˈeɪdʒənsi/,shi uorks at an eidjensi.,Ella trabaja en una agencia.
We have an agreement.,/wiː hæv ən əˈgriːmənt/,ui jav an agrimənt.,Nosotros tenemos un acuerdo.
Sign the contract please.,/saɪn ðə ˈkɒntrækt pliːz/,sain de kontract pliz.,Firme el contrato por favor.
It is a good deal.,/ɪt ɪz ə gʊd diːl/,it iz a gud dil.,Es un buen trato.
I order the food.,/aɪ ˈɔːdə ðə fuːd/,ai órder de fud.,Yo pido la comida.
Read the term now.,/riːd ðə tɜːrm naʊ/,rid de term nau.,Lee la cláusula ahora.
We sell it wholesale.,/wiː sɛl ɪt ˈhəʊlseɪl/,ui selit jólseil.,Lo vendemos al por mayor.
The price is wholesale.,/ðə praɪs ɪz ˈhəʊlseɪl/,de prais iz jólseil.,El precio es al por mayor.
It is a retail shop.,/ɪt ɪz ə ˈriːteɪl ʃɒp/,it iz a ríteil shop.,Es una tienda minorista.
He is a competitor.,/hiː ɪz ə kəmˈpɛtɪtə/,ji iz a kompetítər.,Él es un competidor.
The competition is high.,/ðə ˌkɒmpəˈtɪʃən ɪz haɪ/,de kompetíshon iz jai.,La competencia es alta.
We compete in games.,/wiː kəmˈpiːt ɪn geɪmz/,ui kompit in geims.,Nosotros competimos en juegos.
She is my partner.,/ʃiː ɪz maɪ ˈpɑːrtnə/,shi iz mai pɑrtner.,Ella es mi socio.
It is a bad crisis.,/ɪt ɪz ə bæd ˈkraɪsɪs/,it iz a bad kraisis.,Es una crisis mala.
The shop is in bankruptcy.,/ðə ʃɒp ɪz ɪn ˈbæŋkrʌptsi/,de shop is in bankrapsi.,La tienda está en bancarrota.
They go bankrupt.,/ðeɪ gəʊ ˈbæŋkrʌpt/,dei gou bankrapt.,Ellos quiebran.
I have a problem.,/aɪ hæv ə ˈprɒbləm/,ai jav e problem.,Tengo un problema.
The economy is good.,/ðə ɪˈkɒnəmi ɪz ɡʊd/,de economi is gud.,La economía es buena.
It is an economic issue.,/ɪt ɪz ən ˌiːkəˈnɒmɪk ˈɪʃuː/,it is an economic ishu.,Es un problema económico.
My goal is to read.,/maɪ ɡəʊl ɪz tuː riːd/,mai gol is tu rid.,Mi meta es leer.
It is a hard task.,/ɪt ɪz ə hɑːd tɑːsk/,it is e jard task.,Es una tarea difícil.
We trade with them.,/wiː treɪd wɪð ðem/,ui treid wid dem.,Comerciamos con ellos.
Check the inventory list.,/tʃɛk ðə ˈɪnvəntəri lɪst/,chek de inventori list.,Revisa la lista de inventario.
It is a monopoly.,/ɪt ɪz ə məˈnɒpəli/,it is e monopoli.,Es un monopolio.
See the new trend.,/siː ðə njuː trɛnd/,si de nu trend.,Mira la nueva tendencia.
We see development.,/wiː siː dɪˈvɛləpmənt/,ui si develoment.,Vemos desarrollo.
The benefit is good.,/ðə ˈbɛnɪfɪt ɪz ɡʊd/,de benefit is gud.,El beneficio es bueno.
It is profitable.,/ɪt ɪz ˈprɒfɪtəbl/,it is profitabl.,Es rentable.
The delegation is here.,/ðə ˌdɛlɪˈɡeɪʃən ɪz hɪə/,de delegeishon is jier.,La delegación está aquí.
My salary is high.,/maɪ ˈsæləri ɪz haɪ/,mai saleri is jai.,Mi salario es alto.
Please correct the text.,/pliːz kəˈrɛkt ðə tɛkst/,pliz corect de text.,Por favor corrige el texto.
He is on a business trip.,/hiː ɪz ɒn ə ˈbɪznɪs trɪp/,ji is on e bisnes trip.,Él está en un viaje de negocios.
The commission is low.,/ðə kəˈmɪʃən ɪz ləʊ/,de comision is lou.,La comisión es baja.
I control the car.,/aɪ kənˈtrəʊl ðə kɑː/,ai control de kar.,Controlo el coche.
The conference starts now.,/ðə ˈkɒnfərəns stɑːts naʊ/,de conferens starts nau.,La conferencia empieza ahora.
Show your license.,/ʃəʊ jɔː ˈlaɪsəns/,shou yor laisens.,Muestra tu licencia.
He is a reliable friend.,/hiː ɪz ə rɪˈlaɪəbl frɛnd/,ji is e riable frend.,Él es un amigo confiable.
This is a new initiative.,/ðɪs ɪz ə njuː ɪˈnɪʃətɪv/,dis is e nu inisiativ.,Esta es una nueva iniciativa.
It is the norm.,/ɪt ɪz ðə nɔːm/,it is de norm.,Es la norma.
The circumstance is bad today.,/ðə ˈsɜːrkəmstæns ɪz bæd təˈdeɪ/,de sercumstans is bad tudei.,La circunstancia es mala hoy.
It is my duty.,/ɪt ɪz maɪ ˈduːti/,it is mi duti.,Es mi deber.
The organization is big.,/ðə ˌɔːrɡənaɪˈzeɪʃn̩ ɪz bɪɡ/,de organaizeshon is big.,La organización es grande.
The organization is good.,/ðə ˌɔːrɡənaɪˈzeɪʃn̩ ɪz ɡʊd/,de organaizeshon is gud.,La organización es buena.
He is very organized.,/hiː ɪz ˈvɛri ˈɔːrɡənaɪzd/,ji is beri organaizd.,Él es muy organizado.
He isn't very organized.,/hiː ˈɪzənt ˈvɛri ˈɔːrɡənaɪzd/,ji isent beri organaizd.,Él no es muy organizado.
Is he very organized?,/ɪz hiː ˈvɛri ˈɔːrɡənaɪzd/,is ji beri organaizd?,¿Es él muy organizado?
How organized is he?,/haʊ ˈɔːrɡənaɪzd ɪz hiː/,jau organaizd is ji?,¿Qué tan organizado es él?
He was very organized.,/hiː wɒz ˈvɛri ˈɔːrɡənaɪzd/,ji woz beri organaizd.,Él era muy organizado.
The cancellation is here.,/ðə ˌkænsəˈleɪʃn̩ ɪz hɪr/,de canceleishon is jir.,La cancelación está aquí.
I cancel the plan.,/aɪ ˈkænsəl ðə plæn/,ai cancel de plan.,Yo cancelo el plan.
This is a report.,/ðɪs ɪz ə rɪˈpɔːrt/,dis is a report.,Este es un informe.
The patent is new.,/ðə ˈpætənt ɪz nuː/,de patent is niu.,La patente es nueva.
I patent my idea.,/aɪ ˈpætənt maɪ aɪˈdiːə/,ai patent mai aidia.,Patento mi idea.
We plan a trip.,/wiː plæn ə trɪp/,ui plan a trip.,Planificamos un viaje.
I get a bonus.,/aɪ ɡɛt ə ˈboʊnəs/,ai get a bonus.,Recibo un bono.
She is professional.,/ʃiː ɪz prəˈfɛʃənəl/,shi is profeshonal.,Ella es profesional.
The procedure is fast.,/ðə prəˈsiːdʒər ɪz fæst/,de prosidir is fast.,El procedimiento es rápido.
I examine the paper.,/aɪ ɪɡˈzæmɪn ðə ˈpeɪpər/,ai examin de peiper.,Examino el papel.
The calculation is right.,/ðə ˌkælkjəˈleɪʃn̩ ɪz raɪt/,de calcuileishon is rait.,El cálculo está correcto.
His reputation is good.,/hɪz ˌrɛpjəˈteɪʃn̩ ɪz ɡʊd/,jis repiuteishon is gud.,Su reputación es buena.
It is a big risk.,/ɪt ɪz ə bɪɡ rɪsk/,it is a big risk.,Es un gran riesgo.
It isn't a big risk.,/ɪt ˈɪzənt ə bɪɡ rɪsk/,it isent a big risk.,No es un gran riesgo.
Is it a big risk?,/ɪz ɪt ə bɪɡ rɪsk/,is it a big risk?,¿Es un gran riesgo?
What is this big risk?,/wɒt ɪz ðɪs bɪɡ rɪsk/,wot is dis big risk?,¿Cuál es este gran riesgo?
It was a big risk.,/ɪt wɒz ə bɪɡ rɪsk/,it woz a big risk.,Era un gran riesgo.
I run a shop.,/aɪ rʌn ə ʃɑːp/,ai ran a shop.,Dirijo una tienda.
The information is here.,/ðə ˌɪnfərˈmeɪʃn̩ ɪz hɪr/,de infor.meishon is jir.,La información está aquí.
This is my property.,/ðɪs ɪz maɪ ˈprɑːpərti/,dis is mai properti.,Esta es mi propiedad.
The union is strong.,/ðə ˈjuːniən ɪz strɔːŋ/,de iunion is stron.,El sindicato es fuerte.
I have life insurance.,/aɪ hæv laɪf ɪnˈʃʊrəns/,ai jav laif inshurans.,Tengo seguro de vida.
I insure my car.,/aɪ ɪnˈʃʊr maɪ kɑːr/,ai inshur mai car.,Aseguro mi coche.
The insurance is good.,/ðə ɪnˈʃʊrəns ɪz ɡʊd/,de inshurans is gud.,El seguro es bueno.
The sale is an auction.,/ðə seɪl ɪz ən ˈɔːkʃən/,de seil iz an okshon.,La venta es una subasta.
I will notify him.,/aɪ wɪl ˈnəʊtɪfaɪ hɪm/,ai wil notifai jim.,Le avisaré.
The management is good.,/ðə ˈmænɪdʒmənt ɪz ɡʊd/,de manechment is gud.,La gestión es buena.
The service is fast.,/ðə ˈsɜːrvɪs ɪz fæst/,de servis is fast.,El servicio es rápido.
This is a forum.,/ðɪs ɪz ə ˈfɔːrəm/,dis is a forom.,Esto es un foro.
It does not function.,/ɪt dʌz nɒt ˈfʌŋkʃən/,it das not fankshon.,No funciona.
It is the first stage.,/ɪt ɪz ðə fɜːrst steɪdʒ/,it is de ferst steich.,Es la primera etapa.
The help is legal.,/ðə hɛlp ɪz ˈliːɡəl/,de jelp is lichol.,La ayuda es legal.
He is a lawyer.,/hiː ɪz ə ˈlɔːjər/,ji is a loyer.,Él es abogado.
The plant is big.,/ðə plænt ɪz bɪɡ/,de plant is big.,La planta es grande.
The plant is not big.,/ðə plɑːnt ɪz nɒt bɪɡ/,de plant is not big.,La planta no es grande.
Is the plant big?,/ɪz ðə plɑːnt bɪɡ/,is de plant big?,¿Es grande la planta?
Where is the big plant?,/weər ɪz ðə bɪɡ plɑːnt/,uer is de big plant?,¿Dónde está la planta grande?
The plant was big.,/ðə plɑːnt wɒz bɪɡ/,de plant uoz big.,La planta era grande.
I work at a factory.,/aɪ wɜːrk æt ə ˈfæktəri/,ai uork at a faktori.,Trabajo en una fábrica.
This is a workshop.,/ðɪs ɪz ə ˈwɜːrkʃɒp/,dis is a uorkshop.,Esto es un taller.
The works are here.,/ðə wɜːrks ɑːr hɪr/,de uorks ar jir.,Las obras están aquí.
The works are not here.,/ðə wɜːrks ɑːr nɒt hɪər/,de uorks ar not jir.,Las obras no están aquí.
Are the works here?,/ɑːr ðə wɜːrks hɪər/,ar de uorks jir?,¿Están las obras aquí?
Where are the works?,/weə ə ðə wɜːks/,uer ar der werks?,¿Dónde están las obras?
The works were here.,/ðə wɜːrks wɜːr hɪər/,de uorks uer jir.,Las obras estaban aquí.
The industry is old.,/ðə ˈɪndəstri ɪz əʊld/,de industri is old.,La industria es antigua.
It is an industrial city.,/ɪt ɪz ən ɪnˈdʌstriəl ˈsɪti/,it is an industrial siti.,Es una ciudad industrial.
We need heavy industry.,/wiː niːd ˈhɛvi ˈɪndəstri/,ui nid jevi industi.,Necesitamos industria pesada.
This is light industry.,/ðɪs ɪz laɪt ˈɪndəstri/,dis is lait industi.,Esta es industria ligera.
The products are new.,/ðə ˈprɒdʌkts ɑːr nuː/,de prodakts ar nu.,Los productos son nuevos.
We produce cars.,/wiː prəˈduːs kɑːrz/,ui produs kars.,Producimos coches.
They use raw materials.,/ðeɪ juːz rɔː məˈtɪriəlz/,dei yus raw materials.,Usan materias primas.
The foreman is here.,/ðə ˈfɔːrmən ɪz hɪr/,deforman is jir.,El capataz está aquí.
The workers team is good.,/ðə ˈwɜːrkərz tiːm ɪz ɡʊd/,de uorkers tim is gud.,El equipo de trabajadores es bueno.
He is a worker.,/hiː ɪz ə ˈwɜːrkər/,ji is a uorker.,Él es un trabajador.
It is a working day.,/ɪt ɪz ə ˈwɜːrkɪŋ deɪ/,it is a uorking de.,Es un día laboral.
Take a short pause.,/teɪk ə ʃɔːrt pɔːz/,teik a short pos.,Toma una pausa corta.
The meeting is at ten.,/ðə ˈmiːtɪŋ ɪz æt tɛn/,de mitin is at ten.,La reunión es a las diez.
We discuss the book.,/wiː dɪsˈkʌs ðə bʊk/,ui diskas de buk.,Discutimos el libro.
This is a good plan.,/ðɪs ɪz ə gʊd plæn/,dis is a gud plan.,Este es un buen plan.
They fulfill the plan.,/ðeɪ fʊlˈfɪl ðə plæn/,dei fulfil de plan.,Ellos cumplen el plan.
The rate of output is high.,/ðə reɪt ɒv ˈaʊtpʊt ɪz haɪ/,de reit of autput is jai.,La tasa de producción es alta.
The quality is very good.,/ðə ˈkwɒlɪti ɪz ˈvɛri gʊd/,de kuoliti is beri gud.,La calidad es muy buena.
The quality is not very good.,/ðə ˈkwɒlɪti ɪz nɒt ˈvɛri gʊd/,de kuoliti is not beri gud.,La calidad no es muy buena.
Is the quality very good?,/ɪz ðə ˈkwɒlɪti ˈvɛri gʊd/,is de kuoliti beri gud?,¿Es la calidad muy buena?
Why is the quality very good?,/waɪ ɪz ðə ˈkwɒləti ˈvɛri ɡʊd/,uay iz der kuoliti veri gud?,¿Por qué es muy buena la calidad?
The quality was very good.,/ðə ˈkwɒlɪti wɒz ˈvɛri gʊd/,de kuoliti uoz beri gud.,La calidad era muy buena.
Checking the work is important.,/ˈtʃɛkɪŋ ðə wɜːk ɪz ɪmˈpɔːtənt/,cheking de werk is impórtant.,Revisar el trabajo es importante.
We need quality control.,/wiː niːd ˈkwɒlɪti kənˈtroʊl/,ui nid kuoliti kontrol.,Necesitamos control de calidad.
He likes work safety.,/hiː laɪks wɜːk ˈseɪfti/,ji laiks werk seifti.,A él le gusta la seguridad laboral.
She has good discipline.,/ʃiː hæz gʊd ˈdɪsəplɪn/,shi jas gud disiplin.,Ella tiene buena disciplina.
She does not have good discipline.,/ʃiː dʌz nɒt hæv gʊd ˈdɪsəplɪn/,shi das not jav gud disiplin.,Ella no tiene buena disciplina.
Does she have good discipline?,/dʌz ʃiː hæv gʊd ˈdɪsəplɪn/,das shi jav gud disiplin?,¿Ella tiene buena disciplina?
How is her discipline?,/haʊ ɪz hɜː(r) ˈdɪsəplɪn/,jau is jer disiplin?,¿Cómo es su disciplina?
She had good discipline.,/ʃiː hæd gʊd ˈdɪsəplɪn/,shi jad gud disiplin.,Ella tenía buena disciplina.
That is a violation.,/ðæt ɪz ə ˌvaɪəˈleɪʃən/,dat is a baioletion.,Eso es una violación.
Do not violate the rules.,/duː nɒt ˈvaɪəleɪt ðə ruːlz/,du not baioleit de ruls.,No viole las reglas.
The strike is long.,/ðə straɪk ɪz lɒŋ/,de straik is long.,La huelga es larga.
The striker is here.,/ðə ˈstraɪkər ɪz hɪə/,de straiker is jia.,El huelguista está aquí.
They are on strike.,/ðeɪ ɑːr ɒn straɪk/,dei ar on straik.,Ellos están en huelga.
Join a labor union.,/dʒɔɪn ə ˈleɪbər ˈjuːniən/,yoin a leiber yunion.,Únete a un sindicato.
He will invent a machine.,/hiː wɪl ɪnˈvɛnt ə məˈʃiːn/,ji uil invent a mashin.,Él inventará una máquina.
The invention is new.,/ðə ɪnˈvɛnʃən ɪz njuː/,de invencion is niu.,El invento es nuevo.
She does research.,/ʃiː dʌz rɪˈsɜːtʃ/,shi das risarch.,Ella hace investigación.
We improve the house.,/wiː ɪmˈpruːv ðə haʊs/,ui impruv de jaus.,Mejoramos la casa.
I like technology.,/aɪ laɪk tɛkˈnɒlədʒi/,ai laik tecnoloyi.,Me gusta la tecnología.
I don't like technology.,/aɪ dəʊnt laɪk tɛkˈnɒlədʒi/,ai dont laik tecnoloyi.,No me gusta la tecnología.
Do you like technology?,/duː juː laɪk tɛkˈnɒlədʒi/,du iu laik tecnoloyi?,¿Te gusta la tecnología?
Why do you like technology?,/waɪ duː juː laɪk tɛkˈnɒlədʒi/,wai du iu laik tecnoloyi?,¿Por qué te gusta la tecnología?
I liked technology.,/aɪ laɪkt tɛkˈnɒlədʒi/,ai laikt tecnoloyi.,Me gustó la tecnología.
This is a technical drawing.,/ðɪs ɪz ə ˈtɛknɪkəl ˈdrɔːɪŋ/,dis is a tecnical drowing.,Este es un dibujo técnico.
The load is heavy.,/ðə ləʊd ɪz ˈhɛvi/,de loud is jevi.,La carga es pesada.
The loader works hard.,/ðə ˈləʊdər wɜːks hɑːd/,de louder works jard.,El cargador trabaja duro.
Load the truck now.,/ləʊd ðə trʌk naʊ/,loud de trak nau.,Carga el camión ahora.
The loading is fast.,/ðə ˈləʊdɪŋ ɪz fɑːst/,de loding is fast.,La carga es rápida.
We unload the box.,/wiː ʌnˈləʊd ðə bɒks/,wi unload de box.,Descargamos la caja.
The unloading is done.,/ðə ʌnˈləʊdɪŋ ɪz dʌn/,de unloading is dan.,La descarga está hecha.
The car is transportation.,/ðə kɑː ɪz ˌtrænspɔːˈteɪʃən/,de car is transportation.,El coche es transporte.
It is a big company.,/ɪt ɪz ə bɪg ˈkʌmpəni/,it is a big compani.,Es una gran empresa.
It isn't a big company.,/ɪt ˈɪzənt ə bɪɡ ˈkʌmpəni/,it isent a big compani.,No es una gran empresa.
Is it a big company?,/ɪz ɪt ə bɪɡ ˈkʌmpəni/,is it a big compani?,¿Es una gran empresa?
Who works in this big company?,/huː wɜːks ɪn ðɪs bɪɡ ˈkʌmpəni/,ju wuorks in dis big compani?,¿Quién trabaja en esta gran empresa?
It was a big company.,/ɪt wɒz ə bɪɡ ˈkʌmpəni/,it woz a big compani.,Era una gran empresa.
They transport the food.,/ðeɪ trænˈspɔːt ðə fuːd/,dei transport de fud.,Ellos transportan la comida.
The freight car is full.,/ðə freɪt kɑː ɪz fʊl/,de freight car is full.,El vagón de carga está lleno.
The cistern holds water.,/ðə ˈsɪstən həʊldz ˈwɔːtə/,de sistan jolds uater.,El tanque guarda agua.
I see a big truck.,/aɪ siː ə bɪg trʌk/,ai si a big truck.,Veo un camión grande.
I do not see a big truck.,/aɪ duː nɒt siː ə bɪg trʌk/,ai du not si a big truck.,No veo un camión grande.
Do you see a big truck?,/duː juː siː ə bɪg trʌk/,du iu si a big truck?,¿Ves un camión grande?
What big truck do you see?,/wɒt bɪɡ trʌk duː juː siː/,uot big trak du iu si?,¿Qué camión grande ves?
I saw a big truck.,/aɪ sɔː ə bɪg trʌk/,ai so a big truck.,Vi un camión grande.
This is a machine tool.,/ðɪs ɪz ə məˈʃiːn tuːl/,dis is a mashin tul.,Esta es una máquina herramienta.
The mechanism works well.,/ðə ˈmekənɪzəm wɜːks wel/,de mecanism uerks uel.,El mecanismo funciona bien.
The waste is bad here.,/ðə weɪst ɪz bæd hɪə/,de ueist is bad jier.,La basura es mala aquí.
The packing is hard work.,/ðə ˈpækɪŋ ɪz hɑːd wɜːk/,de paking is jard uerk.,El embalaje es trabajo duro.
Please pack the bag.,/pliːz pæk ðə bæg/,pliz pack de bag.,Por favor empaca la bolsa.
The contract is new.,/ðə ˈkɒntrækt ɪz njuː/,de contract is niu.,El contrato es nuevo.
We have an agreement.,/wiː hæv ən əˈɡriːmənt/,wi jav an agriment.,Tenemos un acuerdo.
The addendum is short.,/ðə əˈdendəm ɪz ʃɔːt/,de adendum is short.,La adición es corta.
They sign a contract.,/ðeɪ saɪn ə ˈkɒntrækt/,dei sain a contract.,Ellos firman un contrato.
The signature is on it.,/ðə ˈsɪɡnətʃə ɪz ɒn ɪt/,de signatur is on it.,La firma está en eso.
Please sign the paper.,/pliːz saɪn ðə ˈpeɪpə/,pliz sain de peiper.,Por favor firma el papel.
The stamp is red.,/ðə stæmp ɪz red/,de stamp is red.,El sello es rojo.
The subject is the work.,/ðə ˈsʌbdʒɪkt ɪz ðə wɜːk/,de subject is de uerk.,El tema es el trabajo.
The clause is clear.,/ðə klɔːz ɪz klɪə/,de claus is cliar.,La cláusula es clara.
The parties are here.,/ðə ˈpɑːtiz ɑː hɪə/,de partis ar jier.,Las partes están aquí.
The parties are not here.,/ðə ˈpɑːtiz ɑː nɒt hɪə/,de partis ar not jier.,Las partes no están aquí.
Are the parties here?,/ɑː ðə ˈpɑːtiz hɪə/,ar de partis jier?,¿Están aquí las partes?
Who are the parties here?,/huː ɑː ðə ˈpɑːtiz hɪə/,ju ar de partis jier?,¿Quiénes son las partes aquí?
The parties were here.,/ðə ˈpɑːtiz wɜː hɪə/,de partis uer jier.,Las partes estaban aquí.
The address is legal.,/ðə əˈdres ɪz ˈliːɡəl/,de adress is liguil.,La dirección es legal.
They break the contract.,/ðeɪ breɪk ðə ˈkɒntrækt/,dei breik de kontract.,Ellos rompen el contrato.
He makes a commitment.,/hiː meɪks ə kəˈmɪtmənt/,ji meiks a comitment.,Él hace un compromiso.
It is my responsibility.,/ɪt ɪz maɪ rɪˌspɒnsəˈbɪləti/,it is mai risponsabiliti.,Es mi responsabilidad.
It is force majeure.,/ɪt ɪz fɔːs mæˈʒɜː/,it is fors mayeur.,Es caso de fuerza mayor.
We have a dispute.,/wiː hæv ə dɪˈspjuːt/,ui jav a dispute.,Tenemos una disputa.
There are penalties.,/ðeər ɑːr ˈpɛnəltiz/,der ar penaltis.,Hay penalizaciones.
The import is big.,/ðə ˈɪmpɔːt ɪz bɪɡ/,de import is big.,La importación es grande.
The import is not big.,/ðə ˈɪmpɔːt ɪz nɒt bɪɡ/,de import is not big.,La importación no es grande.
Is the import big?,/ɪz ðə ˈɪmpɔːt bɪɡ/,is de import big?,¿Es grande la importación?
Which import is big?,/wɪtʃ ˈɪmpɔːt ɪz bɪɡ/,guich import is big?,¿Qué importación es grande?
The import was big.,/ðə ˈɪmpɔːt wɒz bɪɡ/,de import uoz big.,La importación era grande.
He is an importer.,/hiː ɪz ən ɪmˈpɔːtə/,ji is an importer.,Él es un importador.
They import food.,/ðeɪ ɪmˈpɔːt fuːd/,dei import fud.,Ellos importan comida.
The import is here.,/ðə ˈɪmpɔːt ɪz hɪə/,de import is jier.,La importación está aquí.
The import is not here.,/ðə ˈɪmpɔːt ɪz nɒt hɪə/,de import is not jier.,La importación no está aquí.
Is the import here?,/ɪz ðə ˈɪmpɔːt hɪə/,is de import jier?,¿Está aquí la importación?
Where is the import?,/weə ɪz ðə ˈɪmpɔːt/,uer iz der import?,¿Dónde está la importación?
The import was here.,/ðə ˈɪmpɔːt wɒz hɪə/,de import uoz jier.,La importación estaba aquí.
The export is good.,/ðə ˈɛkspɔːt ɪz ɡʊd/,de export is gud.,La exportación es buena.
She is an exporter.,/ʃiː ɪz ən ɛkˈspɔːtə/,shi is an exporter.,Ella es una exportadora.
We export cars.,/wiː ɛkˈspɔːt kɑːz/,ui export cars.,Nosotros exportamos coches.
The export is new.,/ðə ˈɛkspɔːt ɪz njuː/,de export is niu.,La exportación es nueva.
The goods are cheap.,/ðə ɡʊdz ɑː tʃiːp/,de guds ar chip.,Las mercancías son baratas.
The lot is big.,/ðə lɒt ɪz bɪɡ/,de lot is big.,El lote es grande.
The lot isn't big.,/ðə lɒt ˈɪzənt bɪɡ/,de lot isent big.,El lote no es grande.
Is the lot big?,/ɪz ðə lɒt bɪɡ/,is de lot big?,¿Es grande el lote?
Where is the big lot?,/wɛər ɪz ðə bɪɡ lɒt/,wer is de big lot?,¿Dónde está el lote grande?
The lot was big.,/ðə lɒt wɒz bɪɡ/,de lot woz big.,El lote era grande.
The weight is low.,/ðə weɪt ɪz ləʊ/,de ueit is lou.,El peso es bajo.
The volume is high.,/ðə ˈvɒljuːm ɪz haɪ/,de volium is jai.,El volumen es alto.
It is one cubic meter.,/ɪt ɪz wʌn ˈkjuːbɪk ˈmiːtə/,it is uan cubic meter.,Es un metro cúbico.
He is a manufacturer.,/hiː ɪz ə ˌmænjʊˈfæktʃərə/,ji is a manuufacturer.,Él es un fabricante.
It is a transportation company.,/ɪt ɪz ə ˌtrænspɔːˈteɪʃən ˈkʌmpəni/,it is a transpoteition compani.,Es una empresa de transporte.
The container is full.,/ðə kənˈteɪnə ɪz fʊl/,de container is ful.,El contenedor está lleno.
We cross the border.,/wiː krɒs ðə ˈbɔːdə/,ui cros de border.,Cruzamos la frontera.
We go to customs.,/wiː ɡəʊ tuː ˈkʌstəmz/,ui gou tu customs.,Vamos a la aduana.
The customs duty is high.,/ðə ˈkʌstəmz ˈdjuːti ɪz haɪ/,de customs duty is jai.,El arancel es alto.
The customs officer checks the bags.,/ðə ˈkʌstəmz ˈɒfɪsər tʃɛks ðə bægz/,de kastoms ofiser cheks de bags,El oficial de aduanas revisa las bolsas.
Smuggling is illegal.,/ˈsmʌɡəlɪŋ ɪz ɪˈliːɡəl/,smagling is ilegal,El contrabando es ilegal.
The contraband goods were seized.,/ðə ˈkɒntrəbænd ɡʊdz wɜːr ˈsiːzd/,de kontraband goods uer sizd,Los bienes de contrabando fueron confiscados.
I own stock in the company.,/aɪ əʊn stɒk ɪn ðə ˈkʌmpəni/,ai own stok in de kompani,Tengo acciones de la empresa.
The bond pays interest each year.,/ðə bɒnd peɪz ˈɪntrɪst iːʃ jɪər/,de bond peis interest iich yiar,El bono paga intereses cada año.
The bill of exchange is for payment.,/ðə bɪl əv ɪksˈtʃeɪndʒ ɪz fər ˈpeɪmənt/,de bil ov ekscheinch is for peiment,La letra de cambio es para el pago.
The stock exchange is in the city.,/ðə stɒk ɪksˈtʃeɪndʒ ɪz ɪn ðə ˈsɪti/,de stok ekscheinch is in de siti,La bolsa de valores está en la ciudad.
The stock price is high today.,/ðə stɒk praɪs ɪz haɪ təˈdeɪ/,de stok prais isjai tudei,El precio de las acciones está alto hoy.
The price goes down.,/ðə praɪs ɡəʊz daʊn/,de prais goes daun,El precio baja.
The price goes up.,/ðə praɪs ɡəʊz ʌp/,de prais goes ap,El precio sube.
My shareholding is fifty percent.,/maɪ ˈʃeərˌhəʊldɪŋ ɪz ˈfɪfti pəˈsɛnt/,mai sharjolding is fifti present,Mi participación accionaria es cincuenta por ciento.
They have controlling interest in the firm.,/ðeɪ hæv kənˈtrəʊlɪŋ ˈɪntrɪst ɪn ðə fɜːrm/,dei jav kontroling interest in de ferm,Tienen participación de control en la empresa.
This investment is very good.,/ðɪs ɪnˈvɛstmənt ɪz ˈvɛri ɡʊd/,dis investmant is veri gud,Esta inversión es muy buena.
This investment isn't very good.,/ðɪs ɪnˈvɛstmənt ˈɪzənt ˈvɛri ɡʊd/,dis investmant isent veri gud.,Esta inversión no es muy buena.
Is this investment very good?,/ɪz ðɪs ɪnˈvɛstmənt ˈvɛri ɡʊd/,is dis investmant veri gud?,¿Es muy buena esta inversión?
Why is this investment very good?,/waɪ ɪz ðɪs ɪnˈvɛstmənt ˈvɛri ɡʊd/,uay iz dis inestment veri gud?,¿Por qué es muy buena esta inversión?
This investment was very good.,/ðɪs ɪnˈvɛstmənt wɒz ˈvɛri ɡʊd/,dis investmant woz veri gud.,Esta inversión fue muy buena.
I invest money in the business.,/aɪ ɪnˈvɛst ˈmʌni ɪn ðə ˈbɪznɪs/,ai invest mapi in de biznes,Invierto dinero en el negocio.
Ten percent is a lot.,/tɛn pəˈsɛnt ɪz ə lɒt/,ten present is a lot,Diez por ciento es mucho.
The interest is five percent per year.,/ðə ˈɪntrɪst ɪz faɪv pəˈsɛnt pɜːr jɪər/,de interest is faiv present per yiar,El interés es cinco por ciento al año.
The profit is one thousand dollars.,/ðə ˈprɒfɪt ɪz wʌn ˈθaʊzənd ˈdɒlərz/,de profit is uerz dausand dolarz,La ganancia es mil dólares.
The business is profitable.,/ðə ˈbɪznɪs ɪz ˈprɒfɪtəbəl/,de biznes is profitabal,El negocio es rentable.
The tax is very high.,/ðə tæks ɪz ˈvɛri haɪ/,de taks is veri jai,El impuesto es muy alto.
What currency do they use?,/wɒt ˈkʌrənsi duː ðeɪ juːz/,uat korensi du dei yuz,¿Qué moneda usan?
It is a national bank.,/ɪt ɪz ə ˈnæʃənəl bæŋk/,it is a nasal bangk,Es un banco nacional.
I need currency exchange.,/aɪ niːd ˈkʌrənsi ɪksˈtʃeɪndʒ/,ai nid korensi ekscheinch,Necesito cambio de moneda.
The accountant works in the office.,/ðə əˈkaʊntənt wɜːks ɪn ðə ˈɒfɪs/,de akauntant uerks in de ofis,El contador trabaja en la oficina.
Accounting is important for business.,/əˈkaʊntɪŋ ɪz ɪmˈpɔːtənt fər ˈbɪznɪs/,akaunting is important for biznes,La contabilidad es importante para el negocio.
Bankruptcy is a serious problem.,/ˈbæŋkrʌp(t)si ɪz ə ˈsɪəriəs ˈprɒbləm/,bankrap(t)si is a serious problem,La quiebra es un problema grave.
The market collapses.,/ðə ˈmɑːkɪt kəˈlæpsɪz/,de market kəlapsiz,El mercado colapsa.
The ruin is complete.,/ðə ˈruːɪn ɪz kəmˈpliːt/,de ruin iz kompliit,La ruina está completa。
The company is ruined.,/ðə ˈkʌmpəni ɪz ˈruːɪnd/,de kompani iz ruind,La compañía está arruinada。
Inflation is high.,/ɪnˈfleɪʃən ɪz haɪ/,infleishon iz jai,La inflación es alta。
The currency loses value.,/ðə ˈkʌrənsi ləʊz ˈvæljuː/,de kurensi louz valuu,La moneda pierde valor。
Capital is important.,/ˈkæpɪtl ɪz ɪmˈpɔːtənt/,kapitl iz importánt,El capital es importante。
Income is monthly.,/ˈɪnkʌm ɪz ˈmʌnθli/,inkom iz munzli,El ingreso es mensual。
Turnover increases.,/ˈtɜːnəʊvər ɪnˈkriːsɪz/,ternouver inkriisiz,La rotación aumenta。
Resources are limited.,/rɪˈsɔːsɪz ɑːr ˈlɪmɪtɪd/,risorsiz ar limitid,Los recursos son limitados。
Monetary resources are needed.,/ˈmʌnɪtərɪ rɪˈsɔːsɪz ɑːr ˈniːdɪd/,móniteri risorsiz ar niidid,Se necesitan recursos monetarios。
Overhead is high.,/ˈəʊvəhed ɪz haɪ/,ouverjed iz jai,Los gastos generales son altos。
We reduce costs.,/wiː rɪˈdjuːs kɒsts/,ui riidius kosts,Reducimos los costos。
Marketing costs money.,/ˈmɑːkɪtɪŋ kɒsts ˈmʌni/,marketing kosts máni,El marketing cuesta dinero。
The market is large.,/ðə ˈmɑːkɪt ɪz lɑːdʒ/,de market iz lardj,El mercado es grande。
The market segment is small.,/ðə ˈmɑːkɪt ˈseɡmənt ɪz smɔːl/,de segment iz smol,El segmento de mercado es pequeño。
The product is new.,/ðə ˈprɒdʌkt ɪz njuː/,de prodakt iz niu,El producto es nuevo。
Goods are products.,/ɡʊdz ɑːr ˈprɒdʌkts/,gudz ar prodakts,Los bienes son productos。
The brand is famous.,/ðə brænd ɪz ˈfeɪməs/,de brand iz féimus,La marca es famosa。
The trademark is registered.,/ðə ˈtreɪdmɑːk ɪz ˈredʒɪstərd/,de trédmark iz réyistird,La marca registrada está registrada。
The logotype is simple.,/ðə ˈlɒɡətaɪp ɪz ˈsɪmpəl/,de logotaiip iz simpul,El isotipo es simple。
The logo is blue.,/ðə ˈləʊɡəʊ ɪz bluː/,de logo iz bluu,El logotipo es azul。
Demand is high.,/dɪˈmɑːnd ɪz haɪ/,dimand iz jai,La demanda es alta。
Supply increases.,/səˈplaɪ ɪnˈkriːsɪz/,səplai inkriisiz,La oferta aumenta。
Need is basic.,/niːd ɪz ˈbeɪsɪk/,niid iz béisik,La necesidad es básica。
The consumer buys.,/ðə kənˈsjuːmər ˈbaɪz/,de konsiumer baiz,El consumidor compra。
The analysis is good.,/ðə əˈnæləsɪs ɪz ɡʊd/,de analisis is gud.,El análisis es bueno.
I analyze the text.,/aɪ ˈænəlaɪz ðə tɛkst/,ai analaiz de text.,Analizo el texto.
The positioning is right.,/ðə pəˈzɪʃənɪŋ ɪz raɪt/,de posishoning is rait.,La colocación es correcta.
She positions the chair.,/ʃiː pəˈzɪʃənz ðə tʃɛə/,shi posishions de che.,Ella coloca la silla.
The price is low.,/ðə praɪs ɪz ləʊ/,de prais is lou.,El precio es bajo.
The pricing policy is new.,/ðə ˈpraɪsɪŋ ˈpɒlɪsi ɪz njuː/,de praysing polisi is niu.,La política de precios es nueva.
The formation of price is complex.,/ðə fɔːˈmeɪʃən ɒv praɪs ɪz ˈkɒmplɛks/,de fomeishon ov prais is complex.,La formación de precios es compleja.
Advertising is important.,/ˈædvətaɪzɪŋ ɪz ɪmˈpɔːtənt/,advertisin is impórtant.,La publicidad es importante.
We advertise the job.,/wiː ˈædvətaɪz ðə dʒɒb/,ui advertise de yob.,Anunciamos el trabajo.
My budget is small.,/maɪ ˈbʌdʒɪt ɪz smɔːl/,mai budchet is esmol.,Mi presupuesto es pequeño.
The ad is funny.,/ðə æd ɪz ˈfʌni/,de ad is fani.,El anuncio es gracioso.
TV advertising is expensive.,/ˌtiːˈviː ˈædvətaɪzɪŋ ɪz ɪkˈspɛnsɪv/,ti ui advertisin is expensiv.,La publicidad televisiva es cara.
He likes radio advertising.,/hiː laɪks ˈreɪdiəʊ ˈædvətaɪzɪŋ/,ji laiks radio advertisin.,A él le gusta la publicidad radial.
Outdoor advertising is big.,/ˈaʊtdɔː ˈædvətaɪzɪŋ ɪz bɪɡ/,autdor advertisin is big.,La publicidad exterior es grande.
Mass media is fast.,/mæs ˈmiːdiə ɪz fɑːst/,mas midia is fast.,Los medios de comunicación son rápidos.
The periodical is here.,/ðə ˌpɪəriˈɒdɪkəl ɪz hɪə/,de periodical is jia.,La revista está aquí.
The periodical is not here.,/ðə ˌpɪəriˈɒdɪkəl ɪz nɒt hɪə/,de periodical is not jier.,La revista no está aquí.
Is the periodical here?,/ɪz ðə ˌpɪəriˈɒdɪkəl hɪə/,is de periodical jier?,¿Está aquí la revista?
Why is the periodical here?,/waɪ ɪz ðə ˌpɪəriˈɒdɪkəl hɪə/,guai is de periodical jier?,¿Por qué está aquí la revista?
The periodical was here.,/ðə ˌpɪəriˈɒdɪkəl wɒz hɪə/,de periodical uoz jier.,La revista estaba aquí.
His image is clean.,/hɪz ˈɪmɪdʒ ɪz kliːn/,jis imich is clin.,Su imagen es limpia.
The slogan is short.,/ðə ˈsləʊɡən ɪz ʃɔːt/,de slógan is sort.,El eslogan es corto.
This is our motto.,/ðɪs ɪz aʊə ˈmɒtəʊ/,dis is auér motto.,Este es nuestro lema.
The campaign is long.,/ðə kæmˈpeɪn ɪz lɒŋ/,de campein is long.,La campaña es larga.
The advertising campaign starts now.,/ðə ˈædvətaɪzɪŋ kæmˈpeɪn stɑːts naʊ/,de advertisin campein starts nau.,La campaña publicitaria empieza ahora.
The target group is young.,/ðə ˈtɑːɡɪt ɡruːp ɪz jʌŋ/,de targuet grup is iang.,El grupo objetivo es joven.
Here is my business card.,/hɪər ɪz maɪ ˈbɪznɪs kɑːd/,jia is mai bisnes card.,Aquí está mi tarjeta de visita.
Take a leaflet.,/teɪk ə ˈliːflɪt/,teik a liflet.,Toma un folleto.
The brochure is red.,/ðə ˈbrəʊʃʊər ɪz rɛd/,de bróshur is red.,El folleto es rojo.
Read the pamphlet.,/riːd ðə ˈpæmflɪt/,rid de pamflet.,Lee el folleto.
I like the newsletter.,/aɪ laɪk ðə ˈnjuːzˌlɛtə/,ai laik de niuzleter.,Me gusta el boletín.
I don't like the newsletter.,/aɪ dəʊnt laɪk ðə ˈnjuːzˌlɛtə/,ai dont laik de niuzleter.,No me gusta el boletín.
Do you like the newsletter?,/duː juː laɪk ðə ˈnjuːzˌlɛtə/,du iu laik de niuzleter?,¿Te gusta el boletín?
Why do you like the newsletter?,/waɪ duː juː laɪk ðə ˈnjuːzˌlɛtə/,uay du yu laik der niuzletar?,¿Por qué te gusta el boletín?
I liked the newsletter.,/aɪ laɪkt ðə ˈnjuːzˌlɛtə/,ai laikt de niuzleter.,Me gustó el boletín.
Look at the store sign.,/lʊk æt ðə stɔː saɪn/,luk at de stor sain.,Mira el letrero de la tienda.
The poster is big.,/ðə ˈpəʊstə ɪz bɪɡ/,de poster is big.,El póster es grande.
The poster isn't big.,/ðə ˈpəʊstə ˈɪzənt bɪɡ/,de poster isent big.,El póster no es grande.
Is the poster big?,/ɪz ðə ˈpəʊstə bɪɡ/,is de poster big?,¿Es grande el póster?
Which poster is big?,/wɪtʃ ˈpəʊstə ɪz bɪɡ/,wich poster is big?,¿Qué póster es grande?
The poster was big.,/ðə ˈpəʊstə wɒz bɪɡ/,de poster woz big.,El póster era grande.
I see a billboard.,/aɪ siː ə ˈbɪlbɔːd/,ai si a billboard.,Veo una valla publicitaria.
I go to the bank.,/aɪ ɡəʊ tuː ðə bæŋk/,ai gou tu de bank.,Voy al banco.
This is a branch.,/ðɪs ɪz ə brɑːntʃ/,dis is a branch.,Esta es una sucursal.
The clerk is here.,/ðə klɑːk ɪz hɪə/,de clerk is jier.,El empleado está aquí.
The clerk is not here.,/ðə klɑːk ɪz nɒt hɪə/,de clerk is not jier.,El empleado no está aquí.
Is the clerk here?,/ɪz ðə klɑːk hɪə/,is de clerk jier?,¿Está aquí el empleado?
Where is the clerk?,/wɛə ɪz ðə klɑːk/,guer is de clerk?,¿Dónde está el empleado?
The clerk was here.,/ðə klɑːk wɒz hɪə/,de clerk uoz jier.,El empleado estaba aquí.
He is the manager.,/hiː ɪz ðə ˈmænɪdʒə/,ji is de manager.,Él es el gerente.
I have an account.,/aɪ hæv ən əˈkaʊnt/,ai jav an account.,Tengo una cuenta.
Give me the number.,/ɡɪv miː ðə ˈnʌmbə/,giv mi de namber.,Dame el número.
It is a checking account.,/ɪt ɪz ə ˈtʃɛkɪŋ əˈkaʊnt/,it is a cheking account.,Es una cuenta corriente.
She has a savings account.,/ʃiː hæz ə ˈseɪvɪŋz əˈkaʊnt/,shi jas a seivings account.,Ella tiene una cuenta de ahorros.
I open an account.,/aɪ ˈəʊpən ən əˈkaʊnt/,ai open an account.,Abro una cuenta.
Close the account now.,/kləʊz ðə əˈkaʊnt naʊ/,close de account nau.,Cierra la cuenta ahora.
Deposit into the account.,/dɪˈpɒzɪt ˈɪntuː ðə əˈkaʊnt/,deposit intu de account.,Deposita en la cuenta.
I withdraw the money.,/aɪ wɪðˈdrɔː ðə ˈmʌni/,ai widro de moni.,Retiro el dinero.
The deposit is here.,/ðə dɪˈpɒzɪt ɪz hɪə/,de deposit is jier.,El depósito está aquí.
The deposit is not here.,/ðə dɪˈpɒzɪt ɪz nɒt hɪə/,de deposit is not jier.,El depósito no está aquí.
Is the deposit here?,/ɪz ðə dɪˈpɒzɪt hɪə/,is de deposit jier?,¿Está aquí el depósito?
Where is the deposit?,/weə ɪz ðə ˈdɛpɒzɪt/,uer iz der deposit?,¿Dónde está el depósito?
The deposit was here.,/ðə dɪˈpɒzɪt wɒz hɪə/,de deposit uoz jier.,El depósito estaba aquí.
Make a deposit today.,/meɪk ə dɪˈpɒzɪt təˈdeɪ/,meik a deposit tudei.,Haz un depósito hoy.
It is a wire transfer.,/ɪt ɪz ə ˈwaɪə ˈtrænsfɜː/,it is a uaire transfer.,Es una transferencia bancaria.
Wire the money please.,/ˈwaɪə ðə ˈmʌni pliːz/,uaire de moni plis.,Transfiere el dinero por favor.
It is a big sum.,/ɪt ɪz ə bɪɡ sʌm/,it is a big sam.,Es una gran suma.
How much is it?,/haʊ mʌtʃ ɪz ɪt/,hau mach is it.,¿Cuánto cuesta?
The signature is good.,/ðə ˈsɪɡnətʃə ɪz ɡʊd/,de signature is gud.,La firma está bien.
Sign the paper now.,/saɪn ðə ˈpeɪpə naʊ/,sain de peiper nau.,Firma el papel ahora.
I use my credit card.,/aɪ juːz maɪ ˈkrɛdɪt kɑːd/,ai yus mai credit card.,Uso mi tarjeta de crédito.
I know the code.,/aɪ noʊ ðə koʊd/,ai nou de cod.,Yo conozco el código.
This is my credit card number.,/ðɪs ɪz maɪ ˈkrɛdɪt kɑːrd ˈnʌmbər/,dis is mai credit card namber.,Este es mi número de tarjeta de crédito.
I go to the ATM.,/aɪ ɡoʊ tuː ðə eɪ tiː ɛm/,ai gou tu de ei ti em.,Voy al cajero automático.
Here is a check.,/hɪər ɪz ə tʃɛk/,jier is a chek.,Aquí hay un cheque.
I write a check.,/aɪ raɪt ə tʃɛk/,ai rait a chek.,Escribo un cheque.
I have a checkbook.,/aɪ hæv ə ˈtʃɛkbʊk/,ai jav a chekbuk.,Tengo una chequera.
It is a loan.,/ɪt ɪz ə loʊn/,it is a lon.,Es un préstamo.
I apply for a loan.,/aɪ əˈplaɪ fɔːr ə loʊn/,ai aploi for a lon.,Solicito un préstamo.
I get a loan.,/aɪ ɡɛt ə loʊn/,ai get a lon.,Obtengo un préstamo.
They give a loan.,/ðeɪ ɡɪv ə loʊn/,dei guiv a lon.,Ellos dan un préstamo.
It is a guarantee.,/ɪt ɪz ə ˌɡærənˈtiː/,it is a guaranti.,Es una garantía.
I use the telephone.,/aɪ juːz ðə ˈtɛləfoʊn/,ai yus de telefon.,Uso el teléfono.
This is a mobile phone.,/ðɪs ɪz ə ˈmoʊbaɪl foʊn/,dis is a moubail fon.,Este es un teléfono móvil.
I have an answering machine.,/aɪ hæv ən ˈænsərɪŋ məˈʃiːn/,ai jav an ansuering mashin.,Tengo un contestador automático.
I call you.,/aɪ kɔːl juː/,ai col yu.,Te llamo.
It is a phone call.,/ɪt ɪz ə foʊn kɔːl/,it is a fon col.,Es una llamada telefónica.
I dial a number.,/aɪ ˈdaɪəl ə ˈnʌmbər/,ai daiol a namber.,Marco un número.
Hello!,/həˈloʊ/,jalo.,¡Hola!
I ask a question.,/aɪ æsk ə ˈkwɛstʃən/,ai ask a cuestion.,Hago una pregunta.
I answer the phone.,/aɪ ˈænsər ðə foʊn/,ai anser de fon.,Contesto el teléfono.
I hear a sound.,/aɪ hɪər ə saʊnd/,ai jier a saund.,Oigo un sonido.
I sleep well.,/aɪ sliːp wɛl/,ai slip wel.,Duermo bien.
I sleep not well.,/aɪ sliːp nɒt wɛl/,ai slip not wel.,No duermo bien.
I hear noises.,/aɪ hɪər ˈnɔɪzɪz/,ai jier noisis.,Oigo ruidos.
He picks up the receiver.,/hiː pɪks ʌp ðə rɪˈsiːvə/,ji picks ap de risiver.,Él levanta el auricular.
Please pick up the phone.,/pliːz pɪk ʌp ðə fəʊn/,pliz pick ap de fon.,Por favor contesta el teléfono.
Do not hang up the phone.,/duː nɒt hæŋ ʌp ðə fəʊn/,du nat jang ap de fon.,No cuelgues el teléfono.
He is busy today.,/hiː ɪz ˈbɪzi təˈdeɪ/,ji is bisi tudei.,Él está ocupado hoy.
The phone rings now.,/ðə fəʊn rɪŋz naʊ/,de fon rings nau.,El teléfono suena ahora.
I see the telephone book.,/aɪ siː ðə ˈtɛlɪfəʊn bʊk/,ai si de telefon buk.,Veo la guía telefónica.
It is a local shop.,/ɪt ɪz ə ˈləʊkəl ʃɒp/,it is a local shop.,Es una tienda local.
She makes a local call.,/ʃiː meɪks ə ˈləʊkəl kɔːl/,shi meiks a local col.,Ella hace una llamada local.
It is a long distance call.,/ɪt ɪz ə lɒŋ ˈdɪstəns kɔːl/,it is a long distans col.,Es una llamada de larga distancia.
I need a long-distance call.,/aɪ niːd ə lɒŋˈdɪstəns kɔːl/,ai nid a long-distans col.,Necesito una llamada de larga distancia.
It is an international flight.,/ɪt ɪz æn ˌɪntəˈnæʃənl flaɪt/,it is an internacional flairt.,Es un vuelo internacional.
He makes an international call.,/hiː meɪks æn ˌɪntəˈnæʃənl kɔːl/,ji meiks an internacional col.,Él hace una llamada internacional.
I have a mobile phone.,/aɪ hæv ə ˈməʊbaɪl fəʊn/,ai jav a mobil fon.,Tengo un teléfono móvil.
The display is bright.,/ðə dɪˈspleɪ ɪz braɪt/,de display is brait.,La pantalla es brillante.
Press the red button.,/pres ðə rɛd ˈbʌtn/,pres de red baton.,Presiona el botón rojo.
The SIM card is small.,/ðə sɪm kɑːd ɪz smɔːl/,de sim card is smol.,La tarjeta SIM es pequeña.
The battery is full.,/ðə ˈbætəri ɪz fʊl/,de bateri is ful.,La batería está llena.
My battery is dead.,/maɪ ˈbætəri ɪz dɛd/,mai bateri is ded.,Mi batería está muerta.
I need a phone charger.,/aɪ niːd ə fəʊn ˈtʃɑːdʒə/,ai nid a fon charjer.,Necesito un cargador de teléfono.
Open the menu please.,/ˈəʊpən ðə ˈmɛnjuː pliːz/,open de meniu pliz.,Abre el menú por favor.
Check your phone settings.,/tʃɛk jɔː fəʊn ˈsɛtɪŋz/,check yor fon setings.,Revisa la configuración de tu teléfono.
I like this tune.,/aɪ laɪk ðɪs tjuːn/,ai laik dis tiun.,Me gusta esta melodía.
I don't like this tune.,/aɪ dəʊnt laɪk ðɪs tjuːn/,ai dount laik dis tiun.,No me gusta esta melodía.
Do you like this tune?,/duː juː laɪk ðɪs tjuːn/,du iu laik dis tiun?,¿Te gusta esta melodía?
Who likes this tune?,/huː laɪks ðɪs tjuːn/,ju laiks dis tiun?,¿A quién le gusta esta melodía?
I liked this tune.,/aɪ laɪkt ðɪs tjuːn/,ai laikt dis tiun.,Me gustó esta melodía.
Select the right item.,/sɪˈlɛkt ðə raɪt ˈaɪtəm/,select de rait aitem.,Selecciona el artículo correcto.
Use a calculator now.,/juːz ə ˈkælkjʊleɪtə naʊ/,ius a calciuleitor nau.,Usa una calculadora ahora.
I have a voice mail.,/aɪ hæv ə vɔɪs meɪl/,ai jav a vois meil.,Tengo un correo de voz.
The alarm clock rings at seven.,/ðə əˈlɑːrm klɒk rɪŋz æt ˈsɛvən/,de alarm clok rings at seven.,El despertador suena a las siete.
I have many contacts in my phone.,/aɪ hæv mɛni ˈkɒntæcts ɪn maɪ foʊn/,ai jav many contacts in mai fon.,Tengo muchos contactos en mi teléfono.
She sends an SMS to her friend.,/ʃiː sɛndz æn ɛs ɛm ɛs tuː hɜːr frɛnd/,shi sends an es em es tu jer frend.,Ella envía un SMS a su amiga.
He is a subscriber to the magazine.,/hiː ɪz ə səbˈskraɪbər tuː ðə ˈmæɡəziːn/,ji is a suscriber tu de magazin.,Él es suscriptor de la revista.
I write with a ballpoint pen.,/aɪ raɪt wɪð ə ˈbɔːlpɔɪnt pɛn/,ai rait wid a boint pen.,Escribo con un bolígrafo.
This is a nice fountain pen.,/ðɪs ɪz ə naɪs ˈfaʊntən pɛn/,dis is a nais faunten pen.,Este es un buen estilográfica.
Use a pencil for the test.,/juːz ə ˈpɛnsəl fɔːr ðə tɛst/,yus a pensol for de test.,Usa un lápiz para el examen.
Mark the text with a highlighter.,/mɑːrk ðə tɛkst wɪð ə ˈhaɪlaɪtər/,mark de text wid a jalaider.,Marca el texto con un rotulador.
She draws with a felt-tip pen.,/ʃiː drɔːz wɪð ə fɛlt tɪp pɛn/,shi dros wid a felt-tip pen.,Ella dibuja con un marcador.
Write your name on the notepad.,/raɪt jɔːr neɪm ɒn ðə ˈnoʊtpæd/,rait yor neim on de notepad.,Escribe tu nombre en el bloc.
Check the date in your agenda.,/tʃɛk ðə deɪt ɪn jɔːr əˈdʒɛndə/,chek de deit in yor ajenda.,Mira la fecha en tu agenda.
Draw a line with the ruler.,/drɔː ə laɪn wɪð ðə ˈruːlər/,dro a lain wid de ruler.,Dibuja una línea con la regla.
Use a calculator for the math.,/juːz ə ˈkælkjəleɪtər fɔːr ðə mæθ/,yus a calculador for de matz.,Usa una calculadora para la matemática.
Clean the paper with an eraser.,/kliːn ðə ˈpeɪpər wɪð æn ɪˈreɪsər/,clin de peiper wid an ereiser.,Limpia el papel con un borrador.
Put a thumbtack on the board.,/pʊt ə ˈθʌmtæk ɒn ðə bɔːrd/,put a zamtak on de bord.,Pon un chinche en el tablero.
Keep the papers with a paper clip.,/kiːp ðə ˈpeɪpərz wɪð ə ˈpeɪpər klɪp/,kip de peipers wid a peiper clip.,Junta los papeles con un clip.
Stick the paper with the glue.,/stɪk ðə ˈpeɪpər wɪð ðə ɡluː/,stik de peiper wid de glu.,Pega el papel con el pegamento.
Use the stapler for the papers.,/juːz ðə ˈsteɪplər fɔːr ðə ˈpeɪpərz/,yus de steipler for de peipers.,Usa la engrapadora para los papeles.
Make a hole with the hole punch.,/meɪk ə hoʊl wɪð ðə hoʊl pʌntʃ/,meik a jol wid de jol ponch.,Haz un agujero con el perforador.
Sharpen your pencil with the sharpener.,/ˈʃɑːrpən jɔːr ˈpɛnsəl wɪð ðə ˈʃɑːrpənər/,sharpen yor pensol wid de sharper.,Saca punta a tu lápiz.
Give an account of the trip.,/ɡɪv æn əˈkaʊnt ɒv ðə trɪp/,giv an acaunt of de trip.,Da un relato del viaje.
Sign the agreement please.,/saɪn ðə əˈɡriːmənt pliːz/,sain de agriment plis.,Firma el acuerdo por favor.
Fill out the application form.,/fɪl aʊt ðə ˌæplɪˈkeɪʃən fɔːrm/,fil aut de aplicueicion form.,Rellena el formulario de solicitud.
This food is very authentic.,/ðɪs fuːd ɪz ˈvɛri ɔːˈθɛntɪk/,dis fud is beri ozentik.,Esta comida es muy auténtica.
Wear your badge at work.,/wɛər jɔːr bædʒ æt wɜːrk/,uer yor badch at work.,Lleva tu identificación en el trabajo.
Here is my business card.,/hɪər ɪz maɪ ˈbɪznɪs kɑːd/,jier is mai bisnes card.,Aquí está mi tarjeta de presentación.
This is the certificate.,/ðɪs ɪz ðə səˈtɪfɪkət/,dis is de sertifikeit.,Este es el certificado.
I write a check.,/aɪ raɪt ə tʃɛk/,ai rait a chek.,Escribo un cheque.
Please give me the check.,/pliːz ɡɪv miː ðə tʃɛk/,pliz guiv mi de chek.,"Por favor, deme la cuenta."
The constitution is old.,/ðə ˌkɒnstɪˈtjuːʃən ɪz əʊld/,de konstitucion is old.,La constitución es antigua.
We sign the contract.,/wiː saɪn ðə ˈkɒntrækt/,ui sign de contrat.,Firmamos el contrato.
I need a copy.,/aɪ niːd ə ˈkɒpi/,ai nid a copi.,Necesito una copia.
This is a copy.,/ðɪs ɪz ə ˈkɒpi/,dis is a copi.,Esta es una copia.
Fill out the customs declaration.,/fɪl aʊt ðə ˈkʌstəmz ˌdɛkləˈreɪʃən/,fil aut de custams declareicion.,Llene la declaración de aduanas.
The document is ready.,/ðə ˈdɒkjʊmənt ɪz ˈrɛdi/,de document is redi.,El documento está listo.
I have my driver's license.,/aɪ hæv maɪ ˈdraɪvəz ˈlaɪsəns/,ai jav mai drivers laisens.,Tengo mi licencia de conducir.
This is the addendum.,/ðɪs ɪz ðə əˈdɛndəm/,dis is de adendum.,Este es el apéndice.
Please sign this form.,/pliːz saɪn ðɪs fɔːm/,pliz sign dis form.,Por favor firme este formulario.
Show me your ID.,/ʃəʊ miː jɔːr aɪ diː/,shou mi yur ai di.,Muéstrame tu identificación.
I have an inquiry.,/aɪ hæv ən ɪnˈkwaɪəri/,ai jav an inkuairi.,Tengo una consulta.
I send an invitation card.,/aɪ sɛnd ən ˌɪnvɪˈteɪʃən kɑːd/,ai send an invitacion card.,Envío una tarjeta de invitación.
The invoice is correct.,/ðə ˈɪnvɔɪs ɪz kəˈrɛkt/,de invoice is corect.,La factura es correcta.
It is the law.,/ɪt ɪz ðə lɔː/,it is de law.,Es la ley.
I write a letter.,/aɪ raɪt ə ˈlɛtə/,ai rait a leter.,Escribo una carta.
Use the letterhead.,/juːz ðə ˈlɛtəhɛd/,iuz de leterjed.,Use el membrete.
This is the list.,/ðɪs ɪz ðə lɪst/,dis is de list.,Esta es la lista.
She reads the manuscript.,/ʃiː riːdz ðə ˈmænjʊskrɪpt/,shi rids de manuscripst.,Ella lee el manuscrito.
I read the newsletter.,/aɪ riːd ðə ˈnjuːzlɛtə/,ai rid de niuzleter.,Leo el boletín de noticias.
Write a note for me.,/raɪt ə nəʊt fɔː miː/,rait a not for mi.,Escribe una nota para mí.
He has a pass.,/hiː hæz ə pɑːs/,ji jas a pas.,Él tiene un pase.
He doesn't have a pass.,/hiː ˈdʌznt hæv ə pɑːs/,ji dasent jav a pas.,Él no tiene un pase.
Does he have a pass?,/dʌz hiː hæv ə pɑːs/,das ji jav a pas?,¿Él tiene un pase?
What pass does he have?,/wɒt pɑːs dʌz hiː hæv/,guot pas das ji jav?,¿Qué pase tiene él?
He had a pass.,/hiː hæd ə pɑːs/,ji jad a pas.,Él tenía un pase.
I have my passport.,/aɪ hæv maɪ pɑːspɔːt/,ai jav mai pasport.,Tengo mi pasaporte.
This is my permit.,/ðɪs ɪz maɪ pəˈmɪt/,dis is mai permit.,Este es mi permiso.
She reads her résumé.,/ʃiː riːdz hər ˈrɛzjʊmeɪ/,shi rids jer rezumei.,Ella lee su currículum.
He signs the IOU.,/hiː saɪnz ðiː aɪ-oʊ-juː/,ji sins de ai-o-yu.,Él firma el pagaré.
I need the receipt.,/aɪ niːd ðə rɪˈsiːt/,ai nid de risit.,Necesito el recibo.
This is the sales slip.,/ðɪs ɪz ðə seɪlz slɪp/,dis is de seils slip.,Este es el ticket de compra.
It is a long report.,/ɪt ɪz ə lɒŋ rɪˈpɔːt/,it is a long ripor.,Es un reporte largo.
Please show your ID.,/pliːz ʃəʊ jɔːr aɪ-diː/,pliz shou yur ai-di.,Por favor muestra tu identificación.
You sign the paper.,/juː saɪn ðə ˈpeɪpər/,yu sin de peiper.,Firmas el papel.
The signature is here.,/ðə ˈsɪgnətʃər ɪz hɪər/,de signatur is jir.,La firma está aquí.
He puts the stamp on.,/hiː pʌts ðə stæmp ɒn/,ji puts de stamp on.,Él pone el sello.
I read the text.,/aɪ riːd ðə tɛkst/,ai rid de tekst.,Leo el texto.
I buy a ticket.,/aɪ baɪ ə ˈtɪkɪt/,ai bai a tiket.,Compro un boleto.
Cross out the old word.,/krɒs aʊt ðə oʊld wɜːrd/,cros aut de old uerd.,Tacha la palabra vieja.
You fill out the form.,/juː fɪl aʊt ðə fɔːrm/,yu fil aut de form.,Llenas el formulario.
This is the waybill.,/ðɪs ɪz ðə ˈweɪbɪl/,dis is de ueibil.,Esta es la guía de envío.
She has a will.,/ʃiː hæz ə wɪl/,shi jas a uil.,Ella tiene un testamento.
She does not have a will.,/ʃiː dʌz nɒt hæv ə wɪl/,shi das not jav a uil.,Ella no tiene un testamento.
Does she have a will?,/dʌz ʃiː hæv ə wɪl/,das shi jav a uil?,¿Ella tiene un testamento?
Why does she have a will?,/waɪ dʌz ʃiː hæv ə wɪl/,uay daz shi jav e wil?,¿Por qué ella tiene un testamento?
She had a will.,/ʃiː hæd ə wɪl/,shi jad a uil.,Ella tenía un testamento.
We need accounting services.,/wiː niːd əˈkaʊntɪŋ ˈsɜːrvɪsɪz/,ui nid akaunting servisiz.,Necesitamos servicios contables.
I like the advertising.,/aɪ laɪk ðiː ˈædvərtaɪzɪŋ/,ai laik de adverteising.,Me gusta la publicidad.
I don't like the advertising.,/aɪ dəʊnt laɪk ðiː ˈædvərtaɪzɪŋ/,ai dount laik de adverteising.,No me gusta la publicidad.
Do you like the advertising?,/duː juː laɪk ðiː ˈædvərtaɪzɪŋ/,du iu laik de adverteising?,¿Te gusta la publicidad?
Why do you like the advertising?,/waɪ duː juː laɪk ðiː ˈædvərtaɪzɪŋ/,guai du iu laik de adverteising?,¿Por qué te gusta la publicidad?
I liked the advertising.,/aɪ laɪkt ðiː ˈædvərtaɪzɪŋ/,ai laikt de adverteising.,Me gustó la publicidad.
It is an advertising agency.,/ɪt ɪz æn ˈædvərtaɪzɪŋ ˈeɪdʒənsi/,it is an adverteising ei-yensi.,Es una agencia de publicidad.
We have air-conditioners.,/wiː hæv ˈeərkəndɪʃənərz/,ui jav air-kondishoners.,Tenemos acondicionadores de aire.
This is a big airline.,/ðɪs ɪz ə bɪg ˈeərlaɪn/,dis is a big airlain.,Esta es una aerolínea grande.
This isn't a big airline.,/ðɪs ˈɪznt ə bɪg ˈeərlaɪn/,dis isent a big airlain.,Esta no es una aerolínea grande.
Is this a big airline?,/ɪz ðɪs ə bɪg ˈeərlaɪn/,is dis a big airlain?,¿Es esta una aerolínea grande?
Why is this a big airline?,/waɪ ɪz ðɪs ə bɪɡ ˈeəlaɪn/,uay iz dis e big eerlain?,¿Por qué esta es una gran aerolínea?
This was a big airline.,/ðɪs wɒz ə bɪg ˈeərlaɪn/,dis woz a big airlain.,Esta era una aerolínea grande.
They sell alcoholic drinks.,/ðeɪ sɛl ˌælkəˈhɒlɪk drɪŋks/,dei sel alkóholic drinks.,Ellos venden bebidas alcohólicas.
I like old antiquities.,/aɪ laɪk oʊld ˌæntɪˈkwɪtiz/,ai laik old antiquitis.,Me gustan las antigüedades viejas.
We go to the art gallery.,/wiː ɡoʊ tuː ðiː ɑːrt ˈɡæləri/,ui gou tu de art gáleri.,Vamos a la galería de arte.
The audit services are complete.,/ði ˈɔːdɪt ˈsɜːvɪsɪz ɑːr kəmˈpliːt/,de ordi servicios ar complit,Los servicios de auditoría están completos.
The banks are open today.,/ðə bæŋks ɑːr ˈoʊpən təˈdeɪ/,de banks ar open tudai,Los bancos están abiertos hoy.
The bar is near my hotel.,/ðə bɑːr ɪz nɪr maɪ ˈhoʊtel/,de bar is niar mai jotel,El bar está cerca de mi hotel.
The beauty parlor is closed today.,/ðə ˈbjuːti ˈpɑːrlər ɪz kloʊzd təˈdeɪ/,de biuti parlar is clostudai,El salón de belleza está cerrado hoy.
The bookstore is on Main Street.,/ðə ˈbʊkstɔːr ɪz ɒn meɪn striːt/,de bukstor is on meyn strit,La librería está en la calle Main.
The brewery is very large.,/ðə ˈbruːəri ɪz ˈvɛri lɑːrdʒ/,de bruri is veri lardch,La cervecería es muy grande.
The business center has computers.,/ðə ˈbɪznəs ˈsɛntər hæz kəmˈpjuːtərz/,de biznes senter jaz compiuters,El centro de negocios tiene computadoras.
My brother goes to business school.,/maɪ ˈbrʌðər ˈgoʊz tu ˈbɪznəs skuːl/,mai brader gaus tu biznes skul,Mi hermano va a la escuela de negocios.
The casino is in Las Vegas.,/ðə kəˈsiːnoʊ ɪz ɪn læs ˈveɪgəs/,de kasino is in las veigas,El casino está en Las Vegas.
Construction takes a long time.,/kənˈstrʌkʃən teɪks ə lɔːŋ taɪm/,konstrakshon teiks a long taim,La construcción lleva mucho tiempo.
Consulting helps companies grow.,/kənˈsʌltɪŋ hɛlps ˈkʌmpəniz ɡroʊ/,konsoelting jelps kompanis gro,La consultoría ayuda a las empresas a crecer.
I go to the dental clinic.,/aɪ ɡoʊ tu ðə ˈdɛntəl ˈklɪnɪk/,ai go tu de dental klinic,Voy a la clínica dental.
Design is very important.,/dɪˈzaɪn ɪz ˈvɛri ɪmˈpɔːrtənt/,desain is veri important,El diseño es muy importante.
The pharmacy is next to the hospital.,/ðə ˈfɑːrməsi ɪz nɛkst tu ðə ˈhɑːspɪtl/,de farmasi is next tu de jospital,La farmacia está al lado del hospital.
The dry cleaners opens at nine.,/ðə draɪ ˈkliːnərz ˈoʊpənz æt naɪn/,de drai kliners opens at nain,La tintorería abre a las nueve.
She found work through an employment agency.,/ʃiː faʊnd wɜːrk θruː ən ɪmˈplɔɪmənt ˈeɪdʒənsi/,shi faund work tru an employmint eidchensi,Ella encontró trabajo a través de una agencia de empleo.
Financial services help people save money.,/faɪˈnænʃəl ˈsɜːrvɪsɪz hɛl pːiːpl seɪv ˈmʌni/,finanshal servisiz jel pipol sev moni,Los servicios financieros ayudan a las personas a ahorrar dinero.
Food products are in the supermarket.,/fuːd ˈprɑːdʌkts ɑːr ɪn ðə ˈsuːpərmɑːrkɪt/,fud prodacts ar in de supermarkit,Los productos alimenticios están en el supermercado.
The funeral home is downtown.,/ðə ˈfjuːnərəl hoʊm ɪz ˈdaʊntaʊn/,de funral jom is dauntaun,La funeraria está en el centro.
The furniture is very expensive.,/ðə ˈfɜːrnɪʧər ɪz ˈvɛri ɪkˈspɛnsɪv/,de furnichur is veri ekspensiv,Los muebles son muy caros.
This garment is made of cotton.,/ðɪs ˈɡɑːrmənt ɪz meɪd ɒv ˈkɑːtn/,dis garmant is meid of katon,Esta prenda está hecha de algodón.
We stay at a nice hotel.,/wiː steɪt æt ə naɪs hoʊˈtɛl/,ui steit at a nais jotel,Nos quedamos en un hotel bonito.
I like ice-cream very much.,/aɪ laɪk aɪs kriːm ˈvɛri mʌʧ/,ai laik ais krim veri much,Me gusta mucho el helado.
Industry is important for the economy.,/ˈɪndəstri ɪz ɪmˈpɔːrtənt fɔr ði ɪˈkɑːnəmi/,indastri is important for de iconomi,La industria es importante para la economía.
Insurance protects your car.,/ɪnˈʃʊrəns prəˈtɛkts jɔːr kɑːr/,inshurans protekts yor kar,El seguro protege tu coche.
I use the Internet every day.,/aɪ juːz ðə ˈɪntərnɛt ˈɛvri deɪ/,ai yus de internet evri dei.,Uso Internet todos los días.
It is a good investment.,/ɪt ɪz ə ɡʊd ɪnˈvɛstmənt/,it is a gud investment.,Es una buena inversión.
The jeweler has a nice ring.,/ðə ˈdʒuːələr hæz ə naɪs rɪŋ/,de yuler jas a nai ring.,El joyero tiene un anillo bonito.
She likes to wear jewelry.,/ʃiː laɪks tuː wɛər ˈdʒuːəlri/,shi laiks tu wer yueldri.,A ella le gusta usar joyas.
He is at the laundry shop.,/hiː ɪz æt ðə ˈlɔːndri ʃɒp/,ji is at de londri shop.,Él está en la lavandería.
He is a legal advisor.,/hiː ɪz ə ˈliːɡəl ədˈvaɪzər/,ji is a ligal advaizer.,Él es asesor legal.
This is a light industry.,/ðɪs ɪz ə laɪt ˈɪndəstri/,dis is a lait industry.,Esta es una industria ligera.
I read a magazine today.,/aɪ riːd ə ˌmæɡəˈziːn təˈdeɪ/,ai red a magazin tudei.,Hoy leí una revista.
They do mail-order selling.,/ðeɪ duː meɪl ˈɔːrdər ˈsɛlɪŋ/,dei du meil-oder seling.,Ellos venden por correo.
Take the medicine now.,/teɪk ðə ˈmɛdɪsɪn naʊ/,teik de medisin nau.,Toma la medicina ahora.
We go to the movie theater.,/wiː ɡəʊ tuː ðə ˈmuːvi ˌθiːətər/,ui gou tu de mui zieter.,Vamos al cine.
The museum is very big.,/ðə mjuːˈziːəm ɪz ˈvɛri bɪɡ/,de miusium is veri big.,El museo es muy grande.
The museum is not very big.,/ðə mjuːˈziːəm ɪz nɒt ˈvɛri bɪɡ/,de miusium is not veri big.,El museo no es muy grande.
Is the museum very big?,/ɪz ðə mjuːˈziːəm ˈvɛri bɪɡ/,is de miusium veri big?,¿Es muy grande el museo?
Why is the museum very big?,/waɪ ɪz ðə mjuːˈziːəm ˈvɛri bɪɡ/,guai is de miusium veri big?,¿Por qué el museo es muy grande?
The museum was very big.,/ðə mjuːˈziːəm wɒz ˈvɛri bɪɡ/,de miusium uoz veri big.,El museo era muy grande.
She works at a news agency.,/ʃiː wɜːrks æt ə nuːz ˈeɪdʒənsi/,shi uerks at a nius eiyensi.,Ella trabaja en una agencia de noticias.
He reads the newspaper.,/hiː riːdz ðə ˈnuːzˌpeɪpər/,ji rids de niuspeiper.,Él lee el periódico.
The nightclub is open.,/ðə ˈnaɪtklʌb ɪz ˈəʊpən/,de naitclab is open.,El club nocturno está abierto.
The car needs oil.,/ðə kɑːr niːdz ɔɪl/,de car nidz oil.,El coche necesita aceite.
The parcels service is fast.,/ðə ˈpɑːrsəlz ˈsɜːrvɪs ɪz fæst/,de parsels servis is fast.,El servicio de paquetería es rápido.
They sell pharmaceuticals.,/ðeɪ sɛl ˌfɑːrməˈsuːtɪkəlz/,dei sel farmaceuticals.,Ellos venden productos farmacéuticos.
He works in printing.,/hiː wɜːrks ɪn ˈprɪntɪŋ/,ji uerks in printing.,Él trabaja en la impresión.
It is a publishing house.,/ɪt ɪz ə ˈpʌblɪʃɪŋ haʊs/,it is a publishing jaus.,Es una editorial.
I listen to the radio.,/aɪ ˈlɪsən tuː ðə ˈreɪdiəʊ/,ai lisen tu de radio.,Escucho la radio.
He buys real estate.,/hiː baɪz ˈriːəl ɪsˈteɪt/,ji bais riil isteit.,Él compra bienes raíces.
We eat at the restaurant.,/wiː iːt æt ðə ˈrɛstərɑːnt/,ui it at de restaurant.,Comemos en el restaurante.
Call the security agency.,/kɔːl ðə sɪˈkjʊərəti ˈeɪdʒənsi/,kol de sekiurity eiyensi.,Llama a la agencia de seguridad.
I like sports.,/aɪ laɪk spɔːrts/,ai laik sports.,Me gustan los deportes.
I don't like sports.,/aɪ dəʊnt laɪk spɔːrts/,ai dount laik sports.,No me gustan los deportes.
Do you like sports?,/duː juː laɪk spɔːrts/,du iu laik sports?,¿Te gustan los deportes?
Which sports do you like?,/wɪtʃ spɔːrts duː juː laɪk/,guich sports du iu laik?,¿Qué deportes te gustan?
I liked sports.,/aɪ laɪkt spɔːrts/,ai laikt sports.,Me gustaban los deportes.
The stock exchange is big.,/ðə stɒk ɪksʧeɪndʒ ɪz bɪɡ/,de stock excheneich is big.,La bolsa de valores es grande.
The store is near here.,/ðə stɔːr ɪz nɪə hɪə/,de stor is nier jier.,La tienda está cerca de aquí.
I go to the supermarket.,/aɪ ɡəʊ tuː ðə suːpəmɑːkɪt/,ai gou tu de supermarket.,Voy al supermercado.
The swimming pool is cold.,/ðə swɪmɪŋ puːl ɪz kəʊld/,de swimming pul is cold.,La piscina está fría.
The tailors are nice.,/ðə teɪləz ɑː naɪs/,de tailors ar nais.,Los sastres son amables.
I watch television at night.,/aɪ wɒʧ tɛləvɪʒən æt naɪt/,i uoch television at nait.,Veo la televisión por la noche.
We go to the theater.,/wiː ɡəʊ tuː ðə θɪətə/,ui gou tu de ziter.,Vamos al teatro.
Trade is good for us.,/treɪd ɪz ɡʊd fɔː ʌs/,treid is gud for as.,El comercio es bueno para nosotros.
The bus is transportation.,/ðə bʌs ɪz trænspɔːteɪʃən/,de bas is transportation.,El autobús es transporte.
I like to travel.,/aɪ laɪk tuː trævəl/,ai laik tu travel.,Me gusta viajar.
I don't like to travel.,/aɪ dəʊnt laɪk tuː trævəl/,ai dount laik tu travel.,No me gusta viajar.
Do you like to travel?,/duː juː laɪk tuː trævəl/,du iu laik tu travel?,¿Te gusta viajar?
When do you like to travel?,/wɛn duː juː laɪk tuː trævəl/,guen du iu laik tu travel?,¿Cuándo te gusta viajar?
I liked to travel.,/aɪ laɪkt tuː trævəl/,ai laikt tu travel.,Me gustaba viajar.
The veterinarian helps the dog.,/ðə vɛtərɪnɛərɪən hɛlps ðə dɒɡ/,de veterinarian helps de dog.,El veterinario ayuda al perro.
The warehouse is very full.,/ðə wɛəhaʊs ɪz vɛri fʊl/,de jerejaus is veri ful.,El almacén está muy lleno.
Waste collection is on Tuesday.,/weɪst kəlɛkʃən ɪz ɒn ˈtjuːzdeɪ/,weist colection is on tiusdei.,La recogida de basura es el martes.
The show is very good.,/ðə ʃəʊ ɪz vɛri ɡʊd/,de shou is veri gud.,La exhibición es muy buena.
The show is not very good.,/ðə ʃəʊ ɪz nɒt vɛri ɡʊd/,de shou is not veri gud.,La exhibición no es muy buena.
Is the show very good?,/ɪz ðə ʃəʊ vɛri ɡʊd/,is de shou veri gud?,¿Es muy buena la exhibición?
How good is the show?,/haʊ ɡʊd ɪz ðə ʃəʊ/,jau gud is de shou?,¿Qué tan buena está la exhibición?
The show was very good.,/ðə ʃəʊ wɒz vɛri ɡʊd/,de shou woz veri gud.,La exhibición fue muy buena.
We go to the trade show.,/wiː ɡəʊ tuː ðə treɪd ʃəʊ/,ui gou tu de treid shou.,Vamos a la feria comercial.
Your participation is important.,/jɔː pɑːtɪsɪpeɪʃən ɪz ɪmpɔːtənt/,iur participation is important.,Su participación es importante.
I want to participate.,/aɪ wɒnt tuː pɑːtɪsɪpeɪt/,ai uont tu participate.,Quiero participar.
He is a participant.,/hiː ɪz ə pɑːtɪsɪpənt/,ji is a participant.,Él es un participante.
The director is here.,/ðə daɪrɛktə ɪz hɪə/,de dairector is jier.,El director está aquí.
The director isn't here.,/ðə dɪˈrɛktə r daɪˈrɛktə ˈɪznt hɪə/,de dairektor izent jia.,El director no está aquí.
Is the director here?,/ɪz ðə dɪˈrɛktə r daɪˈrɛktə hɪə/,iz de dairektor jia?,¿El director está aquí?
When is the director here?,/wɛn ɪz ðə dɪˈrɛktə r daɪˈrɛktə hɪə/,uen iz de dairektor jia?,¿Cuándo está aquí el director?
The director was here.,/ðə dɪˈrɛktə r daɪˈrɛktə wɒz hɪə/,de dairektor uoz jia.,El director estaba aquí.
The office is open.,/ðə ɒfɪs ɪz əʊpən/,de ofis is open.,La oficina está abierta.
The organizer is busy.,/ðə ɔːɡənaɪzə ɪz bɪzi/,de organizer is bisi.,El organizador está ocupado.
You organize the party.,/juː ɔːɡənaɪz ðə ˈpɑːti/,yu organize de parti.,Tú organizas la fiesta.
This is the form.,/ðɪs ɪz ðə fɔːm/,dis is de form.,Este es el formulario.
Please fill out the form.,/pliːz fɪl aʊt ðə fɔːm/,pliz fil aut de form.,Por favor rellene el formulario.
I need the details.,/aɪ niːd ðə ˈdiːteɪlz/,ai nid de diteils.,Necesito los detalles.
I need information about the cat.,/aɪ niːd ˌɪnfəˈmeɪʃn əˈbaʊt ðə kæt/,ai nid informalmeishon abaut de kat.,Necesito información sobre el gato.
The price is good.,/ðə praɪs ɪz ɡʊd/,de prais is gud.,El precio es bueno.
It is including the tax.,/ɪt ɪz ɪnˈkluːdɪŋ ðə tæks/,it is inkluuding de taks.,Incluye el impuesto.
I include you in the group.,/aɪ ɪnˈkluːd juː ɪn ðə ɡruːp/,ai inkluud yu in de grup.,Te incluyo en el grupo.
I pay for the book.,/aɪ peɪ fɔː ðə bʊk/,ai pei for de buk.,Pago por el libro.
The registration fee is low.,/ðə ˌrɛdʒɪsˈtreɪʃn fiː ɪz ləʊ/,de redreishtracion fi is lo.,La tarifa de registro es baja.
This is the entrance.,/ðɪs ɪz ðiː ˈɛntrəns/,dis is de entrens.,Esta es la entrada.
We go to the hall.,/wiː ɡəʊ tuː ðə hɔːl/,ui gou tu de jol.,Vamos al salón.
Please register the name.,/pliːz ˈrɛdʒɪstə ðə neɪm/,pliz redyister de neim.,Por favor registre el nombre.
He wears a badge.,/hiː weəz ə bædʒ/,ji uers a baidy.,Él lleva una placa.
She is at the booth.,/ʃiː ɪz æt ðə buːθ/,shi is at de buf.,Ella está en el stand.
I reserve a table.,/aɪ rɪˈzɜːv ə ˈteɪbl/,ai rizerf a teibl.,Reservo una mesa.
It is a display case.,/ɪt ɪz ə dɪsˈpleɪ keɪs/,it is a displei keis.,Es una vitrina.
The spotlight is bright.,/ðə ˈspɒtlaɪt ɪz braɪt/,de spotlait is brait.,El foco es brillante.
I like the design.,/aɪ laɪk ðə dɪˈzaɪn/,ai laik de dizain.,Me gusta el diseño.
I don't like the design.,/aɪ dəʊnt laɪk ðə dɪˈzaɪn/,ai dount laik de dizain.,No me gusta el diseño.
Do you like the design?,/duː juː laɪk ðə dɪˈzaɪn/,du iu laik de dizain?,¿Te gusta el diseño?
Whose design do you like?,/huːz dɪˈzaɪn duː juː laɪk/,jus dizain du iu laik?,¿De quién te gusta el diseño?
I liked the design.,/aɪ laɪkt ðə dɪˈzaɪn/,ai laikt de dizain.,Me gustó el diseño.
I place the cup here.,/aɪ pleɪs ðə kʌp hɪə/,ai pleis de cap jia.,Pongo la taza aquí.
It is to be placed.,/ɪt ɪz tuː biː pleɪst/,it is tu bi pleist.,Debe ser colocado.
He is a distributor.,/hiː ɪz ə dɪsˈtrɪbjətə/,ji is a distributor.,Él es un distribuidor.
We find a supplier.,/wiː faɪnd ə səˈplaɪə/,ui fain a saplaier.,Encontramos un proveedor.
They supply the food.,/ðeɪ səˈplaɪ ðə fuːd/,dei saplai de fud.,Ellos suministran la comida.
I love my country.,/aɪ lʌv maɪ ˈkʌntri/,ai lav mai kantri.,Amo mi país.
It is a foreign city.,/ɪt ɪz ə ˈfɒrɪn ˈsɪti/,it is a forin siti.,Es una ciudad extranjera.
The product is new.,/ðə ˈprɒdʌkt ɪz njuː/,de prodact is niu.,El producto es nuevo.
We join the association.,/wiː dʒɔɪn ðiː əˌsəʊsiˈeɪʃn/,ui yoin de asosieishon.,Nos unimos a la asociación.
The conference hall is big.,/ðə ˈkɒnfərəns hɔːl ɪz bɪɡ/,de konferens jol is big.,El salón de conferencias es grande.
The Congress is in the big building.,/ðə ˈkɒŋɡrɛs ɪz ɪn ðə bɪɡ ˈbɪldɪŋ/,de congres is in de big bilding.,El Congreso está en el edificio grande.
I like the contest on TV.,/aɪ laɪk ðə ˈkɒntɛst ɒn tiː viː/,ai laik de contest on ti vi.,Me gusta el concurso en la televisión.
The visitor is at the door.,/ðə ˈvɪzɪtər ɪz æt ðə dɔː/,de visitor is at de dor.,El visitante está en la puerta.
We visit the school today.,/wiː ˈvɪzɪt ðə skuːl təˈdeɪ/,wi visit de skuol tudei.,Visitamos la escuela hoy.
The customer buys a red apple.,/ðə ˈkʌstəmər baɪz ə rɛd ˈæpl/,de customer bais a red apol.,El cliente compra una manzana roja.
He reads the newspaper in the morning.,/hiː riːdz ðə ˈnjuːzˌpeɪpər ɪn ðə ˈmɔːnɪŋ/,ji rids de niuspeiper in de mornin.,Él lee el periódico por la mañana.
This magazine has nice photos.,/ðɪs ˌmæɡəˈziːn hæz naɪs ˈfəʊtəʊz/,dis magazin jas nais fotos.,Esta revista tiene fotos bonitas.
The press writes the news.,/ðə prɛs raɪts ðə njuːz/,de pres raits de niuz.,La prensa escribe las noticias.
I listen to the radio.,/aɪ ˈlɪsn tuː ðə ˈreɪdiəʊ/,ai lisen tu de radio.,Escucho la radio.
The radio station plays music.,/ðə ˈreɪdiəʊ ˈsteɪʃn pleɪz ˈmjuːzɪk/,de radio steishon pleis miusic.,La emisora de radio toca música.
The television is big.,/ðə ˈtɛlɪˌvɪʒən ɪz bɪɡ/,de television is big.,La televisión es grande.
The television is not big.,/ðə ˈtɛlɪˌvɪʒən ɪz nɒt bɪɡ/,de television is not big.,La televisión no es grande.
Is the television big?,/ɪz ðə ˈtɛlɪˌvɪʒən bɪɡ/,is de television big?,¿Es grande la televisión?
Where is the big television?,/wɛər ɪz ðə bɪɡ ˈtɛlɪˌvɪʒən/,guer is de big television?,¿Dónde está la televisión grande?
The television was big.,/ðə ˈtɛlɪˌvɪʒən wɒz bɪɡ/,de television uoz big.,La televisión era grande.
The host is very happy.,/ðə həʊst ɪz ˈvɛri ˈhæpi/,de jost is beri japi.,El presentador está muy feliz.
The newscaster speaks fast.,/ðə ˈnjuːzˌkɑːstər spiːks fɑːst/,de niuzkaster spiks fast.,El presentador de noticias habla rápido.
The commentator sits here.,/ðə ˈkɒmənteɪtər sɪts hɪə/,de commentator sits jir.,El comentarista se sienta aquí.
The journalist writes a story.,/ðə ˈdʒɜːnəlɪst raɪts ə ˈstɔːri/,de yornalist raits a stori.,El periodista escribe una historia.
The correspondent is in the city.,/ðə ˌkɒrɪˈspɒndənt ɪz ɪn ðə ˈsɪti/,de correspondent is in de siti.,El corresponsal está en la ciudad.
The press photographer has a camera.,/ðə prɛs fəˈtɒɡrəfər hæz ə ˈkæmərə/,de pres fotografur jas a camera.,El fotógrafo de prensa tiene una cámara.
The reporter asks a question.,/ðə rɪˈpɔːtər æsks ə ˈkwɛstʃən/,de reporter asks a cuestion.,El reportero hace una pregunta.
The editor reads the book.,/ðə ˈɛdɪtər riːdz ðə bʊk/,de editor rids de buk.,El editor lee el libro.
He is the editor-in-chief.,/hiː ɪz ðiː ˈɛdɪtər ɪn tʃiːf/,ji is de editor in chief.,Él es el editor en jefe.
I subscribe to the magazine.,/aɪ səbˈskraɪb tuː ðə ˌmæɡəˈziːn/,ai subscript tu de magazin.,Me suscribo a la revista.
The subscription is for one year.,/ðə səbˈskrɪpʃən ɪz fɔː wʌn jɪə/,de subscription is for wan yiar.,La suscripción es por un año.
You are a subscriber.,/juː ɑːr ə səbˈskraɪbər/,yu ar a subscriptor.,Tú eres un suscriptor.
I read a book at night.,/aɪ riːd ə bʊk æt naɪt/,ai rid a buk at nait.,Leo un libro por la noche.
She is a good reader.,/ʃiː ɪz ə ɡʊd ˈriːdər/,shi is a gud rider.,Ella es una buena lectora.
The newspaper has a big circulation.,/ðə ˈnjuːzˌpeɪpə hæz ə bɪɡ ˌsɜːkjʊˈleɪʃən/,de niuzpeiper jaz a big sirkulieishon.,El periódico tiene una gran circulación.
The newspaper does not have a big circulation.,/ðə ˈnjuːzˌpeɪpə dʌz nɒt hæv ə bɪɡ ˌsɜːkjʊˈleɪʃən/,de niuzpeiper das not jav a big sirkulieishon.,El periódico no tiene una gran circulación.
Does the newspaper have a big circulation?,/dʌz ðə ˈnjuːzˌpeɪpə hæv ə bɪɡ ˌsɜːkjʊˈleɪʃən/,das de niuzpeiper jav a big sirkulieishon?,¿Tiene el periódico una gran circulación?
Why does the newspaper have a big circulation?,/waɪ dʌz ðə ˈnjuːzˌpeɪpə hæv ə bɪɡ ˌsɜːkjʊˈleɪʃən/,wai das de niuzpeiper jav a big sirkulieishon?,¿Por qué tiene el periódico una gran circulación?
The newspaper had a big circulation.,/ðə ˈnjuːzˌpeɪpə hæd ə bɪɡ ˌsɜːkjʊˈleɪʃən/,de niuzpeiper jad a big sirkulieishon.,El periódico tenía una gran circulación.
He pays a monthly fee.,/hiː peɪz ə ˈmʌnθli fiː/,ji peis a monzli fi.,Él paga una cuota mensual.
She writes a weekly report.,/ʃiː raɪts ə ˈwiːkli rɪˈpɔːt/,shi raids a uikli ripor.,Ella escribe un informe semanal.
I read the new issue.,/aɪ riːd ðə njuː ˈɪʃuː/,ai red de niu ishu.,Leo el nuevo número.
This is a new book.,/ðɪs ɪz ə njuː bʊk/,dis is a niu buk.,Este es un libro nuevo.
The headline is very big.,/ðə ˈhɛdlaɪn ɪz ˈvɛri bɪɡ/,de jedlain is beri big.,El titular es muy grande.
The headline is not very big.,/ðə ˈhɛdlaɪn ɪz nɒt ˈvɛri bɪɡ/,de jedlain is not beri big.,El titular no es muy grande.
Is the headline very big?,/ɪz ðə ˈhɛdlaɪn ˈvɛri bɪɡ/,is de jedlain beri big?,¿Es muy grande el titular?
Why is the headline very big?,/waɪ ɪz ðə ˈhɛdlaɪn ˈvɛri bɪɡ/,wai is de jedlain beri big?,¿Por qué el titular es muy grande?
The headline was very big.,/ðə ˈhɛdlaɪn wɒz ˈvɛri bɪɡ/,de jedlain woz beri big.,El titular era muy grande.
It is a short article.,/ɪt ɪz ə ʃɔːrt ˈɑːrtɪkəl/,it is a short artikol.,Es un artículo corto.
He writes a column.,/hiː raɪts ə ˈkɒləm/,ji raids a kolam.,Él escribe una columna.
The article is about dogs.,/ðə ˈɑːrtɪkəl ɪz əˈbaʊt dɒɡz/,de artikol is abaut dogs.,El artículo es sobre perros.
Open the book to page five.,/ˈəʊpən ðə bʊk tuː peɪdʒ faɪv/,open de buk tu peich faiv.,Abre el libro en la página cinco.
The report is on the desk.,/ðə rɪˈpɔːrt ɪz ɒn ðə dɛsk/,de ripor is on de desk.,El informe está en el escritorio.
The event was fun.,/ðə ɪˈvɛnt wʌz fʌn/,de ivent uas fan.,El evento fue divertido.
The news was a sensation.,/ðə njuːz wʌz ə sɛnˈseɪʃən/,de niuz uas a sensieishon.,La noticia fue una sensación.
The scandal is bad.,/ðə ˈskændəl ɪz bæd/,de skandal is bad.,El escándalo es malo.
It was a scandalous lie.,/ɪt wʌz ə ˈskændələs laɪ/,it uas a skandalos lai.,Fue una mentira escandalosa.
They have a great house.,/ðeɪ hæv ə ɡreɪt haʊs/,dei jav a greit jaus.,Ellos tienen una gran casa.
The program starts now.,/ðə ˈprəʊɡræm stɑːrts naʊ/,de prougram stars nau.,El programa empieza ahora.
She has an interview.,/ʃiː hæz æn ˈɪntərvjuː/,shi jaz an interviu.,Ella tiene una entrevista.
She does not have an interview.,/ʃiː dʌz nɒt hæv æn ˈɪntərvjuː/,shi das not jav an interviu.,Ella no tiene una entrevista.
Does she have an interview?,/dʌz ʃiː hæv æn ˈɪntərvjuː/,das shi jav an interviu?,¿Tiene ella una entrevista?
Where does she have an interview?,/wɛər dʌz ʃiː hæv æn ˈɪntərvjuː/,wuer das shi jav an interviu?,¿Dónde tiene ella una entrevista?
She had an interview.,/ʃiː hæd æn ˈɪntərvjuː/,shi jad an interviu.,Ella tuvo una entrevista.
It is a live broadcast.,/ɪt ɪz ə laɪv ˈbrɔːdkæst/,it is a laiv brodkast.,Es una transmisión en vivo.
Change the TV channel.,/tʃeɪndʒ ðə tiː viː ˈtʃænəl/,cheinch de ti vi chanel.,Cambia el canal de televisión.
He works in agriculture.,/hiː wɜːrks ɪn ˈæɡrɪkʌltʃər/,ji uerks in agrikolcher.,Él trabaja en la agricultura.
The peasant is old.,/ðə ˈpɛzənt ɪz əʊld/,de pezant is ould.,El campesino es viejo.
The peasant woman works.,/ðə ˈpɛzənt ˈwʊmən wɜːrks/,de pezant uuman uerks.,La campesina trabaja.
The farmer is nice.,/ðə ˈfɑːrmər ɪz naɪs/,de farmer is nais.,El agricultor es amable.
The tractor is red.,/ðə ˈtræktər ɪz rɛd/,de tractor is red.,El tractor es rojo.
The combine works in the field.,/ðə ˈkɒmbaɪn wɜːrks ɪn ðə fiːld/,de combin uerks in de field.,La cosechadora funciona en el campo.
I see a big plow.,/aɪ siː ə bɪg plaʊ/,ai si a big plau.,Veo un arado grande.
I do not see a big plow.,/aɪ duː nɒt siː ə bɪg plaʊ/,ai du not si a big plau.,No veo un arado grande.
Do you see a big plow?,/duː juː siː ə bɪg plaʊ/,du iu si a big plau?,¿Ves un arado grande?
Where do you see a big plow?,/wɛər duː juː siː ə bɪg plaʊ/,wuer du iu si a big plau?,¿Dónde ves un arado grande?
I saw a big plow.,/aɪ sɔː ə bɪg plaʊ/,ai so a big plau.,Vi un arado grande.
They plow the land.,/ðeɪ plaʊ ðə lænd/,dei plau de land.,Ellos aran la tierra.
This is good plowland.,/ðɪs ɪz ɡʊd ˈplaʊˌlænd/,dis is gud plawland.,Esta es buena tierra arable.
The furrow is deep.,/ðə ˈfʌroʊ ɪz diːp/,de farou is dip.,El surco es profundo.
We sow seeds in spring.,/wiː soʊ siːdz ɪn sprɪŋ/,ui so siids in spring.,Sembramos semillas en primavera.
The seeder is new.,/ðə ˈsiːdər ɪz nuː/,de sider is niu.,La sembradora es nueva.
Sowing is hard work.,/ˈsoʊɪŋ ɪz hɑːrd wɜːrk/,soing is jard uerk.,Sembrar es un trabajo duro.
He uses a scythe.,/hiː ˈjuːzɪz ə saɪð/,ji yuses a saiz.,Él usa una guadaña.
They mow the grass.,/ðeɪ moʊ ðə ɡræs/,dei mo de gras.,Ellos cortan el césped.
I have a spade.,/aɪ hæv ə speɪd/,ai jav a speid.,Tengo una pala.
You dig the garden.,/juː dɪɡ ðə ˈɡɑːrdən/,yu dig de garden.,Usted cava el jardín.
She uses a hoe.,/ʃiː ˈjuːzɪz ə hoʊ/,shi yuses a jo.,Ella usa un azada.
We hoe the dirt.,/wiː hoʊ ðə dɜːrt/,ui jo de dert.,Azadamos la tierra.
The weed is green.,/ðə wiːd ɪz ɡriːn/,de wid is grin.,La maleza es verde.
The watering can is full.,/ðə ˈwɔːtərɪŋ kæn ɪz fʊl/,de uatering can is ful.,La regadera está llena.
She waters the flowers.,/ʃiː ˈwɔːtərz ðə ˈflaʊərz/,shi uoters de flauers.,Ella riega las flores.
The watering is done.,/ðə ˈwɔːtərɪŋ ɪz dʌn/,de uatering is dan.,El riego está hecho.
He holds a pitchfork.,/hiː hoʊldz ə ˈpɪtʃfɔːrk/,ji jolds a pichfork.,Él sostiene un horca.
Use the rake.,/juːz ðə reɪk/,yus de reik.,Usa el rastrillo.
The fertilizer helps plants.,/ðə ˈfɜːrtəlaɪzər hɛlps plænts/,de fertilaiser jelps plants.,El fertilizante ayuda a las plantas.
We fertilize the farm.,/wiː ˈfɜːrtəlaɪz ðə fɑːrm/,ui fertilaise de farm.,Fertilizamos la granja.
The manure smells bad.,/ðə məˈnjʊr smɛlz bæd/,de maniur smels bad.,El estiércol huele mal.
The field is big.,/ðə fiːld ɪz bɪɡ/,de field is big.,El campo es grande.
The field is not big.,/ðə fiːld ɪz nɒt bɪɡ/,de field is not big.,El campo no es grande.
Is the field big?,/ɪz ðə fiːld bɪɡ/,is de field big?,¿Es grande el campo?
Which field is big?,/wɪtʃ fiːld ɪz bɪɡ/,wich field is big?,¿Qué campo es grande?
The field was big.,/ðə fiːld wɒz bɪɡ/,de field woz big.,El campo era grande.
A cow is in the meadow.,/ə kaʊ ɪz ɪn ðə ˈmɛdoʊ/,a kau is in de medou.,Una vaca está en el prado.
I like the vegetable garden.,/aɪ laɪk ðə ˈvɛdʒtəbəl ˈɡɑːrdən/,ai laik de vedchetabel gardn.,Me gusta el huerto.
He is in the orchard.,/hiː ɪz ɪn ðiː ˈɔːrtʃərd/,ji is in de orchard.,Él está en el huerto.
We can pasture the sheep.,/wiː kæn ˈpæstʃər ðə ʃiːp/,gui can pasteur de shiip.,Podemos pastar las ovejas.
The herdsman has a dog.,/ðə ˈhɜːrdzmən hæz ə dɔːɡ/,de jordsman jas a dog.,El pastor tiene un perro.
The herdsman does not have a dog.,/ðə ˈhɜːrdzmən dʌz nɒt hæv ə dɔːɡ/,de jordsman das not jav a dog.,El pastor no tiene un perro.
Does the herdsman have a dog?,/dʌz ðə ˈhɜːrdzmən hæv ə dɔːɡ/,das de jordsman jav a dog?,¿Tiene el pastor un perro?
Why does the herdsman have a dog?,/waɪ dʌz ðə ˈhɜːdzmən hæv ə dɒɡ/,wuai daz de jerdzman jav e dog?,¿Por qué el pastor tiene un perro?
The herdsman had a dog.,/ðə ˈhɜːrdzmən hæd ə dɔːɡ/,de jordsman jad a dog.,El pastor tenía un perro.
This is green pastureland.,/ðɪs ɪz ɡriːn ˈpæstʃərlænd/,dis is grin pastcherland.,Esto es pasto verde.
He does cattle breeding.,/hiː dʌz ˈkætl ˈbriːdɪŋ/,ji das catl bridin.,Él se dedica a la ganadería.
Sheep farming is hard work.,/ʃiːp ˈfɑːrmɪŋ ɪz hɑːrd wɜːrk/,shiip farmin is jard work.,La ganadería ovina es trabajo duro.
I see a big plantation.,/aɪ siː ə bɪɡ ˌplænˈteɪʃən/,ai si a big plenteishon.,Veo una plantación grande.
I do not see a big plantation.,/aɪ duː nɒt siː ə bɪɡ ˌplænˈteɪʃən/,ai du not si a big plenteishon.,No veo una plantación grande.
Do you see a big plantation?,/duː juː siː ə bɪɡ ˌplænˈteɪʃən/,du iu si a big plenteishon?,¿Ves una plantación grande?
Why do you see a big plantation?,/waɪ duː juː siː ə bɪɡ plɑːˈneɪʃən/,wuai du yu si e big planeishon?,¿Por qué ves una gran plantación?
I saw a big plantation.,/aɪ sɔː ə bɪɡ ˌplænˈteɪʃən/,ai so a big plenteishon.,Vi una plantación grande.
Look at this row.,/lʊk æt ðɪs roʊ/,luk at dis ro.,Mira esta hilera.
It is a hot hothouse.,/ɪt ɪz ə hɑːt ˈhɑːtˌhaʊs/,it is a jato jaojjaus.,Es un invernadero caliente.
The drought is bad.,/ðə draʊt ɪz bæd/,de draut is bad.,La sequía es mala.
It is very dry here.,/ɪt ɪz ˈvɛri draɪ hɪər/,it is beri drai jir.,Está muy seco aquí.
It is not very dry here.,/ɪt ɪz nɒt ˈvɛri draɪ hɪər/,it is not beri drai jir.,No está muy seco aquí.
Is it very dry here?,/ɪz ɪt ˈvɛri draɪ hɪər/,is it beri drai jir?,¿Está muy seco aquí?
When is it very dry here?,/wɛn ɪz ɪt ˈvɛri draɪ hɪər/,wen is it beri drai jir?,¿Cuándo está muy seco aquí?
It was very dry here.,/ɪt wɒz ˈvɛri draɪ hɪər/,it woz beri drai jir.,Estaba muy seco aquí.
The bird eats the grain.,/ðə bɜːrd iːts ðə ɡreɪn/,de birds its de rein.,El pájaro come el grano.
We grow cereal crops.,/wiː ɡroʊ ˈsɪriəl krɑːps/,gui gro siriol crops.,Cultivamos cereales.
They harvest the corn.,/ðeɪ ˈhɑːrvəst ðə kɔːrn/,dei jharvest de corn.,Ellos cosechan el maíz.
The miller is old.,/ðə ˈmɪlər ɪz oʊld/,de miler is old.,El molinero es viejo.
I see the mill.,/aɪ siː ðə mɪl/,ai si de mil.,Veo el molino.
We grind the wheat.,/wiː ɡraɪnd ðə wiːt/,gui grain de guit.,Molemos el trigo.
I need some flour.,/aɪ niːd sʌm ˈflaʊər/,ai nid som flauer.,Necesito un poco de harina.
The bed has straw.,/ðə bɛd hæz strɔː/,de bed jas estror.,La cama tiene paja.
This is a construction site.,/ðɪs ɪz ə kənˈstrʌkʃən saɪt/,dis is a constracshon sait.,Este es un terreno de construcción.
They build a house.,/ðeɪ bɪld ə haʊs/,dei bild a jaus.,Ellos construyen una casa.
He is a construction worker.,/hiː ɪz ə kənˈstrʌkʃən ˈwɜːrkər/,ji is a constracshon worker.,Él es un obrero de construcción.
It is a big project.,/ɪt ɪz ə bɪɡ ˈprɑːdʒekt/,it is a big proyect.,Es un gran proyecto.
She is an architect.,/ʃiː ɪz ən ˈɑːrkɪtekt/,shi is an arquitect.,Ella es arquitecta.
The worker is here.,/ðə ˈwɜːrkər ɪz hɪr/,de worker is jir.,El trabajador está aquí.
The foundation is big.,/ðə faʊnˈdeɪʃən ɪz bɪg/,de foundation is big.,Los cimientos son grandes.
The roof is red.,/ðə ruːf ɪz rɛd/,de roof is red.,El tejado es rojo.
This is a pile.,/ðɪs ɪz ə paɪl/,dis is a pail.,Este es un pilote.
The wall is white.,/ðə wɔːl ɪz waɪt/,de wall is uait.,La pared es blanca.
The bars are strong.,/ðə bɑːrz ɑːr strɒŋ/,de bars ar stron.,Las barras son fuertes.
The scaffolding is high.,/ðə ˈskæfoʊldɪŋ ɪz haɪ/,de scaffolding is jai.,El andamio es alto.
The concrete is hard.,/ðə ˈkɒnkriːt ɪz hɑːrd/,de concrete is jard.,El hormigón es duro.
This is granite.,/ðɪs ɪz ˈɡrænɪt/,dis is granite.,Esto es granito.
The stone is heavy.,/ðə stoʊn ɪz ˈhɛvi/,de stone is jevi.,La piedra es pesada.
This is a brick.,/ðɪs ɪz ə brɪk/,dis is a brik.,Este es un ladrillo.
The sand is dry.,/ðə sænd ɪz draɪ/,de sand is drai.,La arena está seca.
I need cement.,/aɪ niːd sɪˈmɛnt/,ai nid siment.,Necesito cemento.
The plaster is white.,/ðə ˈplæstər ɪz waɪt/,de plaster is uait.,El yeso es blanco.
I plaster the wall.,/aɪ ˈplæstər ðə wɔːl/,ai plaster de wall.,Enlucido la pared.
The paint is blue.,/ðə peɪnt ɪz bluː/,de paint is blu.,La pintura es azul.
I paint the wall.,/aɪ peɪnt ðə wɔːl/,ai paint de wall.,Pinto la pared.
The barrel is full.,/ðə ˈbærəl ɪz fʊl/,de barrel is ful.,El barril está lleno.
The crane is big.,/ðə kreɪn ɪz bɪg/,de crane is big.,La grúa es grande.
I lift the box.,/aɪ lɪft ðə bɑːks/,ai lift de boks.,Levanto la caja.
I lower the box.,/aɪ ˈloʊər ðə bɑːks/,ai lower de boks.,Bajo la caja.
The bulldozer is here.,/ðə ˈbʊldoʊzər ɪz hɪr/,de bulldozer is jir.,La bulldozer está aquí.
The excavator works.,/ðə ˈɛkskəveɪtər wɜːrks/,de excavador works.,La excavadora funciona.
This is a bucket.,/ðɪs ɪz ə ˈbʌkɪt/,dis is a bukit.,Este es un cubo.
I dig in the ground.,/aɪ dɪg ɪn ðə ɡraʊnd/,ai dig in de ground.,Cavo en el suelo.
The man wears a hard hat.,/ðə mæn wɛərz ə hɑːrd hæt/,de men werz a hard jat.,El hombre usa un casco duro.
I like to learn science.,/aɪ laɪk tuː lɜːrn saɪəns/,ai laik tu lern saians.,Me gusta aprender ciencias.
This is a scientific book.,/ðɪs ɪz ə saɪəntɪfɪk bʊk/,dis is a saiantifik buk.,Este es un libro científico.
She is a good scientist.,/ʃiː ɪz ə gʊd saɪəntɪst/,shi is a gud saiantist.,Ella es una buena científica.
It is just a theory.,/ɪt ɪz ʤʌst ə θɪəri/,it is yast a ziori.,Es solo una teoría.
This is a true axiom.,/ðɪs ɪz ə truː æksiəm/,dis is a tru aksiom.,Este es un axioma verdadero.
He reads the analysis.,/hiː riːdz ðiː əˈnæləsɪs/,ji rids de analisIs.,Él lee el análisis.
We analyze the data.,/wiː ˈænəlaɪz ðə ˈdeɪtə/,wi analaize de deita.,Nosotros analizamos los datos.
He makes a strong argument.,/hiː meɪks ə strɒŋ ˈɑːrgjʊmənt/,ji meiks a strong argyument.,Él hace un argumento fuerte.
This substance is hard.,/ðɪs ˈsʌbstəns ɪz hɑːrd/,dis sabstans is hard.,Esta sustancia es dura.
My hypothesis is good.,/maɪ haɪˈpɒθəsɪs ɪz gʊd/,mai jaipOsis is gud.,Mi hipótesis es buena.
It is a big dilemma.,/ɪt ɪz ə bɪg dɪˈlɛmə/,it is a big dilema.,Es un gran dilema.
She writes a dissertation.,/ʃiː raɪts ə dɪsərˈteɪʃən/,shi raits a disserteishon.,Ella escribe una tesis.
That is an old dogma.,/ðæt ɪz æn oʊld dɔːgmə/,dat is an old dogma.,Ese es un dogma antiguo.
We follow this doctrine.,/wiː ˈfɒloʊ ðɪs ˈdɒktrɪn/,wi folo dis doktrin.,Seguimos esta doctrina.
The research is fun.,/ðə ˈriːsɜːrtʃ ɪz fʌn/,de risarch is fan.,La investigación es divertida.
They do research here.,/ðeɪ duː ˈriːsɜːrtʃ hɪər/,dei du risarch jier.,Ellos hacen investigación aquí.
They do not do research here.,/ðeɪ duː nɒt duː ˈriːsɜːrtʃ hɪər/,dei du not du risarch jier.,Ellos no hacen investigación aquí.
Do they do research here?,/duː ðeɪ duː ˈriːsɜːrtʃ hɪər/,du dei du risarch jier?,¿Hacen ellos investigación aquí?
Why do they do research here?,/waɪ duː ðeɪ duː ˈriːsɜːrtʃ hɪər/,wai du dei du risarch jier?,¿Por qué hacen ellos investigación aquí?
They did research here.,/ðeɪ dɪd ˈriːsɜːrtʃ hɪər/,dei did risarch jier.,Ellos hicieron investigación aquí.
The testing is done.,/ðə ˈtɛstɪŋ ɪz dʌn/,de testIng is dan.,Las pruebas están hechas.
This is a laboratory.,/ðɪs ɪz ə ləˈbɒrətɔːri/,dis is a laboratori.,Este es un laboratorio.
Use a good method.,/juːz ə gʊd ˈmɛθəd/,yus a gud mezod.,Usa un buen método.
A molecule is small.,/ə ˈmɒlɪkjuːl ɪz smɔːl/,a molEkul is smol.,Una molécula es pequeña.
We need monitoring.,/wiː niːd ˈmɒnɪtərɪŋ/,wi nid monitorIng.,Necesitamos monitoreo.
It is a big discovery.,/ɪt ɪz ə bɪg dɪsˈkʌvəri/,it is a big discavery.,Es un gran descubrimiento.
The postulate is clear.,/ðə ˈpɒstʃələt ɪz klɪər/,de poschulat is cleric.,El postulado es claro.
This is a principle.,/ðɪs ɪz ə ˈprɪnsəpəl/,dis is a prInsipal.,Este es un principio.
The forecast says rain tomorrow.,/ðə fɔːkɑːst sɛz reɪn təˈmɒrəʊ/,de forkast sez rein tumerou.,El pronóstico dice que lloverá mañana.
She can prognosticate the weather.,/ʃiː kæn prɒɡˈnɒstɪkeɪt ðə ˈwɛðər/,shi kan prognostikeit de wedzer.,Ella puede predecir el tiempo.
The synthesis of ideas creates new things.,/ðə ˈsɪnθəsɪs ɒv aɪˈdɪəz kreɪts njuː θɪŋz/,de sinzisis ov aideiastseikts niu zings.,La síntesis de ideas crea cosas nuevas.
The trend shows growth.,/ðə trɛnd ʃoʊz ɡroʊθ/,de trend shouz grouz.,La tendencia muestra crecimiento.
The theorem is true.,/ðə ˈθɪərəm ɪz truː/,de zierom iz tru.,El teorema es verdadero.
The teachings help students learn.,/ðə ˈtiːtʃɪŋz hɛlp ˈstjuːdənts lɜːrn/,de tichings jelp studiants lern.,Las enseñanzas ayudan a los estudiantes a aprender.
The fact is clear.,/ðə fækt ɪz klɪr/,de fakt iz klir.,El hecho es claro.
The expedition goes to the mountain.,/ðə ˌɛkspəˈdɪʃən ɡoʊz tu ðə ˈmaʊntɪn/,de ekspedishon gouzu tu de mauntin.,La expedición va a la montaña.
The experiment shows the result.,/ðə ɪkˈspɛrɪmənt ʃoʊz ðə rɪˈzʌlt/,de eksperiment shouz de rizult.,El experimento muestra el resultado.
The academician works at the university.,/ðə əˌkædəˈmɪʃən wɜːrks æt ðə ˌjuːnɪˈvɜːrsɪti/,de akademishan werks at de iuniversiti.,El académico trabaja en la universidad.
She has a Bachelor degree.,/ʃiː hæz ə ˈbætʃələr dɪˈɡriː/,shi jaz a bacheror digri.,Ella tiene una licenciatura.
He has a Doctor degree.,/hiː hæz ə ˈdɒktər dɪˈɡriː/,ji jaz a dokter digri.,Él tiene un doctorado.
She is an Associate Professor.,/ʃiː ɪz ən əˈsoʊsiət prəˈfɛsər/,shi iz an asousiet profeser.,Ella es profesora asociada.
She has a Master degree.,/ʃiː hæz ə ˈmæstər dɪˈɡriː/,shi jaz a master digri.,Ella tiene una maestría.
He is a Professor at the university.,/hiː ɪz ə prəˈfɛsər æt ðə ˌjuːnɪˈvɜːrsɪti/,ji iz a profeser at de iuniversiti.,Él es profesor en la universidad.
She has a good job.,/ʃiː hæz ə ɡʊd dʒɒb/,shi jaz a gud job.,Ella tiene un buen trabajo.
She does not have a good job.,/ʃiː dʌz nɒt hæv ə ɡʊd dʒɒb/,shi das not jav a gud job.,Ella no tiene un buen trabajo.
Does she have a good job?,/dʌz ʃiː hæv ə ɡʊd dʒɒb/,das shi jav a gud job?,¿Tiene ella un buen trabajo?
Who has a good job?,/huː hæz ə ɡʊd dʒɒb/,ju jaz a gud job?,¿Quién tiene un buen trabajo?
She had a good job.,/ʃiː hæd ə ɡʊd dʒɒb/,shi jad a gud job.,Ella tenía un buen trabajo.
The staff works at the office.,/ðə stæf wɜːrks æt ðə ˈɒfɪs/,de staf werks at de ofis.,El personal trabaja en la oficina.
The personnel are trained well.,/ðə ˌpɜːrsəˈnel ɑːr treɪnd wɛl/,de personelt trein uel.,El personal está bien entrenado.
She has a long career.,/ʃiː hæz ə lɔːŋ kəˈrɪr/,shi jaz a long kierir.,Ella tiene una larga carrera.
She does not have a long career.,/ʃiː dʌz nɒt hæv ə lɔːŋ kəˈrɪr/,shi das not jav a long kierir.,Ella no tiene una larga carrera.
Does she have a long career?,/dʌz ʃiː hæv ə lɔːŋ kəˈrɪr/,das shi jav a long kierir?,¿Tiene ella una larga carrera?
How long is her career?,/haʊ lɔːŋ ɪz hɜːr kəˈrɪr/,jau long is jer kierir?,¿Cuánto tiempo tiene su carrera?
She had a long career.,/ʃiː hæd ə lɔːŋ kəˈrɪr/,shi jad a long kierir.,Ella tenía una larga carrera.
The job prospects are good.,/ðə dʒɒb ˈprɒspɛkts ɑːr ɡʊd/,de job prospekts ar gud.,Las perspectivas laborales son buenas.
She has strong skills.,/ʃiː hæz strɔːŋ skɪlz/,shi jaz strong skils.,Ella tiene habilidades fuertes.
She doesn't have strong skills.,/ʃiː ˈdʌznt hæv strɔːŋ skɪlz/,shi dasent jav strong skils.,Ella no tiene habilidades fuertes.
Does she have strong skills?,/dʌz ʃiː hæv strɔːŋ skɪlz/,das shi jav strong skils?,¿Ella tiene habilidades fuertes?
Why does she have strong skills?,/waɪ dʌz ʃiː hæv strɔːŋ skɪlz/,uai das shi jav strong skils?,¿Por qué ella tiene habilidades fuertes?
She had strong skills.,/ʃiː hæd strɔːŋ skɪlz/,shi jad strong skils.,Ella tenía habilidades fuertes.
The selection takes time.,/ðə səˈlɛkʃən teɪks taɪm/,de seleksion tseiks taim.,La selección lleva tiempo.
The employment agency helps people find work.,/ðə ɪmˈplɔɪmənt ˈeɪdʒənsi hɛlpz ˈpiːpəl faɪnd wɜːrk/,de employmint eidzensi jelpz pipel faind werk.,La agencia de empleo ayuda a las personas a encontrar trabajo.
She writes a new résumé.,/ʃiː raɪts ə njuː ˈrɛzəmeɪ/,shi raits a niu rezumei.,Ella escribe un nuevo currículum.
She has a job interview tomorrow.,/ʃiː hæz ə dʒɒb ˈɪntərvjuː təˈmɒrəʊ/,shi jaz a job interviyu tumerou.,Ella tiene una entrevista de trabajo mañana.
The job has a vacancy.,/ðə dʒɒb hæz ə ˈveɪkənsi/,de job jas a vekansi.,El trabajo tiene una vacante.
I get my salary today.,/aɪ ɡɛt maɪ ˈsæləri təˈdeɪ/,ai guet mai saleri tudei.,Recibo mi salario hoy.
He has a fixed salary.,/hiː hæz ə fɪkst ˈsæləri/,ji jas a fikst saleri.,Él tiene un salario fijo.
The pay is very good.,/ðə peɪ ɪz ˈvɛri ɡʊd/,de pei iz beri gud.,El pago es muy bueno.
The pay is not very good.,/ðə peɪ ɪz nɒt ˈvɛri ɡʊd/,de pei is not beri gud.,El pago no es muy bueno.
Is the pay very good?,/ɪz ðə peɪ ˈvɛri ɡʊd/,is de pei beri gud?,¿Es el pago muy bueno?
What is the pay?,/wɒt ɪz ðə peɪ/,guot is de pei?,¿Cuál es el pago?
The pay was very good.,/ðə peɪ wɒz ˈvɛri ɡʊd/,de pei uoz beri gud.,El pago era muy bueno.
She has a new position.,/ʃiː hæz ə njuː pəˈzɪʃən/,shi jas a niu posishon.,Ella tiene un nuevo puesto.
She doesn't have a new position.,/ʃiː ˈdʌznt hæv ə njuː pəˈzɪʃən/,shi dasent jav a niu posishon.,Ella no tiene un nuevo puesto.
Does she have a new position?,/dʌz ʃiː hæv ə njuː pəˈzɪʃən/,das shi jav a niu posishon?,¿Ella tiene un nuevo puesto?
Where is her new position?,/wɛə r ɪz hɜː njuː pəˈzɪʃən/,uer iz jer niu posishon?,¿Dónde está su nuevo puesto?
She had a new position.,/ʃiː hæd ə njuː pəˈzɪʃən/,shi jad a niu posishon.,Ella tenía un nuevo puesto.
It is my duty to help.,/ɪt ɪz maɪ ˈduːti tuː hɛlp/,it iz mai diuti tu jelp.,Es mi deber ayudar.
He has a big range of duties.,/hiː hæz ə bɪɡ reɪndʒ əv ˈduːtiz/,ji jas a big reinch ov diutis.,Él tiene una gran gama de deberes.
He does not have a big range of duties.,/hiː dʌz nɒt hæv ə bɪɡ reɪndʒ əv ˈduːtiz/,ji das not jav a big reinch ov diutis.,Él no tiene una gran gama de deberes.
Does he have a big range of duties?,/dʌz hiː hæv ə bɪɡ reɪndʒ əv ˈduːtiz/,das ji jav a big reinch ov diutis?,¿Tiene él una gran gama de deberes?
How big is his range of duties?,/haʊ bɪɡ ɪz hɪz reɪndʒ əv ˈduːtiz/,jau big is jis reinch ov diutis?,¿Qué tan grande es su gama de deberes?
He had a big range of duties.,/hiː hæd ə bɪɡ reɪndʒ əv ˈduːtiz/,ji jad a big reinch ov diutis.,Él tenía una gran gama de deberes.
I am busy at work.,/aɪ æm ˈbɪzi æt wɜːk/,ai am bisi at work.,Estoy ocupado en el trabajo.
They fire him today.,/ðeɪ faɪə hɪm təˈdeɪ/,dei faier jim tudei.,Lo despiden hoy.
The dismissal is very sad.,/ðə dɪsˈmɪsəl ɪz ˈvɛri sæd/,de dismisal iz beri sad.,El despido es muy triste.
Unemployment is a problem.,/ˌʌnɪmˈplɔɪmənt ɪz ə ˈprɒbləm/,anemploiment iz a problem.,El desempleo es un problema.
He is an unemployed man.,/hiː ɪz æn ˌʌnɪmˈplɔɪd mæn/,ji iz an anemploied man.,Él es un desempleado.
She likes her retirement.,/ʃiː laɪks hɜː rɪˈtaɪəmənt/,shi laiks jer retairement.,A ella le gusta su jubilación.
I want to retire soon.,/aɪ wɒnt tuː rɪˈtaɪə suːn/,ai uant tu retaire sun.,Quiero jubilarme pronto.
The director is here.,/ðə dɪˈrɛktə r daɪˈrɛktə ɪz hɪə/,de dairektor iz jia.,El director está aquí.
My manager is nice.,/maɪ ˈmænɪdʒə r ɪz naɪs/,mai manager iz nais.,Mi gerente es amable.
See the boss now.,/siː ðə bɒs naʊ/,si de bos nau.,Ve al jefe ahora.
He is my superior.,/hiː ɪz maɪ suːˈpɪəriə/,ji iz mai supirior.,Él es mi superior.
The president works hard.,/ðə ˈprɛzɪdənt wɜːks hɑːd/,de president works jard.,El presidente trabaja duro.
The chairman is old.,/ðə ˈʧɛəmən ɪz əʊld/,de chairman is old.,El presidente es viejo.
She is my deputy.,/ʃiː ɪz maɪ ˈdɛpjʊti/,shi iz mai depiuti.,Ella es mi suplente.
He is a good assistant.,/hiː ɪz ə ɡʊd əˈsɪstənt/,ji iz a gud asistant.,Él es un buen asistente.
The secretary is fast.,/ðə ˈsɛkrətəri ɪz fɑːst/,de sekretari iz fast.,La secretaria es rápida.
I need a personal assistant.,/aɪ niːd ə ˈpɜːsənəl əˈsɪstənt/,ai nid a personal asistant.,Necesito un asistente personal.
He is a busy businessman.,/hiː ɪz ə ˈbɪzi ˈbɪznɪsmæn/,ji iz a bisi bisnesman.,Él es un empresario ocupado.
He is an entrepreneur.,/hiː ɪz ən ˌɒntrəprəˈnɜː/,ji is an on-tre-pre-nur,Él es un emprendedor.
She is the founder.,/ʃiː ɪz ðə ˈfaʊndə/,shi is de faun-der,Ella es la fundadora.
They found a company.,/ðeɪ faʊnd ə ˈkʌmpəni/,dei faund a com-pa-ni,Ellos fundan una empresa.
He is an incorporator.,/hiː ɪz ən ɪnˈkɔːpəreɪtə/,ji is an in-kor-po-rei-ter,Él es un incorporador.
She is my partner.,/ʃiː ɪz maɪ ˈpɑːtnə/,shi is mai par-tn-er,Ella es mi socia.
He is a stockholder.,/hiː ɪz ə ˈstɒkhəʊldə/,ji is a stok-jol-der,Él es un accionista.
He is a millionaire.,/hiː ɪz ə ˌmɪljəˈneə/,ji is a mil-yon-air,Él es millonario.
She is a billionaire.,/ʃiː ɪz ə ˌbɪljəˈneə/,shi is a bil-yon-air,Ella es multimillonaria.
She is the owner.,/ʃiː ɪz ðə ˈəʊnə/,shi is de o-ner,Ella es la dueña.
He is a landowner.,/hiː ɪz ə ˈlændəʊnə/,ji is a lan-d-o-ner,Él es un terrateniente.
He is a client.,/hiː ɪz ə ˈklaɪənt/,ji is a klai-ant,Él es un cliente.
She is a regular client.,/ʃiː ɪz ə ˈrɛgjələ ˈklaɪənt/,shi is a re-gyu-lar klai-ant,Ella es una clienta habitual.
He is a buyer.,/hiː ɪz ə ˈbaɪə/,ji is a bai-er,Él es un comprador.
She is a visitor.,/ʃiː ɪz ə ˈvɪzɪtə/,shi is a vi-zi-tor,Ella es una visitante.
He is a professional.,/hiː ɪz ə prəˈfɛʃənl/,ji is a pro-fe-sio-nal,Él es un profesional.
She is an expert.,/ʃiː ɪz ən ˈɛkspɜːt/,shi is an ek-spert,Ella es una experta.
He is a specialist.,/hiː ɪz ə ˈspɛʃəlɪst/,ji is a spe-shia-list,Él es un especialista.
She is a banker.,/ʃiː ɪz ə ˈbæŋkə/,shi is a ben-ker,Ella es banquera.
He is a broker.,/hiː ɪz ə ˈbrəʊkə/,ji is a bro-ker,Él es un corredor.
She is a cashier.,/ʃiː ɪz ə kæˈʃɪə/,shi is a ca-shier,Ella es cajera.
He is an accountant.,/hiː ɪz ən əˈkaʊntənt/,ji is an a-caun-tant,Él es contador.
He is a security guard.,/hiː ɪz ə sɪˈkjʊərɪti ɡɑːd/,ji is a se-ciu-ri-ti gard,Él es un guardia de seguridad.
She is an investor.,/ʃiː ɪz ən ɪnˈvɛstə/,shi is an in-ves-tor,Ella es inversora.
He is a debtor.,/hiː ɪz ə ˈdɛtə/,ji is a de-ter,Él es un deudor.
She is a creditor.,/ʃiː ɪz ə ˈkrɛdɪtə/,shi is a cre-di-tor,Ella es una acreedora.
The borrower returns the book.,/ðə ˈbɒrəʊə rɪˈtɜːnz ðə bʊk/,de borouer riturns de buk.,El prestatario devuelve el libro.
The importer sells cars.,/ðɪ ɪmˈpɔːtə sɛlz kɑːz/,de importer selz cars.,El importador vende coches.
The exporter ships food.,/ðɪ ɛkˈspɔːtə ʃɪps fuːd/,de exporter ships fud.,El exportador envía comida.
The manufacturer makes toys.,/ðə ˌmænjʊˈfæktʃərə meɪks tɔɪz/,de manufacturer meiks tois.,El fabricante hace juguetes.
The distributor has water.,/ðə dɪsˈtrɪbjʊtə hæz ˈwɔːtə/,de distributor jaser uater.,El distribuidor tiene agua.
The distributor does not have water.,/ðə dɪsˈtrɪbjʊtə dʌz nɒt hæv ˈwɔːtə/,de distributor das not jav uater.,El distribuidor no tiene agua.
Does the distributor have water?,/dʌz ðə dɪsˈtrɪbjʊtə hæv ˈwɔːtə/,das de distributor jav uater?,¿Tiene agua el distribuidor?
Why does the distributor have water?,/waɪ dʌz ðə dɪˈstrɪbjʊtə hæv ˈwɔːtə/,wuai daz de distribiutor jav wuater?,¿Por qué el distribuidor tiene agua?
The distributor had water.,/ðə dɪsˈtrɪbjʊtə hæd ˈwɔːtə/,de distributor jad uater.,El distribuidor tenía agua.
The middleman helps us.,/ðə ˈmɪdəlmæn hɛlps ʌs/,de middleman jel pas as.,El intermediario nos ayuda.
The consultant talks a lot.,/ðə kənˈsʌltənt tɔːks ə lɒt/,de consultant talks a lot.,El consultor habla mucho.
The sales representative is here.,/ðə seɪlz ˌrɛprɪˈzɛntətɪv ɪz hɪə/,de sales representative is jier.,El representante de ventas está aquí.
The agent is nice.,/ðə ˈeɪdʒənt ɪz naɪs/,de agent is nais.,El agente es amable.
The insurance agent calls you.,/ðə ɪnˈʃʊərəns ˈeɪdʒənt kɔːlz juː/,de insurance agent cols yu.,El agente de seguros te llama.
The cook makes eggs.,/ðə kʊk meɪks ɛgz/,de cook meiks eggs.,El cocinero hace huevos.
The chef cooks meat.,/ðə ʃɛf kʊks miːt/,de shef cooks mit.,El chef cocina carne.
The baker bakes bread.,/ðə ˈbeɪkə beɪks brɛd/,de baker beiks bred.,El panadero hornea pan.
The bartender pours wine.,/ðə ˈbɑːtɛndə pɔːz waɪn/,de bartender pours uain.,El bartender sirve vino.
The waiter brings water.,/ðə ˈweɪtə brɪŋz ˈwɔːtə/,de waiter brins uater.,El camarero trae agua.
The waitress smiles.,/ðə ˈweɪtrəs smaɪlz/,de waitress smails.,La camarera sonríe.
The lawyer reads the paper.,/ðə ˈlɔːjə riːdz ðə ˈpeɪpə/,de laier rides de peiper.,El abogado lee el papel.
The lawyer knows the law.,/ðə ˈlɔːjə nəʊz ðə lɔː/,de laier nous de law.,El abogado conoce la ley.
The notary signs here.,/ðə ˈnəʊtəri saɪnz hɪə/,de notary sains jier.,El notario firma aquí.
The electrician fixes the light.,/ðɪ ɪˌlɛkˈtrɪʃən fɪksɪz ðə laɪt/,de electrician fixes de lait.,El electricista arregla la luz.
The plumber fixes the sink.,/ðə ˈplʌmə fɪksɪz ðə sɪŋk/,de plumber fixes de sink.,El fontanero arregla el fregadero.
The carpenter makes a table.,/ðə ˈkɑːpəntə meɪks ə ˈteɪbəl/,de carpenter meiks a teibol.,El carpintero hace una mesa.
The masseur helps my back.,/ðə ˈmæsɜː hɛlps maɪ bæk/,de masor jelps mai bak.,El masajista ayuda mi espalda.
The masseuse is kind.,/ðə mæˈsuːz ɪz kaɪnd/,de masus is kaind.,La masajista es amable.
The doctor sees patients.,/ðə ˈdɒktə siːz ˈpeɪʃənts/,de doctor sees patients.,El doctor ve a pacientes.
The taxi driver is here.,/ðə ˈtæksi ˈdraɪvər ɪz hɪə/,de taksi draiver is jir.,El taxista está aquí.
The driver is very good.,/ðə ˈdraɪvər ɪz ˈvɛri gʊd/,de draiver is beri gud.,El conductor es muy bueno.
The driver is not very good.,/ðə ˈdraɪvər ɪz nɒt ˈvɛri gʊd/,de draiver is not beri gud.,El conductor no es muy bueno.
Is the driver very good?,/ɪz ðə ˈdraɪvər ˈvɛri gʊd/,is de draiver beri gud?,¿Es muy bueno el conductor?
Which driver is very good?,/wɪtʃ ˈdraɪvər ɪz ˈvɛri ɡʊd/,guich draiver is beri gud?,¿Qué conductor es muy bueno?
The driver was very good.,/ðə ˈdraɪvər wɒz ˈvɛri ɡʊd/,de draiver uoz beri gud.,El conductor era muy bueno.
The delivery man is late.,/ðə dɪˈlɪvəri mæn ɪz leɪt/,de deliveri man is leit.,El repartidor está tarde.
The chambermaid cleans the room.,/ðə ˈtʃeɪmbərmeɪd kliːnz ðə ruːm/,de cheibermeid clins de rum.,La camarera limpia la habitación.
The security guard is tall.,/ðə sɪˈkjʊərəti gɑːrd ɪz tɔːl/,de security gard is tol.,El guardia de seguridad es alto.
The flight attendant is nice.,/ðə flaɪt əˈtɛndənt ɪz naɪs/,de flait atendant is nais.,El auxiliar de vuelo es amable.
The teacher is my friend.,/ðə ˈtiːtʃər ɪz maɪ frɛnd/,de ticher is main frend.,El profesor es mi amigo.
The librarian helps me.,/ðə laɪˈbrɛəriən hɛlps miː/,de laibrarian jelps mi.,El bibliotecario me ayuda.
The translator reads the book.,/ðə trænzˈleɪtər riːdz ðə bʊk/,de translator rids de buk.,El traductor lee el libro.
The interpreter speaks fast.,/ðə ɪnˈtɜːrprətər spiːks fæst/,de interpreter spiks fast.,El intérprete habla rápido.
The guide knows the city.,/ðə gaɪd noʊz ðə ˈsɪti/,de gaid noses de siti.,El guía conoce la ciudad.
The hairdresser cuts hair.,/ðə ˈhɛrdrɛsər kʌts hɛr/,de jairdreser cuts jer.,El peluquero corta el pelo.
The mailman has a bag.,/ðə ˈmeɪlmæn hæz æ bæg/,de meilman jas a bag.,El cartero tiene una bolsa.
The mailman doesn't have a bag.,/ðə ˈmeɪlmæn ˈdʌznt hæv æ bæg/,de meilman dasent jav a bag.,El cartero no tiene una bolsa.
Does the mailman have a bag?,/dʌz ðə ˈmeɪlmæn hæv æ bæg/,das de meilman jav a bag?,¿El cartero tiene una bolsa?
Why does the mailman have a bag?,/waɪ dʌz ðə ˈmeɪlmæn hæv ə bæɡ/,wuai daz de meilman jav e bag?,¿Por qué el cartero tiene una bolsa?
The mailman had a bag.,/ðə ˈmeɪlmæn hæd æ bæg/,de meilman jad a bag.,El cartero tenía una bolsa.
The salesman is busy.,/ðə ˈseɪlzmæn ɪz ˈbɪzi/,de seilzman is bisi.,El vendedor está ocupado.
The gardener loves flowers.,/ðə ˈgɑːrdənər lʌvz ˈflaʊərz/,de gardener lavs flauers.,El jardinero ama las flores.
The domestic servant works here.,/ðə dəˈmɛstɪk ˈsɜːrvənt wɜːrks hɪə/,de domestic survant works jir.,El sirviente doméstico trabaja aquí.
The maid cleans the house.,/ðə meɪd kliːnz ðə haʊs/,de meid clins de jaus.,La doncella limpia la casa.
The cleaner is happy.,/ðə ˈkliːnər ɪz ˈhæpi/,de cliner is japi.,El limpiador está feliz.
The private stands there.,/ðə ˈpraɪvət stændz ðɛr/,de praivit stands der.,El soldado está ahí.
The sergeant is strong.,/ðə ˈsɑːrdʒənt ɪz strɒŋ/,de sargant is strong.,El sargento es fuerte.
The lieutenant is young.,/ðə luːˈtɛnənt ɪz jʌŋ/,de lutenant is yang.,El teniente es joven.
The captain leads us.,/ðə ˈkæptɪn liːdz ʌs/,de kaptein lidas as.,El capitán nos dirige.
The major is smart.,/ðə ˈmeɪdʒər ɪz smɑːrt/,de meiyor is smart.,El mayor es inteligente.
The colonel is old.,/ðə ˈkɜːrnl ɪz oʊld/,de kernel is old.,El coronel es viejo.
The general commands the army.,/ðə ˈdʒɛnərəl kəˈmændz ði ˈɑːrmi/,de yeneral commands de armi.,El general comanda el ejército.
The marshal leads the army.,/ðə ˈmɑːʃəl liːdz ðə ˈɑːrmi/,de marshal lids de armi.,El mariscal lidera al ejército.
The admiral commands the navy.,/ðə ˈædmərəl kəˈmændz ðə ˈneɪvi/,de admiral komand de neivi.,El almirante dirige la marina.
The military man wears a uniform.,/ðə ˈmɪlɪteri mən wɛrz ə ˈjuːnɪfɔːrm/,de militeri man uers a uniform.,El militar lleva un uniforme.
The soldier carries a rifle.,/ðə ˈsoʊldʒər ˈkæriz ə ˈraɪfəl/,de soldyer kariz a raifel.,El soldado lleva un rifle.
The officer gives orders.,/ðə ˈɒfɪsər gɪvz ˈɔːrdərz/,de ofiser givs ordenrs.,El oficial da órdenes.
The commander directs the troops.,/ðə kəˈmændər dəˈrɛkts ðə truːps/,de komander direkt de trups.,El comandante dirige a las tropas.
The border guard protects the border.,/ðə ˈbɔːrdər ɡɑːrd prəˈtɛkts ðə ˈbɔːrdər/,de bordel gard protekts de bordel.,El guardia fronterizo protege la frontera.
The radio operator sends messages.,/ðə ˈreɪdioʊ ˈɒpəreɪtər sɛndz ˈmɛsɪdʒɪz/,de radio operator sendz mesiyiz.,El operador de radio envía mensajes.
The scout explores the area.,/ðə skaʊt ɪkˈsplɔrz ðə ˈɛriə/,de skaut eksplors de eria.,El explorador explora la zona.
The pioneer clears the path.,/ðə ˌpaɪəˈnɪr klɪrz ðə pæθ/,de pionir klirs de paz.,El pionero despeja el camino.
The marksman shoots the target.,/ðə ˈmɑːrksmən ʃuːts ðə ˈtɑːrɡɪt/,de marksman shuts de targuett.,El tirador dispara al blanco.
The navigator finds the way.,/ðə ˈnævɪɡeɪtər faɪndz ðə weɪ/,de navigator fainds de uei.,El navegante encuentra el camino.
The king sits on the throne.,/ðə kɪŋ sɪts ɒn ðə θroʊn/,de king sits on de zron.,El rey se sienta en el trono.
The queen rules the kingdom.,/ðə kwiːn ruːlz ðə ˈkɪŋdəm/,de kuine ruls de kingdem.,La reina gobierna el reino.
The prince studies every day.,/ðə prɪns ˈstʌdiz ˈɛvri deɪ/,de prins studiz evri dei.,El príncipe estudia cada día.
The princess dances gracefully.,/ðə ˈprɪnsɛs ˈdænsɪz ˈɡreɪsfəli/,de princess dansiz greisfulee.,La princesa baila con gracia.
The tsar rules the empire.,/ðə zɑːr ruːlz ðə ˈɛmpaɪər/,de zar ruls de empairer.,El zar gobierna el imperio.
The czarina leads Russia.,/ðə zɑːˈriːnə liːdz ˈrʌʃə/,de zarina lids rusha.,La zarina lidera Rusia.
The president leads the country.,/ðə ˈprɛzɪdənt liːdz ðə ˈkʌntri/,de president lids de kontri.,El presidente lidera el país.
The secretary writes important letters.,/ðə ˈsɛkrəteri raɪts ɪmˈpɔːrtənt ˈlɛtərz/,de sekreteri raits importent leterz.,El secretario escribe cartas importantes.
The prime minister governs the nation.,/ðə praɪm ˈmɪnɪstər ˈɡʌvərnz ðə ˈneɪʃən/,de praim minister governz de neishon.,El primer ministro gobierna la nación.
The senator makes laws.,/ðə ˈsɛnətər meɪks lɔːz/,de senator meiks los.,El senador crea leyes.
The diplomat represents his country.,/ðə ˈdɪpləmæt ˌrɛprɪˈzɛnts hɪz ˈkʌntri/,de diplomat represents his kontri.,El diplomático representa a su país.
The consul helps citizens abroad.,/ðə ˈkɑːnsəl hɛlps ˈsɪtɪzənz əˈbrɔːd/,de konsul helpz sitizens abrod.,El cónsul ayuda a los ciudadanos en el extranjero.
The ambassador speaks for his nation.,/ðə æmˈbæsədər spiːks fɔːr hɪz ˈneɪʃən/,de ambassador spiks for his neishon.,El embajador habla en nombre de su nación.
The advisor helps the army.,/ðə ədˈvaɪzər hɛlps ðə ˈɑːrmi/,de advaizer jelps de ar-mi.,El asesor ayuda al ejército.
The official works here.,/ðə əˈfɪʃəl wɜːrks hɪər/,de ofishol works jier.,El funcionario trabaja aquí.
The prefect leads the group.,/ðə ˈpriːfɛkt liːdz ðə ɡruːp/,de prefect lids de grup.,El prefecto dirige el grupo.
The mayor is nice.,/ðə ˈmeɪər ɪz naɪs/,de meior is nais.,El alcalde es agradable.
The judge is old.,/ðə ʤʌʤ ɪz oʊld/,de yach is old.,El juez es viejo.
The attorney reads the file.,/ðə əˈtɜːrni riːdz ðə faɪl/,de atorni rids de fail.,El fiscal lee el archivo.
The missionary is kind.,/ðə ˈmɪʃənɛri ɪz kaɪnd/,de misioneri is kaind.,El misionero es amable.
The monk prays often.,/ðə mʌŋk preɪz ˈɔːfən/,de monk preis ofon.,El monje reza a menudo.
The abbot is wise.,/ðə ˈæbət ɪz waɪz/,de abat is wais.,El abad es sabio.
The rabbi speaks now.,/ðə ˈræbaɪ spiːks naʊ/,de rabi spiks nau.,El rabino habla ahora.
The vizier sits down.,/ðə vɪˈzɪər sɪts daʊn/,de vizier sits daun.,El visir se sienta.
The shah is rich.,/ðə ʃɑː ɪz rɪʧ/,de shah is rich.,El sah es rico.
The sheikh has power.,/ðə ʃeɪk hæz ˈpaʊər/,de sheik has pauer.,El jeque tiene poder.
The beekeeper likes honey.,/ðə ˈbiːkiːpər laɪks ˈhʌni/,de biki-per laiks jani.,El apicultor le gusta la miel.
The shepherd has sheep.,/ðə ˈʃɛpərd hæz ʃiːp/,de sheperd has shiip.,El pastor tiene ovejas.
The agronomist studies the farm.,/ðə əˈɡrɑnəmɪst ˈstʌdiz ðə fɑːrm/,de agronomist stadies de farm.,El agrónomo estudia la granja.
The breeder feeds the cows.,/ðə ˈbriːdər fiːdz ðə kaʊz/,de breder fids de kaus.,El criador alimenta a las vacas.
The veterinarian helps the dog.,/ðə ˌvɛtərəˈnɛriən hɛlps ðə dɔːɡ/,de veterinerian jelps de dog.,El veterinario ayuda al perro.
The farmer grows food.,/ðə ˈfɑːrmər ɡroʊz fuːd/,de farmer groz fud.,El agricultor cultiva comida.
The winemaker makes red wine.,/ðə ˈwaɪnmeɪkər meɪks rɛd waɪn/,de winmeiker meiks red wain.,El viticultor hace vino tinto.
The zoologist loves animals.,/ðə zoʊˈɑlədʒɪst lʌvz ˈænəməlz/,de zoologost lavs animals.,El zoólogo ama a los animales.
The cowboy rides fast.,/ðə ˈkaʊbɔɪ raɪds fæst/,de kauboi raids fast.,El vaquero monta rápido.
The actor is on stage.,/ðə ˈæktər ɪz ɒn steɪʤ/,de actor is on steich.,El actor está en el escenario.
The actress is happy.,/ðə ˈæktrəs ɪz ˈhæpi/,de aktris is japi.,La actriz está feliz.
The singer has a voice.,/ðə ˈsɪŋər hæz ə vɔɪs/,de singer has a vois.,El cantante tiene una voz.
She is a singer.,/ʃiː ɪz ə ˈsɪŋər/,shi is a singer,Ella es cantante.
He is a dancer.,/hiː ɪz ə ˈdænsər/,ji is a dancer,Él es bailarín.
She is a dancer.,/ʃiː ɪz ə ˈdænsər/,shi is a dancer,Ella es bailarina.
He is a performing artist.,/hiː ɪz ə pərˈfɔːrmɪŋ ˈɑːrtɪst/,ji is a performing artist,Él es artista escénico.
She is a performing artist.,/ʃiː ɪz ə pərˈfɔːrmɪŋ ˈɑːrtɪst/,shi is a performing artist,Ella es artista escénica.
He is a musician.,/hiː ɪz ə mjʊˈzɪʃən/,ji is a musician,Él es músico.
She is a pianist.,/ʃiː ɪz ə ˈpiːənɪst/,shi is a pianist,Ella es pianista.
He is a guitar player.,/hiː ɪz ə ɡɪˈtɑːr ˈpleɪər/,ji is a guitar player,Él es guitarrista.
He is a conductor.,/hiː ɪz ə kənˈdʌktər/,ji is a conductor,Él es director de orquesta.
She is a composer.,/ʃiː ɪz ə kəmˈpoʊzər/,shi is a composer,Ella es compositora.
He is an impresario.,/hiː ɪz ən ˌɪmprəˈsɑːrioʊ/,ji is an impresario,Él es empresario teatral.
She is a movie director.,/ʃiː ɪz ə ˈmuːvi dəˈrɛktər/,shi is a movie director,Ella es directora de cine.
He is a producer.,/hiː ɪz ə prəˈdjuːsər/,ji is a producer,Él es productor.
She is a scriptwriter.,/ʃiː ɪz ə ˈskrɪpt raɪtər/,shi is a scriptwriter,Ella es escritora de guiones.
He is a critic.,/hiː ɪz ə ˈkrɪtɪk/,ji is a critic,Él es crítico.
She is a writer.,/ʃiː ɪz ə ˈraɪtər/,shi is a writer,Ella es escritora.
He is a poet.,/hiː ɪz ə ˈpoʊət/,ji is a poet,Él es poeta.
She is a sculptor.,/ʃiː ɪz ə ˈskʌlptər/,shi is a sculptor,Ella es escultora.
He is an artist.,/hiː ɪz ən ˈɑːrtɪst/,ji is an artist,Él es artista.
She is a juggler.,/ʃiː ɪz ə ˈdʒʌɡlər/,shi is a juggler,Ella es malabarista.
He is a clown.,/hiː ɪz ə klaʊn/,ji is a clown,Él es payaso.
She is an acrobat.,/ʃiː ɪz ən ˈækrəbæt/,shi is an acrobat,Ella es acrobata.
He is a magician.,/hiː ɪz ə məˈdʒɪʃən/,ji is a magician,Él es mago.
She is an acrobat.,/ʃiː ɪz ən ˈækrəbæt/,shi is an acrobat,Ella es acrobata.
He is a magician.,/hiː ɪz ə məˈdʒɪʃən/,ji is a magician,Él es mago.
The doctor helps sick people.,/ðə ˈdɒktə hɛlps sɪk ˈpiːpl/,de doctor helps sik pipol.,El médico ayuda a las personas enfermas.
The nurse is very kind.,/ðə nɜːs ɪz ˈvɛri kaɪnd/,de nurs is veri caind.,La enfermera es muy amable.
He talks to the psychiatrist.,/hiː tɔːks tuː ðə saɪˈkaɪətrɪst/,ji talks tu de saikaïatrist.,Él habla con el psiquiatra.
The dentist fixes my teeth.,/ðə ˈdɛntɪst fɪks maɪ tiːθ/,de dentist fiks mai tiiz.,El dentista arregla mis dientes.
The surgeon is in the room.,/ðə ˈsɜːdʒən ɪz ɪn ðə ruːm/,de surdyon is in de rum.,El cirujano está en la habitación.
The astronaut goes to space.,/ðiː ˈæstrənɔːt gəʊz tuː speɪs/,de astronaut gos tu speis.,El astronauta va al espacio.
The astronomer looks at stars.,/ðiː əˈstrɒnəmə lʊks æt stɑːz/,de astronomer luks at stars.,El astrónomo mira las estrellas.
The pilot flies the plane.,/ðə ˈpaɪlət flaɪz ðə pleɪn/,de pilot flaiz de plein.,El pilota vuela el avión.
The driver stops the car.,/ðə ˈdraɪvə stɒps ðə kɑː/,de driver stops de car.,El conductor para el coche.
The engineer drives the train.,/ðiː ˌɛndʒɪˈnɪə draɪvz ðə treɪn/,de endyinyer drives de trein.,El maquinista conduce el tren.
The mechanic fixes cars.,/ðə mɪˈkænɪk fɪks kɑːz/,de mecanic fiks cars.,El mecánico arregla coches.
The miner digs for gold.,/ðə ˈmaɪnə dɪgz fɔː gəʊld/,de miner digs forgold.,El minero cava oro.
The worker is very busy.,/ðə ˈwɜːkə ɪz ˈvɛri ˈbɪzi/,de worker is veri bisi.,El trabajador está muy ocupado.
The metalworker makes tools.,/ðə ˈmɛtlˌwɜːkə meɪks tuːlz/,de metalworker meiks tuls.,El metalúrgico hace herramientas.
The joiner makes a table.,/ðə ˈdʒɔɪnə meɪks ə ˈteɪbl/,de dyoiner meiks a teibol.,El carpintero hace una mesa.
The turner makes a cup.,/ðə ˈtɜːnə meɪks ə kʌp/,de turner meiks a cap.,El tornero hace una taza.
The construction worker builds houses.,/ðə kənˈstrʌkʃən ˈwɜːkə bɪldz ˈhaʊzɪz/,de constraction worker bilds jausis.,El trabajador de la construcción construye casas.
The welder fixes the gate.,/ðə ˈwɛldə fɪks ðə geɪt/,de welder fiks de geit.,El soldador arregla la puerta.
The professor reads a book.,/ðə prəˈfɛsə riːdz ə bʊk/,de profesord rids a buk.,El profesor lee un libro.
The architect draws plans.,/ðiː ˈɑːkɪtɛkt drɔːz plænz/,de architect drous plans.,El arquitecto dibuja planos.
The historian studies the past.,/ðə hɪˈstɔːriən ˈstʌdiz ðə pɑːst/,de historian studies de past.,El historiador estudia el pasado.
The scientist does a test.,/ðə ˈsaɪəntɪst dʌz ə tɛst/,de saientist dus a test.,El científico hace una prueba.
The physicist likes math.,/ðə ˈfɪzɪsɪst laɪks mæθ/,de fisicist laiks mas.,El físico gusta de las matemáticas.
The chemist mixes liquids.,/ðə ˈkɛmɪst mɪksɪz ˈlɪkwɪdz/,de kemist mixes liquids.,El químico mezcla líquidos.
The archeologist digs in the ground.,/ðiː ˌɑːkiːˈɒlədʒɪst dɪgz ɪn ðə graʊnd/,de arqueologist digs in de graund.,El arqueólogo cava en el suelo.
The geologist looks at rocks.,/ðə dʒiˈɒlədʒɪst lʊks æt rɒks/,de yioloyist luks at roks.,El geólogo mira las rocas.
The researcher reads a book.,/ðə rɪˈsɜːtʃə riːdz ə bʊk/,de risercher rids a buk.,El investigador lee un libro.
The babysitter plays with the boy.,/ðə ˈbeɪbiˌsɪtə pleɪz wɪð ðə bɔɪ/,de beibisiter plays wid de boi.,La niñera juega con el niño.
The teacher is in the class.,/ðə ˈtiːtʃə rɪz ɪn ðə klɑːs/,de ticher is in de clas.,El profesor está en la clase.
The editor works here.,/ðə ˈɛdɪtə wɜːks hɪə/,de editor werks jier.,El editor trabaja aquí.
The editor-in-chief is busy.,/ðə ˈɛdɪtər ɪn tʃiːf ɪz ˈbɪzi/,de editor in chief is bisi.,El editor en jefe está ocupado.
The correspondent writes a letter.,/ðə ˌkɒrɪˈspɒndənt raɪts ə ˈlɛtə/,de corispondent raits a leter.,El corresponsal escribe una carta.
The typist types fast.,/ðə ˈtaɪpɪst taɪps fɑːst/,de taipist taips fast.,La mecanógrafa escribe rápido.
The designer draws a picture.,/ðə dɪˈzaɪnə drɔːz ə ˈpɪktʃə/,de disainer draws a piction,El diseñador dibuja un cuadro.
The computer expert fixes the PC.,/ðə kəmˈpjuːtər ˈɛkspɜːt fɪksɪz ðə piːsiː/,de compiuter expert fixes de pi-si.,El experto en computadoras arregla la PC.
The programmer writes code.,/ðə ˈprəʊɡræmə raɪts kəʊd/,de programer raits cod.,El programador escribe código.
The engineer is smart.,/ðə ˌɛndʒɪˈnɪər ɪz smɑːt/,de enyiniir is smart.,El ingeniero es inteligente.
The sailor loves the sea.,/ðə ˈseɪlə lʌvz ðə siː/,de seiler loves de si.,El marinero ama el mar.
The seaman works on the boat.,/ðə ˈsiːmən wɜːks ɒn ðə bəʊt/,de siman werks on de bout.,El marinero trabaja en el barco.
The rescuer helps the people.,/ðə ˈrɛskjuːə hɛlps ðə ˈpiːpl/,de reskiuer helps de pipol.,El rescatador ayuda a las personas.
The fireman is brave.,/ðə ˈfaɪəmən ɪz breɪv/,de faierman is breiv.,El bombero es valiente.
The policeman stops the car.,/ðə pəˈliːsmən stɒps ðə kɑː/,de polisman stops de car.,El policía detiene el auto.
The watchman sees the door.,/ðə ˈwɒtʃmən siːz ðə dɔː/,de guochman sees de dor.,El guardián ve la puerta.
The detective finds the clue.,/ðə dɪˈtɛktɪv faɪndz ðə kluː/,de detectiv finds de clu.,El detective encuentra la pista.
The customs officer checks the bag.,/ðə ˈkʌstəmz ˈɒfɪsə tʃɛks ðə bæɡ/,de custams ofiser checks de bag.,El oficial de aduanas revisa la bolsa.
The bodyguard stands there.,/ðə ˈbɒdiɡɑːd stændz ðeə/,de bodigard stands der.,El guardaespaldas se para allí.
The prison guard locks the gate.,/ðə ˈprɪzən ɡɑːd lɒks ðə ɡeɪt/,de prizon gard locks de geit.,El guardia de la prisión cierra la puerta.
The inspector looks at the car.,/ðə ɪnˈspɛktə lʊks æt ðə kɑː/,de inspector luks at de car.,El inspector mira el auto.
The sportsman runs fast.,/ðə ˈspɔːtsmən rʌnz fɑːst/,de sportsman runs fast.,El deportista corre rápido.
The trainer helps the team.,/ðə ˈtreɪnə hɛlps ðə tiːm/,de treiner helps de tim.,El entrenador ayuda al equipo.
The butcher cuts the meat.,/ðə ˈbʊtʃə kʌts ðə miːt/,de buter cats de mit.,El carnicero corta la carne.
The cobbler fixes my shoe.,/ðə ˈkɒblə fɪks maɪ ʃuː/,de cobler fixes mai shu.,El zapatero arregla mi zapato.
The merchant sells many things.,/ðə ˈmɜːtʃənt sɛlz ˈmɛni θɪŋz/,de merchant sells mani zings.,El comerciante vende muchas cosas.
The loader works at the dock.,/ðə ˈləʊdə wɜːks æt ðə dɒk/,de loder works at de dok.,El cargador trabaja en el muelle.
The fashion designer makes a dress.,/ðə ˈfæʃən dɪˈzaɪnə meɪks ə drɛs/,de fashion designer meiks a dres.,El diseñador de moda hace un vestido.
The model is very tall.,/ðə ˈmɒdəl ɪz ˈvɛri tɔːl/,de model is beri tol.,La modelo es muy alta.
The schoolboy reads a book.,/ðə ˈskuːlbɔɪ riːdz ə bʊk/,de schoolboy rids a buk.,El estudiante lee un libro.
The student studies English.,/ðə ˈstjuːdənt ˈstʌdiz ˈɪŋɡlɪʃ/,de student studis inglish.,El estudiante estudia inglés.
The philosopher thinks a lot.,/ðə fɪˈlɒsəfə θɪŋks ə lɒt/,de philosopher zinks a lot.,El filósofo piensa mucho.
The economist likes money.,/ðə ɪˈkɒnəmɪst laɪks ˈmʌni/,de economist laiks mani.,El economista le gusta el dinero.
The inventor makes a new car.,/ðə ɪnˈvɛntə meɪks ə njuː kɑː/,de inventor meiks a niu kar.,El inventor hace un auto nuevo.
The unemployed man looks for work.,/ðə ˌʌnɪmˈplɔɪd mæn lʊks fɔː wɜːk/,de unemployed man luks for work.,El hombre desempleado busca trabajo.
The retiree is happy.,/ðə rɪˌtaɪəˈriː ɪz ˈhæpi/,de retiree is japi.,El jubilado está feliz.
The spy is quiet.,/ðə spaɪ ɪz ˈkwaɪət/,de spy is kuaiet.,El espía es callado.
The prisoner is in the jail.,/ðə ˈprɪzənə ɪz ɪn ðə dʒeɪl/,de prisoner is in de yeil.,El prisionero está en la cárcel.
The striker stands outside.,/ðə ˈstraɪkə stændz ˌaʊtˈsaɪd/,de striker stans autsaid.,El huelguista está afuera.
The bureaucrat works in an office.,/ðə ˈbjʊərəkræt wɜːks ɪn ən ˈɒfɪs/,de bureaucrat works in an ofis.,El burócrata trabaja en una oficina.
The traveler goes to the city.,/ðə ˈtrævələ gəʊz tuː ðə ˈsɪti/,de traveler goes tu de siti.,El viajero va a la ciudad.
The homosexual is my friend.,/ðə ˌhəʊməʊˈsɛkʃuəl ɪz maɪ frɛnd/,de homosexual is mai frend.,El homosexual es mi amigo.
The hacker uses a computer.,/ðə ˈhækə juːzɪz ə kəmˈpjuːtə/,de hacker yuses a computer.,El hacker usa una computadora.
The hippie has long hair.,/ðə ˈhɪpi hæz lɒŋ hɛə/,de hippie jas long jer.,El hippie tiene el pelo largo.
The hippie doesn't have long hair.,/ðə ˈhɪpi dʌznt hæv lɒŋ hɛə/,de hippie dasent jav long jer.,El hippie no tiene el pelo largo.
Does the hippie have long hair?,/dʌz ðə ˈhɪpi hæv lɒŋ hɛə/,das de hippie jav long jer?,¿El hippie tiene el pelo largo?
Where is the hippie with long hair?,/weər ɪz ðə ˈhɪpi wɪð lɒŋ hɛə/,guer is de hippie wiz long jer?,¿Dónde está el hippie con el pelo largo?
The hippie had long hair.,/ðə ˈhɪpi hæd lɒŋ hɛə/,de hippie jad long jer.,El hippie tenía el pelo largo.
The bandit runs away.,/ðə ˈbændɪt rʌnz əˈweɪ/,de bandit ran awuei.,El bandido huye.
The hit man is bad.,/ðə hɪt mæn ɪz bæd/,de hit man is bad.,El asesino a sueldo es malo.
The drug addict needs help.,/ðə drʌg ˈædɪkt niːdz hɛlp/,de drug addict nidz jelp.,El adicto a las drogas necesita ayuda.
The drug dealer sells drugs.,/ðə drʌg ˈdiːlə sɛlz drʌgz/,de drug dealer sells drags.,El narcotraficante vende drogas.
She is a prostitute.,/ʃiː ɪz ə ˈprɒstɪtjuːt/,shi is a prosti-tut.,Ella es una prostituta.
He is a pimp.,/hiː ɪz ə pɪmp/,ji is a pimp.,Él es un proxeneta.
He is a sorcerer.,/hiː ɪz ə ˈsɔːsərər/,ji is a sor-ser-er.,Él es un hechicero.
She is a sorceress.,/ʃiː ɪz ə ˈsɔːsərəs/,shi is a sor-ser-es.,Ella es una hechicera.
He is a pirate.,/hiː ɪz ə ˈpaɪərət/,ji is a pai-rat.,Él es un pirata.
He is a slave.,/hiː ɪz ə sleɪv/,ji is a sleiv.,Él es un esclavo.
He is a samurai.,/hiː ɪz ə ˈsæmʊraɪ/,ji is a samu-rai.,Él es un samurái.
He is a savage.,/hiː ɪz ə ˈsævɪdʒ/,ji is a sa-vich.,Él es un salvaje.
He is a sportsman.,/hiː ɪz ə ˈspɔːtsmən/,ji is a spords-man.,Él es un deportista.
It is a kind of sports.,/ɪt ɪz ə kaɪnd ɒv spɔːts/,it is a maind of sports.,Es un tipo de deporte.
I like basketball.,/aɪ laɪk ˈbɑːskɪtbɔːl/,ai laik bas-ket-bol.,Me gusta el baloncesto.
I don't like basketball.,/aɪ dəʊnt laɪk ˈbɑːskɪtbɔːl/,ai dont laik bas-ket-bol.,No me gusta el baloncesto.
Do you like basketball?,/duː juː laɪk ˈbɑːskɪtbɔːl/,du yu laik bas-ket-bol?,¿Te gusta el baloncesto?
Why do you like basketball?,/waɪ duː juː laɪk ˈbɑːskɪtbɔːl/,guai du yu laik bas-ket-bol?,¿Por qué te gusta el baloncesto?
I liked basketball.,/aɪ laɪkt ˈbɑːskɪtbɔːl/,ai laikt bas-ket-bol.,Me gustaba el baloncesto.
He is a basketball player.,/hiː ɪz ə ˈbɑːskɪtbɔːl pleɪər/,ji is a bas-ket-bol ple-ier.,Él es un jugador de baloncesto.
I like baseball.,/aɪ laɪk ˈbeɪsbɔːl/,ai laik beis-bol.,Me gusta el béisbol.
I don't like baseball.,/aɪ dəʊnt laɪk ˈbeɪsbɔːl/,ai dont laik beis-bol.,No me gusta el béisbol.
Do you like baseball?,/duː juː laɪk ˈbeɪsbɔːl/,du yu laik beis-bol?,¿Te gusta el béisbol?
Which baseball team do you like?,/wɪtʃ ˈbeɪsbɔːl tiːm duː juː laɪk/,guich beis-bol tim du yu laik?,¿Qué equipo de béisbol te gusta?
I liked baseball.,/aɪ laɪkt ˈbeɪsbɔːl/,ai laikt beis-bol.,Me gustaba el béisbol.
He is a baseball player.,/hiː ɪz ə ˈbeɪsbɔːl pleɪər/,ji is a beis-bol ple-ier.,Él es un jugador de béisbol.
I like soccer.,/aɪ laɪk ˈsɒkər/,ai laik so-ker.,Me gusta el fútbol.
I don't like soccer.,/aɪ dəʊnt laɪk ˈsɒkər/,ai dont laik so-ker.,No me gusta el fútbol.
Do you like soccer?,/duː juː laɪk ˈsɒkər/,du iu laik so-ker?,¿Te gusta el fútbol?
How often do you play soccer?,/haʊ ˈɒfən duː juː pleɪ ˈsɒkər/,jau ofen du iu plei so-ker?,¿Con qué frecuencia juegas fútbol?
I liked soccer.,/aɪ laɪkt ˈsɒkər/,ai laikt so-ker.,Me gustaba el fútbol.
He is a soccer player.,/hiː ɪz ə ˈsɒkər pleɪər/,ji is a so-ker ple-ier.,Él es un jugador de fútbol.
He is a goalkeeper.,/hiː ɪz ə ˈgəʊlkiːpər/,ji is a goul-ki-per.,Él es un portero.
I like hockey.,/aɪ laɪk ˈhɒki/,ai laik jo-ki.,Me gusta el hockey.
I don't like hockey.,/aɪ dəʊnt laɪk ˈhɒki/,ai dont laik jo-ki.,No me gusta el hockey.
Do you like hockey?,/duː juː laɪk ˈhɒki/,du iu laik jo-ki?,¿Te gusta el hockey?
Why do you like hockey?,/waɪ duː juː laɪk ˈhɒki/,uai du iu laik jo-ki?,¿Por qué te gusta el hockey?
I liked hockey.,/aɪ laɪkt ˈhɒki/,ai laikt jo-ki.,Me gustaba el hockey.
He is a hockey player.,/hiː ɪz ə ˈhɒki pleɪər/,ji is a jo-ki ple-ier.,Él es un jugador de hockey.
I like volleyball.,/aɪ laɪk ˈvɒlibɔːl/,ai laik vo-lei-bol.,Me gusta el voleibol.
I don't like volleyball.,/aɪ dəʊnt laɪk ˈvɒlibɔːl/,ai dont laik vo-lei-bol.,No me gusta el voleibol.
Do you like volleyball?,/duː juː laɪk ˈvɒlibɔːl/,du yu laik vo-lei-bol?,¿Te gusta el voleibol?
How often do you play volleyball?,/haʊ ˈɒfən duː juː pleɪ ˈvɒlibɔːl/,jau ofen du yu plei vo-lei-bol?,¿Con qué frecuencia juegas al voleibol?
I liked volleyball.,/aɪ laɪkt ˈvɒlibɔːl/,ai laikt vo-lei-bol.,Me gustaba el voleibol.
She is a volleyball player.,/ʃiː ɪz ə ˈvɒlibɔːl pleɪər/,shi is a vo-lei-bol ple-ier.,Ella es una jugadora de voleibol.
I like boxing.,/aɪ laɪk ˈbɒksɪŋ/,ai laik box-sing.,Me gusta el boxeo.
I don't like boxing.,/aɪ dəʊnt laɪk ˈbɒksɪŋ/,ai dont laik box-sing.,No me gusta el boxeo.
Do you like boxing?,/duː juː laɪk ˈbɒksɪŋ/,du iu laik box-sing?,¿Te gusta el boxeo?
Why do you like boxing?,/waɪ duː juː laɪk ˈbɒksɪŋ/,wuai du yu laik boxing?,¿Por qué te gusta el boxeo?
I liked boxing.,/aɪ laɪkt ˈbɒksɪŋ/,ai laikt box-sing.,Me gustaba el boxeo.
He is a boxer.,/hiː ɪz ə ˈbɒksər/,ji is a box-er.,Él es un boxeador.
I like wrestling.,/aɪ laɪk ˈrɛslɪŋ/,ai laik res-ling.,Me gusta la lucha.
I don't like wrestling.,/aɪ dəʊnt laɪk ˈrɛslɪŋ/,ai dont laik res-ling.,No me gusta la lucha.
Do you like wrestling?,/duː juː laɪk ˈrɛslɪŋ/,du yu laik res-ling?,¿Te gusta la lucha?
Who likes wrestling?,/huː laɪks ˈrɛslɪŋ/,ju laiks res-ling?,¿A quién le gusta la lucha?
I liked wrestling.,/aɪ laɪkt ˈrɛslɪŋ/,ai laikt res-ling.,Me gustaba la lucha.
He is a wrestler.,/hiː ɪz ə ˈrɛslər/,ji is a res-ler.,Él es un luchador.
He likes karate.,/hiː laɪks kəˈrɑːti/,ji laiks karati.,A él le gusta el karate.
The karate fighter is strong.,/ðə kəˈrɑːti ˈfaɪtər ɪz strɒŋ/,de karataifaider is stron.,El luchador de karate es fuerte.
She practices judo.,/ʃi ˈpræktɪsɪz ˈdʒuːdəʊ/,shi praktisis yudou.,Ella practica judo.
The judo athlete wins.,/ðə ˈdʒuːdəʊ ˈæθliːt wɪnz/,de yudou azlit wins.,El judoka gana.
They play tennis.,/ðeɪ pleɪ ˈtɛnɪs/,dei plein tenis.,Ellos juegan al tenis.
The tennis player runs.,/ðə ˈtɛnɪs ˈpleɪər rʌnz/,de tenis pleier ranz.,El tenista corre.
I like swimming.,/aɪ laɪk ˈswɪmɪŋ/,ai laik suimin.,Me gusta nadar.
I don't like swimming.,/aɪ dəʊnt laɪk ˈswɪmɪŋ/,ai dont laik suimin.,No me gusta nadar.
Do you like swimming?,/duː juː laɪk ˈswɪmɪŋ/,du iu laik suimin?,¿Te gusta nadar?
How do you breathe when you go swimming?,/haʊ duː juː briːð wɛn juː gəʊ ˈswɪmɪŋ/,jau du iu briz uen iu gou suimin?,¿Cómo respiras cuando vas a nadar?
I liked swimming.,/aɪ laɪkt ˈswɪmɪŋ/,ai laikt suimin.,Me gustaba nadar.
The swimmer is fast.,/ðə ˈswɪmər ɪz fɑːst/,de suimer is fast.,El nadador es rápido.
He likes fencing.,/hiː laɪks ˈfɛnsɪŋ/,ji laik fensin.,A él le gusta la esgrima.
The fencer is ready.,/ðə ˈfɛnsər ɪz ˈrɛdi/,de fenser is redi.,El esgrimidor está listo.
We play chess.,/wiː pleɪ tʃɛs/,ui plein ches.,Nosotros jugamos ajedrez.
The chess player thinks.,/ðə tʃɛs ˈpleɪər θɪŋks/,de ches pleier zinks.,El ajedrecista piensa.
He likes alpinism.,/hiː laɪks ˈælpɪnɪzəm/,ji laik alpinism.,A él le gusta el alpinismo.
The alpinist climbs.,/ðə ˈælpɪnɪst klaɪmz/,de alpinist klaims.,El alpinista escala.
Running is fun.,/ˈrʌnɪŋ ɪz fʌn/,ranin is fan.,Correr es divertido.
The runner is fast.,/ðə ˈrʌnər ɪz fɑːst/,de raner is fast.,El corredor es rápido.
She likes athletics.,/ʃi laɪks æθˈlɛtɪks/,shi laik atletics.,A ella le gusta el atletismo.
He is an athlete.,/hiː ɪz ən ˈæθliːt/,ji is an azlit.,Él es un atleta.
We like horseback riding.,/wi laɪk ˈhɔːrsbæk ˈraɪdɪŋ/,ui laik jorsbem raidin.,Nos gusta montar a caballo.
The horse rider sits.,/ðə ˈhɔːrs ˈraɪdər sɪts/,de jors raider sits.,El jinete está sentado.
She likes figure skating.,/ʃi laɪks ˈfɪɡər ˈskeɪtɪŋ/,shi laik figuer skeitin.,A ella le gusta el patinaje artístico.
The figure skater is good.,/ðə ˈfɪɡər ˈskeɪtər ɪz ɡʊd/,de figuer skeiter is gud.,El patinador es bueno.
The figure skater is fast.,/ðə ˈfɪɡər ˈskeɪtər ɪz fɑːst/,de figuer skeiter is fast.,La patinadora es rápida.
He likes weightlifting.,/hiː laɪks ˈweɪtˌlɪftɪŋ/,ji laik ueitliftin.,A él le gusta la halterofilia.
The weightlifter is strong.,/ðə ˈweɪtˌlɪftər ɪz strɒŋ/,de ueitlifter is stron.,El halterófilo es fuerte.
I like car racing.,/aɪ laɪk kɑː ˈreɪsɪŋ/,ai laik car reising.,Me gusta las carreras de coches.
I don't like car racing.,/aɪ dəʊnt laɪk kɑː ˈreɪsɪŋ/,ai dont laik car reising.,No me gustan las carreras de coches.
Do you like car racing?,/duː juː laɪk kɑː ˈreɪsɪŋ/,du yu laik car reising?,¿Te gustan las carreras de coches?
What kind of car racing do you like?,/wɒt kaɪnd ɒv kɑː ˈreɪsɪŋ duː juː laɪk/,wuot kaind ov kar reising du yu laik?,¿Qué tipo de carreras de autos te gusta?
I liked car racing.,/aɪ laɪkt kɑː ˈreɪsɪŋ/,ai laikt car reising.,Me gustaban las carreras de coches.
He is a racing driver.,/hiː ɪz ə ˈreɪsɪŋ ˈdraɪvə/,ji is a reising draiver.,Él es piloto de carreras.
She likes cycling.,/ʃiː laɪks ˈsaɪklɪŋ/,shi laiks saikling.,A ella le gusta el ciclismo.
The cyclist is fast.,/ðə ˈsaɪklɪst ɪz fɑːst/,de saiklist is fast.,El ciclista es rápido.
He does the broad jump.,/hiː dʌz ðə brɔːd dʒʌmp/,ji das de brod yamp.,Él hace salto de longitud.
The pole vault is high.,/ðə pəʊl vɔːlt ɪz haɪ/,de pol volt is jai.,El salto con pértiga es alto.
She is a jumper.,/ʃiː ɪz ə ˈdʒʌmpə/,shi is a yamper.,Ella es saltadora.
We play football.,/wiː pleɪ ˈfʊtbɔːl/,ui plei futbol.,Nosotros jugamos al fútbol.
I play badminton.,/aɪ pleɪ ˈbædmɪntən/,ai plei badminton.,Juego al bádminton.
The biathlon is hard.,/ðə ˈbaɪæθlɒn ɪz hɑːd/,de baiazlon is jard.,El biatlón es difícil.
He plays billiards.,/hiː pleɪz ˈbɪljədz/,ji pleis biyards.,Él juega al billar.
The bobsled is fast.,/ðə ˈbɒbsled ɪz fɑːst/,de bobsled is fast.,El bobsleigh es rápido.
He likes bodybuilding.,/hiː laɪks ˈbɒdibɪldɪŋ/,ji laikis bodbilding.,A él le gusta el culturismo.
They play water polo.,/ðeɪ pleɪ ˈwɔːtə ˈpəʊləʊ/,dei plei uater polou.,Ellos juegan al waterpolo.
I watch handball.,/aɪ wɒtʃ ˈhændbɔːl/,ai guoch jandbol.,Veo balonmano.
She plays golf.,/ʃiː pleɪz ɡɒlf/,shi pleis golf.,Ella juega al golf.
Rowing is fun.,/ˈrəʊɪŋ ɪz fʌn/,rouing is fan.,El remo es divertido.
I like scuba diving.,/aɪ laɪk ˈskuːbə ˈdaɪvɪŋ/,ai laik scuba daiving.,Me gusta el buceo.
We go cross-country skiing.,/wiː ɡəʊ krɒs ˈkʌntri ˈskiːɪŋ/,ui gou cross countri skiing.,Vamos a esquí de fondo.
We play ping-pong.,/wiː pleɪ ˈpɪŋ pɒŋ/,ui plei ping-pong.,Jugamos al ping-pong.
She likes sailing.,/ʃiː laɪks ˈseɪlɪŋ/,shi laiks seiling.,A ella le gusta la vela.
Rally racing is fast.,/ˈræli ˈreɪsɪŋ ɪz fɑːst/,rally reising is fast.,El rally es rápido.
They play rugby.,/ðeɪ pleɪ ˈrʌɡbi/,dei plei rugbi.,Ellos juegan al rugby.
Snowboarding is cool.,/ˈsnəʊbɔːdɪŋ ɪz kuːl/,snoubording is cul.,El snowboard es genial.
He does archery.,/hiː dʌz ˈɑːtʃəri/,ji das archeri.,Él hace tiro con arco.
I lift the barbell.,/aɪ lɪft ðə ˈbɑːrbɛl/,ai lift de barbel.,Levanto la barra.
He buys two dumbbells.,/hiː baɪz tuː ˈdʌmbɛlz/,ji bais tu dumbels.,Él compra dos mancuernas.
She uses the training machine.,/ʃiː juːzɪz ðə ˈtreɪnɪŋ məˈʃiːn/,shi yuses de trein mashin.,Ella usa la máquina de ejercicios.
This is a bicycle trainer.,/ðɪs ɪz ə ˈbaɪsɪkəl ˈtreɪnər/,dis is a baisikol treiner.,Este es un rodillo.
I run on the treadmill.,/aɪ rʌn ɒn ðə ˈtrɛdmɪl/,ai ran on de treadmil.,Corro en la caminadora.
The boy likes the horizontal bar.,/ðə bɔɪ laɪks ðə ˌhɔːrəˈzɒntəl bɑːr/,de boi laiks de jorizontol bar.,Al niño le gusta la barra fija.
They jump over the parallel bars.,/ðeɪ dʒʌmp ˈoʊvər ðə ˈpærəlɛl bɑːrz/,dei yam ovor de parelel bars.,Ellos saltan sobre las paralelas.
I see the vaulting horse.,/aɪ siː ðə ˈvɔːltɪŋ hɔːrs/,ai si de volting jors.,Veo el caballo de salto.
We sit on the mat.,/wi sɪt ɒn ðə mæt/,ui sit on de mat.,Nos sentamos en la colchoneta.
She has a jump rope.,/ʃiː hæz ə dʒʌmp roʊp/,shi jas a yamp rop.,Ella tiene una cuerda de saltar.
We do aerobics.,/wi duː ɛəˈroʊbɪks/,ui du erobiks.,Hacemos aeróbic.
I like yoga.,/aɪ laɪk ˈjoʊɡə/,ai laik yoga.,Me gusta el yoga.
I don't like yoga.,/aɪ dəʊnt laɪk ˈjoʊɡə/,ai dount laik yoga.,No me gusta el yoga.
Do you like yoga?,/duː juː laɪk ˈjoʊɡə/,du yu laik yoga?,¿Te gusta el yoga?
How often do you do yoga?,/haʊ ˈɒfən duː juː duː ˈjoʊɡə/,jau ofen du yu du yoga?,¿Con qué frecuencia haces yoga?
I liked yoga.,/aɪ laɪkt ˈjoʊɡə/,ai laikt yoga.,Me gustaba el yoga.
We play hockey.,/wi pleɪ ˈhɒki/,ui plei joki.,Jugamos al hockey.
He is a hockey player.,/hiː ɪz ə ˈhɒki ˈpleɪər/,ji is a joki pleier.,Él es un jugador de hockey.
I like to play hockey.,/aɪ laɪk tuː pleɪ ˈhɒki/,ai laik tu plei joki.,Me gusta jugar al hockey.
The ice is cold.,/ðə aɪs ɪz koʊld/,de ais is cold.,El hielo está frío.
The puck is black.,/ðə pʌk ɪz blæk/,de pak is black.,El disco es negro.
My hockey stick is new.,/maɪ ˈhɒki stɪk ɪz nuː/,mai joki stick is niu.,Mi palo de hockey es nuevo.
I wear ice skates.,/aɪ wer aɪs skeɪts/,ai uer ais skeits.,Uso patines de hielo.
The board is hard.,/ðə bɔːrd ɪz hɑːrd/,de bord is jard.,La tabla es dura.
That is a good shot.,/ðæt ɪz ə ɡʊd ʃɒt/,dat is a gud shot.,Ese es un buen tiro.
The goaltender is tall.,/ðə ˈɡoʊltɛndər ɪz tɔːl/,de goaltender is tol.,El portero es alto.
It is a goal.,/ɪt ɪz ə ɡoʊl/,it is a gol.,Es un gol.
They want to score a goal.,/ðeɪ wɑːnt tuː skɔːr ə ɡoʊl/,dei uant tu skor a gol.,Ellos quieren marcar un gol.
The period is short.,/ðə ˈpɪriəd ɪz ʃɔːrt/,de period is short.,El período es corto.
It is the second period.,/ɪt ɪz ðə ˈsɛkənd ˈpɪəriəd/,it is de sekond piriad.,Es el segundo tiempo.
He sits on the bench.,/hiː sɪts ɒn ðə bɛntʃ/,ji sits on de bench.,Él se sienta en el banco.
I like to play soccer.,/aɪ laɪk tuː pleɪ ˈsɒkə/,ai laik tu plei soker.,Me gusta jugar al fútbol.
He is a soccer player.,/hiː ɪz ə ˈsɒkə pleɪə/,ji is a soker pleier.,Él es un futbolista.
We play soccer at school.,/wiː pleɪ ˈsɒkə æt skuːl/,ui plei soker at skul.,Jugamos al fútbol en la escuela.
It is a big league.,/ɪt ɪz ə bɪg liːg/,it is a big lig.,Es una liga grande.
This is my soccer club.,/ðɪs ɪz maɪ ˈsɒkə klʌb/,dis is mai soker clab.,Este es mi club de fútbol.
The coach is very good.,/ðə kəʊtʃ ɪz ˈvɛri gʊd/,de koch is beri gud.,El entrenador es muy bueno.
The coach isn't very good.,/ðə kəʊtʃ ˈɪzənt ˈvɛri gʊd/,de koch isent beri gud.,El entrenador no es muy bueno.
Is the coach very good?,/ɪz ðə kəʊtʃ ˈvɛri gʊd/,is de koch beri gud?,¿Es muy bueno el entrenador?
Who is the coach?,/huː ɪz ðə kəʊtʃ/,ju is de koch?,¿Quién es el entrenador?
The coach was very good.,/ðə kəʊtʃ wɒz ˈvɛri gʊd/,de koch wos beri gud.,El entrenador era muy bueno.
He is the owner now.,/hiː ɪz ðə ˈəʊnə naʊ/,ji is de owner nao.,Él es el dueño ahora.
My team is very fast.,/maɪ tiːm ɪz ˈvɛri fɑːst/,maim tim is beri fast.,Mi equipo es muy rápido.
She is the team captain.,/ʃiː ɪz ðə tiːm ˈkæptɪn/,shi is de tim kaptein.,Ella es la capitana.
He is a good player.,/hiː ɪz ə gʊd ˈpleɪə/,ji is a gud pleier.,Él es un buen jugador.
I am a substitute.,/aɪ æm ə ˈsʌbstɪtjuːt/,ai am a substitiut.,Soy un suplente.
He runs like a forward.,/hiː rʌnz laɪk ə ˈfɔːwəd/,ji rans laik a foruard.,Él corre como un delantero.
You are a center forward.,/juː ɑː ə ˈsɛntə ˈfɔːwəd/,yu ar a senta foruard.,Eres un delantero centro.
He is a great striker.,/hiː ɪz ə greɪt ˈstraɪkə/,ji is a greit straiker.,Él es un gran delantero.
I am a defender.,/aɪ æm ə dɪˈfɛndə/,ai am a defenda.,Soy un defensor.
He is a halfback.,/hiː ɪz ə ˈhɑːfbæk/,ji is a jafbak.,Él es un centrocampista.
We watch the match.,/wiː wɒtʃ ðə mætʃ/,ui uoch de mach.,Vemos el partido.
I meet my friends.,/aɪ miːt maɪ frɛndz/,ai mit mai frends.,Me encuentro con mis amigos.
It is the final game.,/ɪt ɪz ðə ˈfaɪnəl geɪm/,it is de fainol geim.,Es el partido final.
We play a semi-final.,/wiː pleɪ ə ˈsɛmi ˈfaɪnəl/,ui plei a semi-fainol.,Jugamos una semifinal.
This is a championship.,/ðɪs ɪz ə ˈtʃæmpiənʃɪp/,dis is a chapianship.,Este es un campeonato.
It is a short half.,/ɪt ɪz ə ʃɔːt hɑːf/,it is a short jaf.,Es un tiempo corto.
It is the first period.,/ɪt ɪz ðə fɜːst ˈpɪəriəd/,it is de first piriad.,Es el primer tiempo.
It is half-time now.,/ɪt ɪz hɑːf taɪm naʊ/,it is jaf-taim nau.,Es el medio tiempo ahora.
He scores a goal.,/hiː skɔːrz ə ɡəʊl/,ji skors a goul.,Él marca un gol.
The goalkeeper is tall.,/ðə ɡəʊlkiːpər ɪz tɔːl/,de goul-ki-per is tol.,El portero es alto.
He hits the goalpost.,/hiː hɪts ðə ɡəʊlpəʊst/,ji jits de goul-poust.,Él golpea el poste.
The ball hits the crossbar.,/ðə bɔːl hɪts ðə krɒsbɑː/,de bol jits de cross-bar.,El balón golpea el travesaño.
The ball is in the net.,/ðə bɔːl ɪz ɪn ðə nɛt/,de bol is in de net.,El balón está en la red.
They concede a goal.,/ðeɪ kənsiːd ə ɡəʊl/,dei con-sid a goul.,Ellos conceden un gol.
Pass the ball to me.,/pɑːs ðə bɔːl tuː miː/,pas de bol tu mi.,Pásame el balón.
You pass the ball well.,/juː pɑːs ðə bɔːl wɛl/,yu pas de bol uel.,Tú pasas el balón bien.
I kick the ball hard.,/aɪ kɪk ðə bɔːl hɑːd/,ai kick de bod jard.,Pateo el balón con fuerza.
He likes to kick the ball.,/hiː laɪks tuː kɪk ðə bɔːl/,ji laiks tu kick de bol.,Le gusta patear el balón.
It is a free kick.,/ɪt ɪz ə friː kɪk/,it is a fri-kik.,Es un tiro libre.
The corner kick is good.,/ðə kɔːrnər kɪk ɪz ɡʊd/,de corner-kik is gud.,El saque de esquina es bueno.
We attack the goal.,/wiː əˈtæk ðə ɡəʊl/,ui atak de goul.,Atacamos la meta.
The counterattack is fast.,/ðə kaʊntərətæk ɪz fɑːst/,de counter-attack is fest.,El contraataque es rápido.
The combination is nice.,/ðə kɒmbɪˈneɪʃən ɪz naɪs/,de com-bin-ei-shion is nais.,La combinación es bonita.
The referee looks at us.,/ðə rɛfəriː lʊks æt ʌs/,de re-fe-ri luk at as.,El árbitro nos mira.
The referee will whistle.,/ðə rɛfəriː wɪl ˈwɪsəl/,de re-fe-ri uil guis-l.,El árbitro silbará.
I hear the whistle.,/aɪ hɪər ðə ˈwɪsəl/,ai jir de guis-l.,Oigo el silbato.
It is a bad foul.,/ɪt ɪz ə bæd faʊl/,it is a bad faul.,Es una falta grave.
He did not commit a foul.,/hiː dɪd nɒt kəˈmɪt ə faʊl/,ji did not com-it a faul.,Él no cometió una falta.
The referee sends him off.,/ðə rɛfəriː sɛndz hɪm ɒf/,de re-fe-ri sends him of.,El árbitro lo expulsa.
He gets a yellow card.,/hiː ɡɛts ə ˈjɛləʊ kɑːd/,ji gets a ye-low-card.,Él recibe una tarjeta amarilla.
I see a red card.,/aɪ siː ə rɛd kɑːd/,ai si a red-card.,Veo una tarjeta roja.
The disqualification is bad.,/ðə dɪsˌkwɒlɪfɪˈkeɪʃən ɪz bæd/,de dis-cua-li-fi-kei-shion is bad.,La descalificación es mala.
The referee must disqualify the player.,/ðə rɛfəriː mʌst dɪskwɒlɪfaɪ ðə pleɪə/,de referi mast diskualifai de pleier.,El árbitro debe descalificar al jugador.
He takes the penalty kick.,/hiː teɪks ðə pɛnəlti kɪk/,ji teiks de penalti kik.,Él patea el penalti.
The team makes a wall.,/ðə tiːm meɪks ə wɔːl/,de tim meiks a uol.,El equipo hace una pared.
They can score in the game.,/ðeɪ kæn skɔːr ɪn ðə geɪm/,dei kan skor in de geim.,Ellos pueden anotar en el juego.
It is a very big goal.,/ɪt ɪz ə vɛri bɪg gəʊl/,it is a beri big gouol.,Es un gol muy grande.
It isn't a very big goal.,/ɪt ˈɪznt ə vɛri bɪg gəʊl/,it isent a beri big gouol.,No es un gol muy grande.
Is it a very big goal?,/ɪz ɪt ə vɛri bɪg gəʊl/,is it a beri big gouol?,¿Es un gol muy grande?
Whose goal is it?,/huːz ɡəʊl ɪz ɪt/,juz goul iz it?,¿De quién es la meta?
It was a very big goal.,/ɪt wɒz ə vɛri bɪg gəʊl/,it woz a beri big gouol.,Fue un gol muy grande.
He wants to score a goal.,/hiː wɒnts tuː skɔːr ə gəʊl/,ji uants tu skor a gouol.,Él quiere anotar un gol.
The coach makes a substitution.,/ðə kəʊtʃ meɪks ə sʌbstɪtjuːʃən/,de koch meiks a sabstitucion.,El entrenador hace una sustitución.
I will replace the old book.,/aɪ wɪl rɪpleɪs ðə əʊld bʊk/,ai uil reipleis de oud buk.,Reemplazaré el libro viejo.
We follow the rules today.,/wiː fɒləʊ ðə ruːlz tədeɪ/,ui folou de ruls tudei.,Hoy seguimos las reglas.
The team has good tactics.,/ðə tiːm hæz gʊd tæktɪks/,de jaz gud taktiks.,El equipo tiene buenas tácticas.
The stadium is very big.,/ðə steɪdiəm ɪz vɛri bɪg/,de estediam is beri big.,El estadio es muy grande.
The stadium isn't very big.,/ðə ˈsteɪdiəm ˈɪzənt ˈvɛri bɪg/,de estediam isent beri big.,El estadio no es muy grande.
Is the stadium very big?,/ɪz ðə ˈsteɪdiəm ˈvɛri bɪg/,is de estediam beri big?,¿Es muy grande el estadio?
Where is the stadium?,/wɛər ɪz ðə ˈsteɪdiəm/,wer is de estediam?,¿Dónde está el estadio?
The stadium was very big.,/ðə ˈsteɪdiəm wɒz ˈvɛri bɪg/,de estediam wos beri big.,El estadio era muy grande.
We sit in the stand.,/wiː sɪt ɪn ðə stænd/,ui sit in de stand.,Nos sentamos en la grada.
She is a big fan.,/ʃiː ɪz ə bɪg fæn/,shi is a big fan.,Ella es una gran fan.
She isn't a big fan.,/ʃiː ˈɪzənt ə bɪg fæn/,shi isent a big fan.,Ella no es una gran fan.
Is she a big fan?,/ɪz ʃiː ə bɪg fæn/,is shi a big fan?,¿Ella es una gran fan?
What is she a big fan of?,/wɒt ɪz ʃiː ə bɪg fæn ɒv/,wot is shi a big fan ov?,¿De qué es gran fan ella?
She was a big fan.,/ʃiː wɒz ə bɪg fæn/,shi wos a big fan.,Ella era una gran fan.
I shout at the dog.,/aɪ ʃaʊt æt ðə dɒg/,ai shaut at de dog.,Grito al perro.
Look at the scoreboard now.,/lʊk æt ðə skɔːbɔːd naʊ/,luk at de skorbord nau.,Mira el marcador ahora.
The score is two to one.,/ðə skɔːr ɪz tuː tuː wʌn/,de skor is tu tu uan.,El marcador es dos a uno.
They do not like defeat.,/ðeɪ duː nɒt laɪk dɪfiːt/,dei du not laik difit.,A ellos no les gusta perder.
We lose the game today.,/wiː luːz ðə geɪm tədeɪ/,ui luz de geim tudei.,Perdemos el juego hoy.
The game ends in a draw.,/ðə geɪm ɛndz ɪn ə drɔː/,de geim ends in a dro.,El juego termina en empate.
We will draw the match.,/wiː wɪl drɔː ðə mætʃ/,ui uil dro de mach.,Empataremos el partido.
This is a great victory.,/ðɪs ɪz ə greɪt vɪktəri/,dis is a greit viktory.,Esta es una gran victoria.
You can win the prize.,/juː kæn wɪn ðə praɪz/,yu kan uin de praiz.,Puedes ganar el premio.
He is the new champion.,/hiː ɪz ðə njuː tʃæmpiən/,ji is de niu cham-pion.,Él es el nuevo campeón.
You are the best player.,/juː ɑː ðə bɛst pleɪə/,yu ar de best pleier.,Eres el mejor jugador.
I congratulate you on the win.,/aɪ kənɡrætʃʊleɪt juː ɒn ðə wɪn/,ai congreatuleit yu on de uin.,Te felicito por la victoria.
The man is a commentator.,/ðə mæn ɪz ə ˈkɒmənteɪtə/,de man is a commentator.,El hombre es un comentarista.
He will commentate the game.,/hiː wɪl ˈkɒmənteɪt ðə geɪm/,ji wil commentate de geim.,Él narrará el juego.
We watch the broadcast.,/wiː wɒtʃ ðə ˈbrɔːdkɑːst/,ui guach de broadcast.,Vemos la transmisión.
He has new skis.,/hiː hæz njuː skiːz/,ji jas niu skis.,Él tiene esquís nuevos.
He doesn't have new skis.,/hiː ˈdʌzənt hæv njuː skiːz/,ji dasent jav niu skis.,Él no tiene esquís nuevos.
Does he have new skis?,/dʌz hiː hæv njuː skiːz/,das ji jav niu skis?,¿Él tiene esquís nuevos?
When did he get new skis?,/wɛn dɪd hiː gɛt njuː skiːz/,wen did yi guet niu skis?,¿Cuándo consiguió esquís nuevos?
He had new skis.,/hiː hæd njuː skiːz/,ji jad niu skis.,Él tenía esquís nuevos.
I like to ski.,/aɪ laɪk tuː skiː/,ai laik tu ski.,Me gusta esquiar.
I don't like to ski.,/aɪ dəʊnt laɪk tuː skiː/,ai dount laik tu ski.,No me gusta esquiar.
Do you like to ski?,/duː juː laɪk tuː skiː/,du yu laik tu ski?,¿Te gusta esquiar?
Why do you like to ski?,/waɪ duː juː laɪk tuː skiː/,wai du yu laik tu ski?,¿Por qué te gusta esquiar?
I liked to ski.,/aɪ laɪkt tuː skiː/,ai laikt tu ski.,Me gustaba esquiar.
We go to the resort.,/wiː gəʊ tuː ðə rɪˈzɔːt/,ui gou tu de resort.,Vamos al complejo turístico.
The lift is fast.,/ðə lɪft ɪz fɑːst/,de lift is fast.,El telesilla es rápido.
She holds the poles.,/ʃiː həʊldz ðə pəʊlz/,shi jolds de poles.,Ella sostiene los bastones.
The slope is high.,/ðə sləʊp ɪz haɪ/,de slope is jai.,La pendiente es alta.
He skis the slalom.,/hiː skiːz ðə ˈslɑːləm/,ji skis de slalom.,Él esquía el eslalon.
We play golf.,/wiː pleɪ ɡɒlf/,ui plei golf.,Jugamos al golf.
He has a big club.,/hiː hæz ə bɪɡ klʌb/,ji jas a big club.,Él tiene un palo grande.
He doesn't have a big club.,/hiː dʌznt hæv ə bɪɡ klʌb/,ji dasent jav a big club.,Él no tiene un palo grande.
Does he have a big club?,/dʌz hiː hæv ə bɪɡ klʌb/,das ji jav a big club?,¿Él tiene un palo grande?
When does he use his big club?,/wɛn dʌz hiː juːz hɪz bɪɡ klʌb/,guen das ji yuz jis big club?,¿Cuándo usa su palo grande?
He had a big club.,/hiː hæd ə bɪɡ klʌb/,ji jad a big club.,Él tenía un palo grande.
She is a golfer.,/ʃiː ɪz ə ˈɡɒlfə/,shi is a golfer.,Ella es golfista.
The ball is in the hole.,/ðə bɔːl ɪz ɪn ðə həʊl/,de bol is in de jol.,La pelota está en el hoyo.
This club is red.,/ðɪs klʌb ɪz rɛd/,dis club is red.,Este palo es rojo.
The trolley is here.,/ðə ˈtrɒli ɪz hɪə/,de trolley is jia.,El carrito está aquí.
They play tennis.,/ðeɪ pleɪ ˈtɛnɪs/,dei plei tennis.,Ellos juegan al tenis.
The court is green.,/ðə kɔːt ɪz ɡriːn/,de court is grin.,La cancha es verde.
Her serve is good.,/hɜː sɜːv ɪz ɡʊd/,jer serv is gud.,Su saque es bueno.
He will serve now.,/hiː wɪl sɜːv naʊ/,ji wil serv nau.,Él sacará ahora.
I have a racket.,/aɪ hæv ə ˈrækɪt/,ai jav a racket.,Tengo una raqueta.
The ball hits the net.,/ðə bɔːl hɪts ðə nɛt/,de bol jits de net.,La pelota golpea la red.
The ball is yellow.,/ðə bɔːl ɪz ˈjɛləʊ/,de bol is yelou.,La pelota es amarilla.
We play chess together.,/wiː pleɪ tʃɛs təˈɡɛðə/,ui plei chess togeder.,Jugamos ajedrez juntos.
The chessmen are black.,/ðə ˈtʃɛsmɛn ɑː blæk/,de chessmen ar black.,Las piezas de ajedrez son negras.
He is a chess player.,/hiː ɪz ə tʃɛs ˈpleɪə/,ji is a chess pleier,Él es un jugador de ajedrez.
The chessboard is on the table.,/ðə tʃɛsbɔːd ɪz ɒn ðə ˈteɪbl̩/,de chessboard is on de teibol,El tablero de ajedrez está en la mesa.
He picks up a chessman.,/hiː pɪks ʌp ə tʃɛsmən/,ji picks ap a chessman,Él levanta una pieza de ajedrez.
I play with the white pieces.,/aɪ pleɪ wɪð ðə waɪt ˈpiːsɪz/,ai plei wid de wait pisiz,Juego con las piezas blancas.
You play with the black pieces.,/juː pleɪ wɪð ðə blæk ˈpiːsɪz/,yu plei wid de blak pisiz,Juegas con las piezas negras.
The pawn moves forward one square.,/ðə pɔːn muːvz ˈfɔːwəd wʌn skweə/,de pawn moves foruan one skuear,El peón avanza una casilla.
She moves her bishop.,/ʃiː muːvz hɜː bɪʃəp/,shi moves jer bishop,Ella mueve su alfil.
He likes the knight.,/hiː laɪks ðə naɪt/,ji laiks de knight,A él le gusta el caballo.
The rook is tall.,/ðə rʊk ɪz tɔːl/,de rook is tol,La torre es alta.
The queen is here.,/ðə kwiːn ɪz hɪə/,de kwin is jier,La reina está aquí.
The king is safe.,/ðə kɪŋ ɪz seɪf/,de king is seif,El rey está a salvo.
It is a good move.,/ɪt ɪz ə ɡʊd muːv/,it is a gud move,Es un buen movimiento.
I move the piece.,/aɪ muːv ðə piːs/,ai move de pis,Muevo la pieza.
He will sacrifice a pawn.,/hiː wɪl ˈsækrɪfaɪs ə pɔːn/,ji uil sacrifice a pawn,Él sacrificará un peón.
He does castling.,/hiː dʌz ˈkɑːstlɪŋ/,ji dos castling,Él hace el enroque.
It is a check.,/ɪt ɪz ə tʃɛk/,it is a check,Es un jaque.
The game ends in checkmate.,/ðə ɡeɪm ɛndz ɪn ˈtʃɛkmeɪt/,de geim ends in checkmeit,El juego termina en jaque mate.
She wins the chess tournament.,/ʃiː wɪnz ðə tʃɛs ˈtʊənəmənt/,shi wins de chess tournament,Ella gana el torneo de ajedrez.
He is a Grand Master.,/hiː ɪz ə ɡrænd ˈmɑːstə/,ji is a grand master,Él es un Gran Maestro.
He finds a good combination.,/hiː faɪndz ə ɡʊd ˌkɒmbɪˈneɪʃn̩/,ji finds a gud combination,Él encuentra una buena combinación.
The game is fun.,/ðə ɡeɪm ɪz fʌn/,de geim is fan,El juego es divertido.
We play checkers.,/wiː pleɪ ˈtʃɛkəz/,ui plei checkers,Jugamos a las damas.
He likes boxing.,/hiː laɪks ˈbɒksɪŋ/,ji laiks boxing,A él le gusta el boxeo.
The fight is short.,/ðə faɪt ɪz ʃɔːt/,de fait is short,La pelea es corta.
I watch the boxing match.,/aɪ wɒtʃ ðə ˈbɒksɪŋ mætʃ/,ai guoch de boxing match,Veo el partido de boxeo.
The round is very short.,/ðə raʊnd ɪz vɛri ʃɔːt/,de raund is very short.,El asalto es muy corto.
The ring is big.,/ðə rɪŋ ɪz bɪɡ/,de ring is big.,El cuadrilátero es grande.
The ring isn't big.,/ðə rɪŋ ˈɪzənt bɪɡ/,de ring isent big.,El cuadrilátero no es grande.
Is the ring big?,/ɪz ðə rɪŋ bɪɡ/,is de ring big?,¿Es grande el cuadrilátero?
How big is the ring?,/haʊ bɪɡ ɪz ðə rɪŋ/,jau big is de ring?,¿Qué tan grande es el cuadrilátero?
The ring was big.,/ðə rɪŋ wɒz bɪɡ/,de ring wos big.,El cuadrilátero era grande.
I hear the gong.,/aɪ hɪə ðə ɡɒŋ/,ai jir de gong.,Oigo el gong.
That punch was strong.,/ðæt pʌntʃ wɒz strɒŋ/,dat panch was stron.,Ese golpe fue fuerte.
It is a knock-down.,/ɪt ɪz ə nɒk daʊn/,it is a nok daun.,Es una caída.
He wins by knockout.,/hiː wɪnz baɪ nɒkaʊt/,ji uins bai nokaut.,Él gana por nocaut.
He will knock him out.,/hiː wɪl nɒk hɪm aʊt/,ji uil nok jim aut.,Él lo noqueará.
My boxing glove is red.,/maɪ ˈbɒksɪŋ ɡlʌv ɪz rɛd/,mai boksing glav is red.,Mi guante de boxeo es rojo.
The referee looks at them.,/ðə rɛfəˈriː lʊks æt ðɛm/,de refiri luks at dem.,El árbitro los mira.
He is a lightweight.,/hiː ɪz ə ˈlaɪtweɪt/,ji is a laitueit.,Él es un peso ligero.
You are a middleweight.,/juː ɑːr ə ˈmɪdlweɪt/,yu ar a middlueit.,Tú eres un peso mediano.
He is a heavyweight.,/hiː ɪz ə ˈhɛviweɪt/,ji is a jebiueit.,Él es un peso pesado.
I watch the Olympic Games.,/aɪ wɒtʃ ðə əˈlɪmpɪk ɡeɪmz/,ai guoch de olimpik geims.,Veo los Juegos Olímpicos.
She is the winner.,/ʃiː ɪz ðə ˈwɪnə/,shi is de guiner.,Ella es la ganadora.
They are winning the game.,/ðeɪ ɑːr ˈwɪnɪŋ ðə ɡeɪm/,dei ar uining de geim.,Ellos están ganando el juego.
I want to win.,/aɪ wɒnt tuː wɪn/,ai guant tu uin.,Quiero ganar.
He is the leader.,/hiː ɪz ðə ˈliːdə/,ji is de lider.,Él es el líder.
They lead in the race.,/ðeɪ liːd ɪn ðə reɪs/,dei lid in de reis.,Ellos lideran la carrera.
She gets first place.,/ʃiː ɡɛts fɜːst pleɪs/,shi gets ferst pleis.,Ella obtiene el primer lugar.
You are in second place.,/juː ɑːr ɪn ˈsɛkənd pleɪs/,yu ar in sekond pleis.,Tú estás en segundo lugar.
We take third place.,/wiː teɪk θɜːrd pleɪs/,ui teik zerd pleis.,Nosotros tomamos el tercer lugar.
I have a gold medal.,/aɪ hæv ə ɡəʊld ˈmɛdl/,ai jav a gould medl.,Tengo una medalla de oro.
The trophy is very big.,/ðə ˈtrəʊfi ɪz vɛri bɪɡ/,de trofi is very big.,El trofeo es muy grande.
The trophy isn't very big.,/ðə ˈtrəʊfi ˈɪzənt ˈvɛri bɪɡ/,de trofi isent beri big.,El trofeo no es muy grande.
Is the trophy very big?,/ɪz ðə ˈtrəʊfi ˈvɛri bɪɡ/,is de trofi beri big?,¿Es muy grande el trofeo?
Which trophy is very big?,/wɪtʃ ˈtrəʊfi ɪz ˈvɛri bɪɡ/,wich trofi is beri big?,¿Qué trofeo es muy grande?
The trophy was very big.,/ðə ˈtrəʊfi wɒz ˈvɛri bɪɡ/,de trofi wos beri big.,El trofeo era muy grande.
He holds the prize cup.,/hiː həʊldz ðə praɪz kʌp/,ji jolds de praiz kap.,Él sostiene la copa.
I want the prize.,/aɪ wɒnt ðə praɪz/,ai guant de praiz.,Quiero el premio.
He wins the main prize.,/hiː wɪnz ðə meɪn praɪz/,ji uins de main praiz.,Él gana el premio principal.
It is a new record.,/ɪt ɪz ə njuː ˈrɛkɔːd/,it is a niu recor.,Es un nuevo récord.
She wants to set a record.,/ʃiː wɒnts tuː sɛt ə ˈrɛkɔːd/,shi uants tu set a recor.,Ella quiere establecer un récord.
We watch the final game.,/wiː wɒtʃ ðə ˈfaɪnl ɡeɪm/,ui guach de fainal geim.,Vemos el partido final.
This is the final test.,/ðɪs ɪz ðə ˈfaɪnl tɛst/,dis is de fainal test.,Este es el examen final.
He is the champion.,/hiː ɪz ðə ˈtʃæmpiən/,ji is de champiren.,Él es el campeón.
The championship is fun.,/ðə ˈtʃæmpiənʃɪp ɪz fʌn/,de champirenship is fan.,El campeonato es divertido.
The stadium is big.,/ðə ˈsteɪdiəm ɪz bɪɡ/,de estedium is big.,El estadio es grande.
The stadium isn't big.,/ðə ˈsteɪdiəm ˈɪznt bɪɡ/,de estedium isent big.,El estadio no es grande.
Is the stadium big?,/ɪz ðə ˈsteɪdiəm bɪɡ/,is de estedium big?,¿Es grande el estadio?
Where is the big stadium?,/weər ɪz ðə bɪɡ ˈsteɪdiəm/,uer is de big estedium?,¿Dónde está el estadio grande?
The stadium was big.,/ðə ˈsteɪdiəm wɒz bɪɡ/,de estedium woz big.,El estadio era grande.
We sit in the stand.,/wiː sɪt ɪn ðə stænd/,ui sit in de stand.,Nos sentamos en la grada.
I am a big fan.,/aɪ æm ə bɪɡ fæn/,ai am a big fan.,Soy un gran fan.
I am not a big fan.,/aɪ æm nɒt ə bɪɡ fæn/,ai am not a big fan.,No soy un gran fan.
Are you a big fan?,/ɑː juː ə bɪɡ fæn/,ar iu a big fan?,¿Eres un gran fan?
Why are you a big fan?,/waɪ ɑː juː ə bɪɡ fæn/,uai ar iu a big fan?,¿Por qué eres un gran fan?
I was a big fan.,/aɪ wɒz ə bɪɡ fæn/,ai woz a big fan.,Yo era un gran fan.
He is my opponent.,/hiː ɪz maɪ əˈpəʊnənt/,ji is mai oponent.,Él es mi oponente.
We like the start.,/wiː laɪk ðə stɑːt/,ui laik de start.,Nos gusta el inicio.
We don't like the start.,/wiː dəʊnt laɪk ðə stɑːt/,ui dount laik de start.,No nos gusta el inicio.
Do we like the start?,/duː wiː laɪk ðə stɑːt/,du ui laik de start?,¿Nos gusta el inicio?
Why do we like the start?,/waɪ duː wiː laɪk ðə stɑːt/,wuai du wi laik de start?,¿Por qué nos gusta el comienzo?
We liked the start.,/wiː laɪkt ðə stɑːt/,ui laikt de start.,Nos gustó el inicio.
See the finish line.,/siː ðə ˈfɪnɪʃ laɪn/,si de finish lain.,Mira la línea de meta.
The defeat is sad.,/ðə dɪˈfiːt ɪz sæd/,de difit is sad.,La derrota es triste.
They do not want to lose.,/ðeɪ duː nɒt wɒnt tuː luːz/,dei du not uant tu lus.,Ellos no quieren perder.
It is a draw.,/ɪt ɪz ə drɔː/,it is a dro.,Es un empate.
The teams draw.,/ðə tiːmz drɔː/,de tims dro.,Los equipos empatan.
He gets a point.,/hiː ɡɛts ə pɔɪnt/,ji gets a point.,Él obtiene un punto.
The result is good.,/ðə rɪˈzʌlt ɪz ɡʊd/,de rezolt is gud.,El resultado es bueno.
This period is short.,/ðɪs ˈpɪəriəd ɪz ʃɔːt/,dis period is short.,Este período es corto.
It is half-time.,/ɪt ɪz hɑːf taɪm/,it is jaf taim.,Es el medio tiempo.
Doping is bad.,/ˈdəʊpɪŋ ɪz bæd/,doping is bad.,El dopaje es malo.
They penalize the player.,/ðeɪ ˈpiːnəlaɪz ðə ˈpleɪə/,dei penalaize de pleier.,Ellos penalizan al jugador.
They disqualify the team.,/ðeɪ dɪsˈkwɒlɪfaɪ ðə tiːm/,de diskuolifaï de tim.,Ellos descalifican al equipo.
The apparatus is new.,/ðə ˌæpəˈreɪtəs ɪz njuː/,de aparetus is niu.,El aparato es nuevo.
He throws the javelin far.,/hiː θrəʊz ðə ˈdʒævlɪn fɑː/,ji zrows de yavelin far.,Él lanza la jabalina lejos.
The shot put ball is heavy.,/ðə ʃɒt pʊt bɔːl ɪz ˈhɛvi/,de shot put bol is jabi.,La bola de lanzamiento de peso es pesada.
The ball is on the table.,/ðə bɔːl ɪz ɒn ðə ˈteɪbl/,de bol is on de teibol.,La pelota está sobre la mesa.
I aim at the target.,/aɪ eɪm æt ðə ˈtɑːgɪt/,ai eim at de targuet.,Apunto al objetivo.
She hits the target well.,/ʃiː hɪts ðə ˈtɑːgɪt wɛl/,shi jits de targuet uel.,Ella golpea el objetivo bien.
He likes to shoot photos.,/hiː laɪks tuː ʃuːt ˈfəʊtəʊz/,ji laiks tu shut fotos.,A él le gusta disparar fotos.
His shot is very precise.,/hɪz ʃɒt ɪz ˈvɛri prɪˈsaɪs/,jis shot is beri praisais.,Su tiro es muy preciso.
The coach helps the team.,/ðə kəʊtʃ hɛlps ðə tiːm/,de kouch jelps de tim.,El entrenador ayuda al equipo.
I train the dog every day.,/aɪ treɪn ðə dɒg ˈɛvri deɪ/,ai trein de dog euri dei.,Entreno al perro todos los días.
She trains at the gym.,/ʃiː treɪnz æt ðə dʒɪm/,shi treins at de yim.,Ella entrena en el gimnasio.
The training is hard today.,/ðə ˈtreɪnɪŋ ɪz hɑːd təˈdeɪ/,de trein ing is jard tudei.,El entrenamiento es difícil hoy.
We go to the gym.,/wiː gəʊ tuː ðə dʒɪm/,ui gou tu de yim.,Nosotros vamos al gimnasio.
Exercise is good for you.,/ˈɛksəsaɪz ɪz gʊd fɔː juː/,eksorsais is gud for yu.,El ejercicio es bueno para ti.
The warm-up is short.,/ðə wɔːm ʌp ɪz ʃɔːt/,de uom ap is short.,El calentamiento es corto.
The school is big.,/ðə skuːl ɪz bɪg/,de scul is big.,La escuela es grande.
The school isn't big.,/ðə skuːl ˈɪznt bɪg/,de scul isent big.,La escuela no es grande.
Is the school big?,/ɪz ðə skuːl bɪg/,is de scul big?,¿Es grande la escuela?
How big is the school?,/haʊ bɪg ɪz ðə skuːl/,jau big is de scul?,¿Qué tan grande es la escuela?
The school was big.,/ðə skuːl wɒz bɪg/,de scul woz big.,La escuela era grande.
The headmaster is nice.,/ðə ˌhɛdˈmɑːstə ɪz naɪs/,de jadmaster is nais.,El director es agradable.
The pupil reads a book.,/ðə ˈpjuːpɪl riːdz ə bʊk/,de piupil rids a buk.,El alumno lee un libro.
The pupil has a bag.,/ðə ˈpjuːpɪl hæz ə bæg/,de piupil jas a bag.,La alumna tiene una bolsa.
The pupil does not have a bag.,/ðə ˈpjuːpɪl dʌz nɒt hæv ə bæg/,de piupil das not jav a bag.,La alumna no tiene una bolsa.
Does the pupil have a bag?,/dʌz ðə ˈpjuːpɪl hæv ə bæg/,das de piupil jav a bag?,¿La alumna tiene una bolsa?
Who has a bag?,/huː hæz ə bæg/,ju jas a bag?,¿Quién tiene una bolsa?
The pupil had a bag.,/ðə ˈpjuːpɪl hæd ə bæg/,de piupil jad a bag.,La alumna tenía una bolsa.
The schoolboy runs fast.,/ðə ˈskuːlbɔɪ rʌnz fɑːst/,de sculboi runs fast.,El escolar corre rápido.
The schoolgirl sings a song.,/ðə ˈskuːlgɜːl sɪŋz ə sɒŋ/,de scurgol sings a song.,La escolar canta una canción.
I teach you English.,/aɪ tiːtʃ juː ˈɪŋglɪʃ/,ai ich yu inglish.,Te enseñ inglés.
They learn new words.,/ðeɪ lɜːn njuː wɜːdz/,dei lern niu uords.,Ellos aprenden palabras nuevas.
She learns the poem by heart.,/ʃiː lɜːnz ðə ˈpəʊɪm baɪ hɑːt/,shi lerns de poim bai jart.,Ella se aprende el poema de memoria.
I study at night.,/aɪ ˈstʌdi æt naɪt/,ai stadi at nait.,Estudio por la noche.
I am in school now.,/aɪ æm ɪn skuːl naʊ/,ai am in scul nau.,Estoy en la escuela ahora.
I go to school every day.,/aɪ ɡoʊ tuː skuːl ˈevri deɪ/,ai gou tu skul evri dei,Yo voy a la escuela todos los días.
The alphabet has twenty-six letters.,/ðə ˈælfəbɛt hæz ˈtwɛnti-sɪks ˈlɛtərz/,de alfa bet has tuenti-siks leterz,El alfabeto tiene veintiséis letras.
Math is my favorite subject.,/mæθ ɪz maɪ ˈfeɪvərət ˈsʌbdʒɛkt/,mat iz mai feivarit sabdzekt,Las matemáticas son mi materia favorita.
The classroom is big and bright.,/ðə ˈklæsruːm ɪz bɪɡ ænd braɪt/,de klasrum iz big and brait,El aula es grande y luminosa.
The lesson is very interesting.,/ðə ˈlɛsən ɪz ˈvɛri ˈɪntrəstɪŋ/,de leson iz veri intresting,La lección es muy interesante.
Recess is at ten o'clock.,/ˈriːsɛs ɪz æt ten əˈklɑk/,rises iz at ten a klok,El recreo es a las diez.
The school bell rings at eight.,/ðə skuːl bɛl rɪŋz æt eɪt/,de skul bel ringz at eit,El timbre de la escuela suena a las ocho.
My school desk has a drawer.,/maɪ skuːl dɛsk hæz ə drɔr/,mai skul desk haz a dror,Mi pupitre tiene un cajón.
The teacher writes on the chalkboard.,/ðə ˈtiːtʃər raɪts ɒn ðə ˈtʃɔkbɔrd/,de tichar raits on de tokbord,El profesor escribe en el pizarrón.
What grade did you get?,/wʌt ɡreɪd dɪd jʊ ɡɛt/,wot greid did yu get,¿Qué nota obtuviste?
I got a good grade on the test.,/aɪ ɡɑt ə ɡʊd ɡreɪd ɒn ðə tɛst/,ai gat a gud greid on de test,Saqué una buena nota en el examen.
He got a bad grade in math.,/hi ɡɑt ə bæd ɡreɪd ɪn mæθ/,hi gat a bad greid in mat,Obtuvo una mala nota en matemáticas.
The teacher gives a grade today.,/ðə ˈtiːtʃər ɡɪvz ə ɡreɪd təˈdeɪ/,de tichar givz a greid tu dei,El profesor da una nota hoy.
This is a mistake in my work.,/ðɪs ɪz ə mɪˈsteɪk ɪn maɪ wɜrk/,dis iz a misteik in mai werk,Este es un error en mi trabajo.
Everyone makes mistakes sometimes.,/ˈevriwʌn meɪks mɪˈsteɪks səmˈtaɪmz/,evriwan meiks misteiks samtaimz,Todos cometen errores a veces.
I need to correct my mistake.,/aɪ niːd tu kəˈrɛkt maɪ mɪˈsteɪk/,ai nid tu korect mai misteik,Necesito corregir mi error.
Using a cheat sheet is wrong.,/ˈjuːzɪŋ ə tʃiːt ʃiːt ɪz rɔŋ/,yuzing a txit fit iz rong,Usar un tramposo está mal.
I have a lot of homework.,/aɪ hæv ə lɑt əv ˈhoʊmwɜrk/,ai hav a lot of jomwerk,Tengo mucha tarea.
This exercise is easy to do.,/ðɪs ˈɛksərsaɪz ɪz ˈiːzi tu duː/,dis eksersaiz iz izi tu du,Este ejercicio es fácil de hacer.
I am present in class today.,/aɪ æm ˈprɛzənt ɪn klæs təˈdeɪ/,ai am prezont in klas tu dei,Estoy presente en clase hoy.
She is absent from school today.,/ʃi ɪz ˈæbsənt from skuːl təˈdeɪ/,shi iz absent from skul tu dei,Ella está ausente de la escuela hoy.
I missed school last week.,/aɪ mɪst skuːl læst wiːk/,ai mist skul last wik,Falté a la escuela la semana pasada.
The teacher will punish the student.,/ðə ˈtiːtʃər wɪl ˈpʌnɪʃ ðə ˈstudənt/,de tichar wil panish de studont,El profesor castigará al estudiante.
The punishment is fair.,/ðə ˈpʌnɪʃmənt ɪz fɛr/,de panishment iz fer,El castigo es justo.
His conduct in class is good.,/hɪz ˈkɑndʌkt ɪn klæs ɪz ɡʊd/,jiz kondakt in klas iz gud,Su comportamiento en clase es bueno.
I have a good report card.,/aɪ hæv ə gʊd rɪˈpɔːt kɑːd/,ai jav a gud report card.,Tengo un boletín de notas bueno.
This is my pencil.,/ðɪs ɪz maɪ ˈpɛnsəl/,dis is mai pensil.,Este es mi lápiz.
Please give me the eraser.,/pliːz gɪv miː ðiː ɪˈreɪzə/,pliz giv mi de ereiser.,Por favor dame la goma.
The chalk is on the desk.,/ðə tʃɔːk ɪz ɒn ðə dɛsk/,de chok is on de desk.,La tiza está en el escritorio.
My pencil case is blue.,/maɪ ˈpɛnsəl keɪs ɪz bluː/,mai pensul keis is blu.,Mi estuche es azul.
He has a big schoolbag.,/hiː hæz ə bɪg ˈskuːlbæɡ/,ji jav a big skulbag.,Él tiene una mochila grande.
He doesn't have a big schoolbag.,/hiː ˈdʌznt hæv ə bɪg ˈskuːlbæɡ/,ji dasent jav a big skulbag.,Él no tiene una mochila grande.
Does he have a big schoolbag?,/dʌz hiː hæv ə bɪg ˈskuːlbæɡ/,das ji jav a big skulbag?,¿Él tiene una mochila grande?
Who has a big schoolbag?,/huː hæz ə bɪg ˈskuːlbæɡ/,ju jav a big skulbag?,¿Quién tiene una mochila grande?
He had a big schoolbag.,/hiː hæd ə bɪg ˈskuːlbæɡ/,ji jad a big skulbag.,Él tenía una mochila grande.
Use a red pen.,/juːz ə rɛd pɛn/,yus a red pen.,Usa un bolígrafo rojo.
This is a school notebook.,/ðɪs ɪz ə ˈskuːl ˌnəʊtbʊk/,dis is a skul notbuk.,Este es un cuaderno escolar.
Open your textbook.,/ˈəʊpən jɔː ˈtɛkstbʊk/,open yor tekstbuk.,Abre tu libro de texto.
I need a compass.,/aɪ niːd ə ˈkʌmpəs/,ai nid a compass.,Necesito un compás.
I like to draw.,/aɪ laɪk tuː drɔː/,ai laik tu dro.,Me gusta dibujar.
I don't like to draw.,/aɪ dəʊnt laɪk tuː drɔː/,ai dount laik tu dro.,No me gusta dibujar.
Do you like to draw?,/duː juː laɪk tuː drɔː/,du iu laik tu dro?,¿Te gusta dibujar?
What do you like to draw?,/wɒt duː juː laɪk tuː drɔː/,uot du iu laik tu dro?,¿Qué te gusta dibujar?
I liked to draw.,/aɪ laɪkt tuː drɔː/,ai laikt tu dro.,Me gustaba dibujar.
This is a technical drawing.,/ðɪs ɪz ə ˈtɛknɪkəl ˈdrɔːɪŋ/,dis is a teknical droin.,Este es un dibujo técnico.
Read the poem.,/riːd ðə ˈpəʊɪm/,rid de poim.,Lee el poema.
I know it by heart.,/aɪ nəʊ ɪt baɪ hɑːt/,ai nou it bai jart.,Lo sé de memoria.
You must learn it by heart.,/juː mʌst lɜːn ɪt baɪ hɑːt/,yu mast lern it bai jart.,Debes aprendértelo de memoria.
School vacation is fun.,/ˈskuːl vəˈkeɪʃən ɪz fʌn/,skul vakeishon is fan.,Las vacaciones escolares son divertidas.
They are on vacation.,/ðeɪ ɑːr ɒn vəˈkeɪʃən/,dei ar on vakeishon.,Ellos están de vacaciones.
We spend our vacation here.,/wiː spɛnd aʊə vəˈkeɪʃən hɪə/,ui spend auer vakeishon jia.,Pasamos nuestras vacaciones aquí.
The math test is hard.,/ðə mæθ tɛst ɪz hɑːd/,de mat test is jard.,El examen de matemáticas es difícil.
Write an essay.,/raɪt æn ˈɛseɪ/,rait an esei.,Escribe una redacción.
Do the dictation.,/duː ðə dɪkˈteɪʃən/,du de dikteishon.,Haz el dictado.
I have an exam.,/aɪ hæv æn ɪɡˈzæm/,ai jav an igzam.,Tengo un examen.
She takes an exam today.,/ʃiː teɪks æn ɪɡˈzæm təˈdeɪ/,shi teiks an igzam tudei.,Ella hace un examen hoy.
This is an experiment.,/ðɪs ɪz æn ɪkˈspɛrɪmənt/,dis is an ekperiment.,Este es un experimento.
He goes to an academy.,/hiː gəʊz tuː æn əˈkædəmi/,ji gos tu an akademi.,Él va a una academia.
The university is big and modern.,/ðə ˈjuːnɪvɜːsɪti ɪz bɪɡ ənd ˈmɒdən/,de yuniversiti is big and modern.,La universidad es grande y moderna.
The faculty has many classrooms.,/ðə ˈfækəlti hæz ˈmeni ˈklɑːsrʊmz/,de fakulti haz meni klasrums.,La facultad tiene muchas aulas.
The student reads books in the library.,/ðə ˈstjuːdənt riːdz bʊks ɪn ðə ˈlaɪbrəri/,de studiudnt rids buks in de laibreri.,El estudiante lee libros en la biblioteca.
The student writes notes in class.,/ðə ˈstjuːdənt raɪts nəʊts ɪn klɑːs/,de studiudnt raits notes in klas.,La estudiante escribe notas en clase.
The lecturer explains the lesson clearly.,/ðə ˈlektʃərər ɪksˈpleɪns ðə ˈlɛsən ˈklɪəli/,de lekchurer ekspleins de leson klirli.,El profesor explica la lección claramente.
The lecture room is on the first floor.,/ðə ˈlektʃə ruːm ɪz ɒn ðə fɜːst flɔːr/,de lekcher rum is on de ferst flor.,El aula está en la primera planta.
She is a graduate now.,/ʃiː ɪz ə ˈɡrædʒuət naʊ/,shi is a gradyuut nau.,Ahora ella es graduada.
He receives a diploma at the ceremony.,/hiː rɪˈsiːvz ə dɪˈpləʊmə æt ðə ˈsɛrɪməni/,hi risivs a diplouma at de serimoni.,Él recibe un diploma en la ceremonia.
The dissertation is very long and detailed.,/ðə dɪsəˈteɪʃən ɪz ˈvɛri lɒŋ ənd ˈdiːteɪld/,de diserteishon is veri long and ditailed.,La disertación es muy larga y detallada.
The study shows interesting results.,/ðə ˈstʌdi ʃəʊz ˈɪntrəstɪŋ rɪˈzʌlts/,de studi shouz intresting rizults.,El estudio muestra resultados interesantes.
The laboratory has modern equipment.,/ðə ləˈbɒrətri hæz ˈmɒdən ɪˈkwɪpmənt/,de laboratri haz modern ekwipment.,El laboratorio tiene equipo moderno.
The lecture starts at nine in the morning.,/ðə ˈlektʃə stɑːts æt naɪn ɪn ðə ˈmɔːnɪŋ/,de lekcher starts at nain in de mórning.,La conferencia empieza a las nueve de la mañana.
My course mate helps me with homework.,/maɪ kɔːs meɪt hɛlps mi wɪð ˈhəʊmwɜːk/,mai kors meit helps mi with jómuérk.,Mi compañero de curso me ayuda con la tarea.
She wins a scholarship to study abroad.,/ʃiː wɪnz ə ˈskɒləʃɪp tuː ˈstʌdi əˈbrɔːd/,shi wins a skoraship tu stúdi abrupt.,Ella gana una beca para estudiar en el extranjero.
He earns an academic degree in science.,/hiː ɜːrnz ən ˌækəˈdɛmɪk dɪˈɡriː ɪn ˈsaɪəns/,hi erns an akademik digri in saiuns.,Él obtiene un título académico en ciencias.
Mathematics uses numbers and symbols.,/ˌmæθəˈmætɪks ˈjuːzɪz ˈnʌmbəz ənd ˈsɪmbəlz/,matématics yuzis numbérs and simbuls.,Las matemáticas usan números y símbolos.
Algebra uses letters to represent numbers.,/ˈældʒɪbrə ˈjuːzɪz ˈlɛtəz tuː ˌrɛprɪˈzɛnt ˈnʌmbəz/,álgebra yuzis léterz tu represent numbérs.,El álgebra usa letras para representar números.
Geometry studies different shapes and sizes.,/dʒiˈɒmɪtri ˈstʌdiz ˈdɪfrənt ʃeɪps ənd ˈsaɪzɪz/,yométri studis différent sheips and saizis.,La geometría estudia diferentes formas y tamaños.
Astronomy studies the stars and planets.,/əˈstrɒnəmi ˈstʌdiz ðə stɑːz ənd ˈplænɪts/,estronomi studis de stars and planits.,La astronomía estudia las estrellas y los planetas.
Biology studies plants and animals.,/baɪˈɒlədʒi ˈstʌdiz plænts ənd ˈænɪməlz/,baiólyi studis plants and ánimuls.,La biología estudia plantas y animales.
Geography shows maps of countries and cities.,/dʒiˈɒɡrəfi ʃəʊz mæps əv ˈkʌntriz ənd ˈsɪtiz/,yiógrafi shouz maps of krajis and sitis.,La geografía muestra mapas de países y ciudades.
Geology studies rocks and the Earth.,/dʒiˈɒlədʒi ˈstʌdiz rɒks ənd ði ɜːθ/,yiólyi studis roks and de érθ.,La geología estudia las rocas y la Tierra.
History tells us about the past.,/ˈhɪstəri tɛlz ʌs əbaʊt ðə pɑːst/,jistori tels us about de past.,La historia nos cuenta sobre el pasado.
Medicine helps sick people get healthy.,/ˈmɛdɪsɪn hɛlps sɪk ˈpiːpl ɡɛt ˈhɛlθi/,médisin jelps sik pípol get jélsi.,La medicina ayuda a las personas enfermas a recuperarse.
Pedagogy teaches how to teach effectively.,/ˈpɛdəɡɒdʒi ˈtiːtʃɪz haʊ tuː ˈtiːtʃ ɪˈfɛktɪvli/,pédagoyi tichiz jau tu tich iféktivli.,La pedagogía enseña cómo enseñar eficazmente.
The law is good.,/ðə lɔː ɪz ɡʊd/,de law is gud.,La ley es buena.
I like physics.,/aɪ laɪk ˈfɪzɪks/,ai laik fiziks.,Me gusta la física.
I don't like physics.,/aɪ dəʊnt laɪk ˈfɪzɪks/,ai dount laik fiziks.,No me gusta la física.
Do you like physics?,/duː juː laɪk ˈfɪzɪks/,du iu laik fiziks?,¿Te gusta la física?
Why do you like physics?,/waɪ duː juː laɪk ˈfɪzɪks/,guái du yu laik físiks?,¿Por qué te gusta la física?
I liked physics.,/aɪ laɪkt ˈfɪzɪks/,ai laikt fiziks.,Me gustaba la física.
She studies chemistry.,/ʃiː ˈstʌdiz ˈkɛmɪstri/,shi stadies kemistri.,Ella estudia química.
It is philosophy.,/ɪt ɪz fɪˈlɒsəfi/,it is filosofi.,Es filosofía.
He reads psychology.,/hiː riːdz saɪˈkɒlədʒi/,ji rids saikoloyi.,Él lee psicología.
We learn grammar.,/wiː lɜːn ˈɡræmə/,ui lern gramer.,Nosotros aprendemos gramática.
My vocabulary is big.,/maɪ vəˈkæbjələri ɪz bɪɡ/,mai vokabiuleri is big.,Mi vocabulario es grande.
My vocabulary isn't big.,/maɪ vəˈkæbjələri ˈɪznt bɪɡ/,mai vokabiuleri isent big.,Mi vocabulario no es grande.
Is your vocabulary big?,/ɪz jɔː vəˈkæbjələri bɪɡ/,is ior vokabiuleri big?,¿Es grande tu vocabulario?
Whose vocabulary is big?,/huːz vəˈkæbjələri ɪz bɪɡ/,jus vokabiuleri is big?,¿De quién es el vocabulario grande?
My vocabulary was big.,/maɪ vəˈkæbjələri wɒz bɪɡ/,mai vokabiuleri woz big.,Mi vocabulario era grande.
Phonetics is hard.,/fəˈnɛtɪks ɪz hɑːd/,fonetiks is jard.,La fonética es difícil.
A noun is a word.,/ə naʊn ɪz ə wɜːd/,a naun is a uord.,Un sustantivo es una palabra.
Use an adjective.,/juːz ən ˈædʒɪktɪv/,iuz an ayektiv.,Usa un adjetivo.
It is a verb.,/ɪt ɪz ə vɜːb/,it is a verb.,Es un verbo.
The adverb is here.,/ðə ˈædvɜːb ɪz hɪə/,de adverb is jier.,El adverbio está aquí.
The adverb is not here.,/ðə ˈædvɜːb ɪz nɒt hɪə/,de adverb is not jier.,El adverbio no está aquí.
Is the adverb here?,/ɪz ðə ˈædvɜːb hɪə/,is de adverb jier?,¿Está el adverbio aquí?
Where is the adverb?,/wɛər ɪz ðə ˈædvɜːb/,guer is de adverb?,¿Dónde está el adverbio?
The adverb was here.,/ðə ˈædvɜːb wɒz hɪə/,de adverb woz jier.,El adverbio estaba aquí.
I use a pronoun.,/aɪ juːz ə ˈprəʊnaʊn/,ai iuz a pronaun.,Yo uso un pronombre.
Wow is an interjection.,/waʊ ɪz ən ˌɪntəˈdʒɛkʃən/,uau is an interyeccion.,Wow es una interjección.
In is a preposition.,/ɪn ɪz ə ˌprɛpəˈzɪʃən/,in is a prepousicion.,En es una preposición.
Find the root.,/faɪnd ðə ruːt/,faind de rut.,Encuentra la raíz.
Check the ending.,/tʃɛk ðə ˈɛndɪŋ/,chek de ending.,Revisa el final.
Re is a prefix.,/riː ɪz ə ˈpriːfɪks/,ri is a prifiks.,Re es un prefijo.
Say a syllable.,/seɪ ə ˈsɪləbəl/,sei a silabol.,Di una sílaba.
Ed is a suffix.,/ɛd ɪz ə ˈsʌfɪks/,ed is a sufiks.,Ed es un sufijo.
See the stress mark.,/siː ðə strɛs mɑːk/,si de stres mark.,Mira la marca de estrés.
Use an apostrophe.,/juːz ən əˈpɒstrəfi/,iuz an apostrofi.,Usa un apóstrofe.
Add a period.,/æd ə ˈpɪəriəd/,ad a piriad.,Agrega un punto.
Put in a comma.,/pʊt ɪn ə ˈkɒmə/,put in a coma.,Pon una coma.
Use a semicolon.,/juːz ə ˌsɛmiˈkəʊlən/,iuz a semicolon.,Usa un punto y coma.
Put a colon here.,/pʊt ə ˈkəʊlən hɪə/,put a colon jir.,Pon dos puntos aquí.
Use an ellipsis here.,/juːz ən ɪˈlɪpsɪs hɪə/,yus an elipsis jir.,Usa puntos suspensivos aquí.
Add a question mark.,/æd ə ˈkwɛstʃən mɑːk/,ad a cuestion mark.,Agrega un signo de interrogación.
Write an exclamation point.,/raɪt ən ˌɛkskləˈmeɪʃən pɔɪnt/,raut an exclamation point.,Escribe un signo de exclamación.
Use quotation marks.,/juːz kwəʊˈteɪʃən mɑːks/,yus cuotation marks.,Usa comillas.
It is in quotation marks.,/ɪt ɪz ɪn kwəʊˈteɪʃən mɑːks/,it is in cuotation marks.,Está entre comillas.
Put it in parenthesis.,/pʊt ɪt ɪn pəˈrɛnθɪsɪs/,put it in parentesis.,Ponlo entre paréntesis.
The word is in parenthesis.,/ðə wɜːd ɪz ɪn pəˈrɛnθɪsɪs/,de uord is in parentesis.,La palabra está entre paréntesis.
Add a hyphen.,/æd ə ˈhaɪfən/,ad a jaifen.,Agrega un guion.
Write a dash.,/raɪt ə dæʃ/,raut a dash.,Escribe un guion largo.
Put a space here.,/pʊt ə speɪs hɪə/,put a speis jir.,Pon un espacio aquí.
Write the letter.,/raɪt ðə ˈlɛtə/,raut de leter.,Escribe la letra.
Use a capital letter.,/juːz ə ˈkæpɪtəl ˈlɛtə/,yus a capital leter.,Usa una letra mayúscula.
It is a vowel.,/ɪt ɪz ə ˈvaʊəl/,it is a vowel.,Es una vocal.
B is a consonant.,/biː ɪz ə ˈkɒnsənənt/,bi is a consonant.,B es una consonante.
Read the sentence.,/riːd ðə ˈsɛntəns/,rid de sentens.,Lee la oración.
Find the subject.,/faɪnd ðə ˈsʌbdʒɪkt/,faind de subject.,Encuentra el sujeto.
This is the predicate.,/ðɪs ɪz ðə ˈprɛdɪkət/,dis is de predicate.,Este es el predicado.
Draw a line.,/drɔː ə laɪn/,dro a lain.,Dibuja una línea.
Write on a new line.,/raɪt ɒn ə njuː laɪn/,raut on a niu lain.,Escribe en una nueva línea.
Read the paragraph.,/riːd ðə ˈpærəɡrɑːf/,rid de paragraf.,Lee el párrafo.
Say the word.,/seɪ ðə wɜːd/,sei de uord.,Di la palabra.
It is a group of words.,/ɪt ɪz ə ɡruːp ɒv wɜːdz/,it is a grup of uords.,Es un grupo de palabras.
Use the expression.,/juːz ðɪ ɪkˈsprɛʃən/,yus de expression.,Usa la expresión.
Find a synonym.,/faɪnd ə ˈsɪnənɪm/,faind a sinonim.,Encuentra un sinónimo.
The antonym of hot is cold.,/ðə ˈæntənɪm ɒv hɒt ɪz kəʊld/,de antonim ov hot is cold.,El antónimo de caliente es frío.
We follow the rule.,/wiː ˈfɒləʊ ðə ruːl/,ui folou de rul.,Seguimos la regla.
He is an exception.,/hiː ɪz ən ɪkˈsɛpʃən/,ji is an exepshon.,Él es una excepción.
Your answer is correct.,/jɔːr ˈɑːnsər ɪz kəˈrɛkt/,yur anser is corect.,Tu respuesta es correcta.
The conjugation is hard.,/ðə ˌkɒndʒʊˈɡeɪʃən ɪz hɑːd/,de conjugueishon is jard.,La conjugación es difícil.
We study the declension.,/wiː ˈstʌdi ðə dɪˈklɛnʃən/,ui estadi de declenshon.,Estudiamos la declinación.
It is a nominal case.,/ɪt ɪz ə ˈnɒmɪnəl keɪs/,it is a nominal keis.,Es un caso nominal.
I have a question.,/aɪ hæv ə ˈkwɛstʃən/,ai jav a cueschon.,Tengo una pregunta.
Please underline the word.,/pliːz ˈʌndəlaɪn ðə wɜːrd/,pliz anderlain de werld.,Por favor subraya la palabra.
Sign on the dotted line.,/saɪn ɒn ðə ˈdɒtɪd laɪn/,sain on de dotid lain.,Firma en la línea punteada.
I like language.,/aɪ laɪk ˈlæŋɡwɪdʒ/,ai laik langüich.,Me gusta el idioma.
I don't like language.,/aɪ doʊnt laɪk ˈlæŋɡwɪdʒ/,ai dont laik langüich.,No me gusta el idioma.
Do you like language?,/du ju laɪk ˈlæŋɡwɪdʒ/,du yu laik langüich?,¿Te gusta el idioma?
Why do you like languages?,/waɪ duː juː laɪk ˈlæŋɡwɪdʒɪz/,guái du yu laik létngüidiyez?,¿Por qué te gustan los idiomas?
I liked language.,/aɪ laɪkt ˈlæŋɡwɪdʒ/,ai laikt langüich.,Me gustó el idioma.
It is a foreign car.,/ɪt ɪz ə ˈfɒrɪn kɑːr/,it is a forin car.,Es un coche extranjero.
She learns a foreign language.,/ʃiː lɜːnz ə ˈfɒrɪn ˈlæŋɡwɪdʒ/,shi lerns a forin langüich.,Ella aprende un idioma extranjero.
I study the book.,/aɪ ˈstʌdi ðə bʊk/,ai estadi de buk.,Estudio el libro.
They learn English.,/ðeɪ lɜːn ˈɪŋɡlɪʃ/,dei lern inglish.,Ellos aprenden inglés.
I can read it.,/aɪ kæn riːd ɪt/,ai can rid it.,Puedo leerlo.
He speaks very well.,/hiː spiːks ˈvɛri wɛl/,ji spiks very uel.,Él habla muy bien.
I understand the lesson.,/aɪ ˌʌndərˈstænd ðə ˈlɛsən/,ai anderestand de lesón.,Entiendo la lección.
We write a letter.,/wiː raɪt ə ˈlɛtər/,ui rait a leter.,Escribimos una carta.
He runs very fast.,/hiː rʌnz ˈvɛri fɑːst/,ji rans very fast.,Él corre muy rápido.
He does not run very fast.,/hiː dʌz nɒt rʌn ˈvɛri fɑːst/,ji das not ran very fast.,Él no corre muy rápido.
Does he run very fast?,/dʌz hiː rʌn ˈvɛri fɑːst/,das ji ran very fast?,¿Él corre muy rápido?
How fast does he run?,/haʊ fɑːst dʌz hiː rʌn/,jáu fast daz jí ran?,¿Qué tan rápido corre?
He ran very fast.,/hiː ræn ˈvɛri fɑːst/,ji ran very fast.,Él corrió muy rápido.
Please walk slowly.,/pliːz wɔːk ˈsləʊli/,pliz uok slouli.,Por favor camina despacio.
She speaks fluently.,/ʃiː spiːks ˈfluːəntli/,shi spiks fluentli.,Ella habla con fluidez.
The rules are clear.,/ðə ruːlz ɑːr klɪər/,de ruls ar cler.,Las reglas son claras.
My grammar is bad.,/maɪ ˈɡræmər ɪz bæd/,mai gramer is bad.,Mi gramática es mala.
I need new vocabulary.,/aɪ niːd njuː vəˈkæbjələri/,ai nid niu vocabiulari.,Necesito un vocabulario nuevo.
I like phonetics.,/aɪ laɪk fəˈnɛtɪks/,ai laik fonetics.,Me gusta la fonética.
I don't like phonetics.,/aɪ doʊnt laɪk fəˈnɛtɪks/,ai dont laik fonetics.,No me gusta la fonética.
Do you like phonetics?,/du ju laɪk fəˈnɛtɪks/,du yu laik fonetics?,¿Te gusta la fonética?
How do you study phonetics?,/haʊ du ju ˈstʌdi fəˈnɛtɪks/,jau du yu sstadi fonetics?,¿Cómo estudias la fonética?
I liked phonetics.,/aɪ laɪkt fəˈnɛtɪks/,ai laikt fonetics.,Me gustó la fonética.
This is my textbook.,/ðɪs ɪz maɪ ˈtɛkstbʊk/,dis is mai tekstbuk.,Este es mi libro de texto.
Use a dictionary.,/juːz ə ˈdɪkʃənəri/,iuz a dikshonari.,Usa un diccionario.
It is a teach-yourself book.,/ɪt ɪz ə tiːtʃ jɔːˈsɛlf bʊk/,it is a tič yurself buk.,Es un libro de autoaprendizaje.
She has a phrasebook.,/ʃiː hæz ə ˈfreɪzbʊk/,shi jas a freizbuk.,Ella tiene un libro de frases.
She does not have a phrasebook.,/ʃiː dʌz nɒt hæv ə ˈfreɪzbʊk/,shi das not jav a freizbuk.,Ella no tiene un libro de frases.
Does she have a phrasebook?,/dʌz ʃiː hæv ə ˈfreɪzbʊk/,das shi jav a freizbuk?,¿Ella tiene un libro de frases?
What is in her phrasebook?,/wɒt ɪz ɪn hɜː ˈfreɪzbʊk/,guot is in jer freizbuk?,¿Qué hay en su libro de frases?
She had a phrasebook.,/ʃiː hæd ə ˈfreɪzbʊk/,shi jad a freizbuk.,Ella tenía un libro de frases.
The cassette is old.,/ðə kəˈsɛt ɪz əʊld/,de kaset is old.,El casete es viejo.
I see a videotape.,/aɪ siː ə ˈvɪdiəʊteɪp/,ai si a vidiouteip.,Veo una videograbación.
Play the CD.,/pleɪ ðə siː diː/,plei de si di.,Reproduce el CD.
We watch a DVD.,/wiː wɒtʃ ə diː viː diː/,ui guoch a di vi di.,Vemos un DVD.
Learn the alphabet.,/lɜːn ðiː ˈælfəbɛt/,lern de alfabet.,Aprende el alfabeto.
Spell your name.,/spɛl jɔː neɪm/,spel yur neim.,Deletrea tu nombre.
Her pronunciation is good.,/hɜː prəˌnʌnsiˈeɪʃən ɪz gʊd/,jer pronsiesieishon is gud.,Su pronunciación es buena.
He has an accent.,/hiː hæz ən ˈæksənt/,ji jas an aksent.,Él tiene acento.
He does not have an accent.,/hiː dʌz nɒt hæv ən ˈæksənt/,ji das not jav an aksent.,Él no tiene acento.
Does he have an accent?,/dʌz hiː hæv ən ˈæksənt/,das ji jav an aksent?,¿Él tiene acento?
Why does he have an accent?,/waɪ dʌz hiː hæv ən ˈæksənt/,guai das ji jav an aksent?,¿Por qué él tiene acento?
He had an accent.,/hiː hæd ən ˈæksənt/,ji jad an aksent.,Él tenía acento.
She speaks with an accent.,/ʃiː spiːks wɪð ən ˈæksənt/,shi spiks wid an aksent.,Ella habla con acento.
He speaks without an accent.,/hiː spiːks wɪˈðaʊt ən ˈæksənt/,ji spiks widaut an aksent.,Él habla sin acento.
Write a word.,/raɪt ə wɜːd/,rait a uerld.,Escribe una palabra.
What is the meaning?,/wɒt ɪz ðə ˈmiːnɪŋ/,guot is de miming.,¿Cuál es el significado?
I take a course.,/aɪ teɪk ə kɔːs/,ai teik a cors.,Hago un curso.
Sign up for the class.,/saɪn ʌp fɔː ðə klɑːs/,sain ap for de clas.,Inscríbete a la clase.
The teacher is here.,/ðə ˈtiːtʃər ɪz hɪə/,de ticher is jir.,El profesor está aquí.
Translation is hard.,/trænsˈleɪʃən ɪz hɑːd/,transleishon is jard.,La traducción es difícil.
Read the translation.,/riːd ðə trænsˈleɪʃən/,rid de transleishon.,Lee la traducción.
He is a translator.,/hiː ɪz ə trænsˈleɪtə/,ji is a transleitor.,Él es traductor.
She is an interpreter.,/ʃiː ɪz ən ɪnˈtɜːprɪtə/,shi is an interpreter.,Ella es intérprete.
You are a polyglot.,/juː ɑː ə ˈpɒlɪglɒt/,iu ar a poliglot.,Tú eres políglota.
I have a good memory.,/aɪ hæv ə ɡʊd ˈmɛməri/,ai jav a gud memori.,Tengo buena memoria.
Santa Claus is here.,/ˈsæntə klɔːz ɪz hɪə/,santa claus is jier.,Santa Claus está aquí.
She likes Cinderella.,/ʃiː laɪks sɪndəˈrɛlə/,shi laiks cinderela.,A ella le gusta Cenicienta.
The mermaid is nice.,/ðə ˈmɜːmeɪd ɪz naɪs/,de mermeid is nais.,La sirena es agradable.
Neptune is a god.,/ˈnɛpjuːn ɪz ə ɡɒd/,neptune is a god.,Neptuno es un dios.
The magician is funny.,/ðə məˈdʒɪʃən ɪz ˈfʌni/,de maydishian is fani.,El mago es gracioso.
Look at the fairy.,/lʊk æt ðə ˈfɛəri/,luk at de feari.,Mira al hada.
It is a magic box.,/ɪt ɪz ə ˈmædʒɪk bɒks/,it is a mayedic boks.,Es una caja mágica.
He has a wand.,/hiː hæz ə wɒnd/,ji jav a uand.,Él tiene una varita.
He does not have a wand.,/hiː dʌz nɒt hæv ə wɒnd/,ji das not jav a uand.,Él no tiene una varita.
Does he have a wand?,/dʌz hiː hæv ə wɒnd/,das ji jav a uand?,¿Él tiene una varita?
How does he use a wand?,/haʊ dʌz hiː juːz ə wɒnd/,jau das ji ius a uand?,¿Cómo usa él una varita?
He had a wand.,/hiː hæd ə wɒnd/,ji jad a uand.,Él tenía una varita.
It is a fairy tale.,/ɪt ɪz ə ˈfɛəri teɪl/,it is a feari teil.,Es un cuento de hadas.
It is a miracle.,/ɪt ɪz ə ˈmɪrəkəl/,it is a mirakol.,Es un milagro.
The dwarf is short.,/ðə dwɔːf ɪz ʃɔːt/,de dworf is short.,El enano es bajo.
I turn into a cat.,/aɪ tɜːn ˈɪntuː ə kæt/,ai tern intu a kat.,Me convierto en un gato.
I see a ghost.,/aɪ siː ə ɡəʊst/,ai si a gost.,Veo un fantasma.
The phantom is sad.,/ðə ˈfæntəm ɪz sæd/,de fantam is sad.,El fantasma está triste.
The monster is big.,/ðə ˈmɒnstə ɪz bɪɡ/,de monster is big.,El monstruo es grande.
I like the dragon.,/aɪ laɪk ðə ˈdræɡən/,ai laik de dragon.,Me gusta el dragón.
I don't like the dragon.,/aɪ doʊnt laɪk ðə ˈdræɡən/,ai dont laik de dragon.,No me gusta el dragón.
Do you like the dragon?,/du ju laɪk ðə ˈdræɡən/,du yu laik de dragon?,¿Te gusta el dragón?
What is the dragon?,/wɒt ɪz ðə ˈdræɡən/,uot is de dragon?,¿Qué es el dragón?
I liked the dragon.,/aɪ laɪkt ðə ˈdræɡən/,ai laikt de dragon.,Me gustó el dragón.
The giant is tall.,/ðə ˈdʒaɪənt ɪz tɔːl/,de yaiant is tol.,El gigante es alto.
I am an Aries.,/aɪ æm ən ˈɛəriːz/,ai am an aries.,Soy Aries.
You are a Taurus.,/juː ɑːr ə ˈtɔːrəs/,yu ar a taurus.,Tú eres Tauro.
She is a Gemini.,/ʃiː ɪz ə ˈdʒɛmɪnaɪ/,shi is a yemini.,Ella es Géminis.
He is a Cancer.,/hiː ɪz ə ˈkænsə/,ji is a cancer.,Él es Cáncer.
My sign is Leo.,/maɪ saɪn ɪz ˈliːəʊ/,main sign is lio.,Mi signo es Leo.
We are Virgos.,/wiː ɑːr ˈvɜːɡəʊz/,ui ar virgos.,Nosotros somos Virgo.
It is Libra.,/ɪt ɪz ˈliːbrə/,it is libra.,Es Libra.
I am a Scorpio.,/aɪ æm ə ˈskɔːrpiəʊ/,ai am ei skorpio.,Soy Escorpio.
He is Sagittarius.,/hiː ɪz ˌsædʒɪˈteəriəs/,ji is sajitearius.,Él es Sagitario.
She is Capricorn.,/ʃiː ɪz ˈkæprɪkɔːrn/,shi is kaprikorn.,Ella es Capricornio.
You are Aquarius.,/juː ɑːr əˈkweəriəs/,yu ar akuearius.,Tú eres Acuario.
They are Pisces.,/ðeɪ ɑːr ˈpaɪsiːz/,dei ar paisis.,Ellos son Piscis.
He has a good character.,/hiː hæz ə gʊd ˈkærəktər/,ji jas ei gud karacter.,Él tiene buen carácter.
I like his features of character.,/aɪ laɪk hɪz ˈfiːtʃərz ɒv ˈkærəktər/,ai laik jis ficurs ov karacter.,Me gustan sus rasgos de carácter.
Her behavior is good.,/hɜːr bɪˈheɪvjər ɪz gʊd/,er javior is gud.,Su comportamiento es bueno.
I tell fortunes.,/aɪ tɛl ˈfɔːrtʃənz/,ai tel forchuns.,Leo la fortuna.
She is a fortune-teller.,/ʃiː ɪz ə ˈfɔːrtʃən tɛlər/,shi is ei forchun teler.,Ella es adivina.
Read your horoscope.,/riːd jɔːr ˈhɔːrəskoʊp/,rid yor horoskop.,Lee tu horóscopo.
We go to the theater.,/wiː goʊ tuː ðə ˈθiːətər/,ui gu tu de ziter.,Nosotros vamos al teatro.
I like opera.,/aɪ laɪk ˈɒprə/,ai laik opera.,Me gusta la ópera.
I don't like opera.,/aɪ doʊnt laɪk ˈɒprə/,ai dont laik opera.,No me gusta la ópera.
Do you like opera?,/du ju laɪk ˈɒprə/,du yu laik opera?,¿Te gusta la ópera?
Where do you see opera?,/weər du ju siː ˈɒprə/,ueer du yu sii opera?,¿Dónde ves la ópera?
I liked opera.,/aɪ laɪkt ˈɒprə/,ai laikt opera.,Me gustó la ópera.
She sees the operetta.,/ʃiː siːz ðiː ˌɒpəˈrɛtə/,shi sis di opereta.,Ella ve la opereta.
He dances ballet.,/hiː dænsɪz ˈbæleɪ/,ji danses balet.,Él baila ballet.
Look at the theater poster.,/lʊk æt ðə ˈθiːətər ˈpoʊstər/,luk at de ziter poster.,Mira el cartel del teatro.
They join the theatrical company.,/ðeɪ dʒɔɪn ðə θiˈætrɪkəl ˈkʌmpəni/,dei yoin de zietrical compani.,Ellos se unen a la compañía.
It is a long tour.,/ɪt ɪz ə lɔːŋ tʊər/,it is ei long tur.,Es una gira larga.
I am on tour.,/aɪ æm ɒn tʊər/,ai am on tur.,Estoy de gira.
We rehearse the play.,/wiː rɪˈhɜːrs ðə pleɪ/,ui rijers de plei.,Ensayamos la obra.
The rehearsal is now.,/ðə rɪˈhɜːrsəl ɪz naʊ/,de rijers is nau.,El ensayo es ahora.
His repertoire is big.,/hɪz ˈrɛpərtwɑːr ɪz bɪg/,is repertuar is big.,Su repertorio es grande.
The performance is fun.,/ðə pərˈfɔːrməns ɪz fʌn/,de perforans is fan.,La actuación es divertida.
We watch a theatrical show.,/wiː wɒtʃ ə θiˈætrɪkəl ʃoʊ/,ui guoch ei zietrical shou.,Vemos un espectáculo teatral.
The play is good.,/ðə pleɪ ɪz gʊd/,de plei is gud.,La obra es buena.
I have one ticket.,/aɪ hæv wʌn ˈtɪkɪt/,ai jav wan tiket.,Tengo un boleto.
The box office is here.,/ðə bɒks ˈɒfɪs ɪz hɪə/,de boks ofis is jier.,La taquilla está aquí.
We meet in the lobby.,/wiː miːt ɪn ðə ˈlɒbi/,ui mit in de lobi.,Nos encontramos en el hall.
It is a coat check.,/ɪt ɪz ə kəʊt tʃek/,it is a kout chek.,Es un guardarropa.
This is your tag.,/ðɪs ɪz jɔː tæɡ/,dis is yor tag.,Este es tu comprobante.
I use my binoculars.,/aɪ juːz maɪ bɪˈnɒkjələz/,ai yus mai binokiolers.,Uso mis prismáticos.
The usher is nice.,/ðə ˈʌʃər ɪz naɪs/,de asher is nais.,El acomodador es amable.
We like orchestra seats.,/wiː laɪk ˈɔːkɪstrə siːts/,ui laik orkestra sits.,Nos gustan los asientos de platea.
She sits on the balcony.,/ʃiː sɪts ɒn ðə ˈbælkəni/,shi sits on de balkoni.,Ella se sienta en el anfiteatro.
The dress circle is high.,/ðə drɛs ˈsɜːrkəl ɪz haɪ/,de dres sirkol is jai.,El primer anfiteatro es alto.
This box is big.,/ðɪs bɒks ɪz bɪɡ/,dis boks is big.,Este palco es grande.
This box is not big.,/ðɪs bɒks ɪz nɒt bɪɡ/,dis boks is not big.,Este palco no es grande.
Is this box big?,/ɪz ðɪs bɒks bɪɡ/,is dis boks big?,¿Es grande este palco?
Which box is big?,/wɪtʃ bɒks ɪz bɪɡ/,guich boks is big?,¿Qué palco es grande?
This box was big.,/ðɪs bɒks wɒz bɪɡ/,dis boks woz big.,Este palco era grande.
We sit in this row.,/wiː sɪt ɪn ðɪs rəʊ/,ui sit in dis rou.,Nos sentamos en esta fila.
This is my seat.,/ðɪs ɪz maɪ siːt/,dis is mi sit.,Este es mi asiento.
The audience is happy.,/ðə ˈɔːdiəns ɪz ˈhæpi/,de audiens is japi.,La audiencia está feliz.
He is a spectator.,/hiː ɪz ə spɛkˈteɪtər/,ji is a espectador.,Él es un espectador.
We clap for the show.,/wiː klæp fɔː ðə ʃəʊ/,ui clap for de shou.,Aplaudimos por el show.
The applause is loud.,/ðə əˈplɔːz ɪz laʊd/,de aplaus is laud.,El aplauso es ruidoso.
They give an ovation.,/ðeɪ ɡɪv ən əʊˈveɪʃən/,dei guiv an ovacion.,Ellos dan una ovación.
The stage is big.,/ðə steɪdʒ ɪz bɪɡ/,de steich is big.,El escenario es grande.
The curtain is red.,/ðə ˈkɜːrtən ɪz rɛd/,de kerton is red.,El telón es rojo.
The scenery is nice.,/ðə ˈsiːnəri ɪz naɪs/,de sineri is nais.,El escenario es bonito.
He goes backstage.,/hiː ɡəʊz ˈbæksteɪdʒ/,ji gous baksteich.,Él va tras bambalinas.
This is the last scene.,/ðɪs ɪz ðə læst siːn/,dis is de last sin.,Esta es la última escena.
Act two is good.,/ækt tuː ɪz ɡʊd/,act tu is gud.,El segundo acto es bueno.
We wait for intermission.,/wiː weɪt fɔːr ˌɪntərˈmɪʃən/,ui weit for intermision.,Esperamos al intermedio.
He is a good actor.,/hiː ɪz ə ɡʊd ˈæktə/,ji is a gud actor.,Él es un buen actor.
She is a famous actress.,/ʃiː ɪz ə ˈfeɪməs ˈæktrɪs/,shi is a feimus actres.,Ella es una actriz famosa.
He works in the movies.,/hiː wɜːks ɪn ðə ˈmuːviz/,ji uorks in de muvis.,Él trabaja en el cine.
I like this movie.,/aɪ laɪk ðɪs ˈmuːvi/,ai laik dis muvi.,Me gusta esta película.
I do not like this movie.,/aɪ duː nɒt laɪk ðɪs ˈmuːvi/,ai du not laik dis muvi.,No me gusta esta película.
Do you like this movie?,/duː juː laɪk ðɪs ˈmuːvi/,du iu laik dis muvi?,¿Te gusta esta película?
When did you watch this movie?,/wɛn dɪd juː wɒtʃ ðɪs ˈmuːvi/,guen did iu guoch dis muvi?,¿Cuándo viste esta película?
I liked this movie.,/aɪ laɪkt ðɪs ˈmuːvi/,ai laikt dis muvi.,Me gustó esta película.
This is a short episode.,/ðɪs ɪz ə ʃɔːrt ˈɛpɪˌsoʊd/,dis is a short episode.,Este es un episodio corto.
The detective is here.,/ðə dɪˈtɛktɪv ɪz hɪə/,de detectiv is jir.,El detective está aquí.
It is an action movie.,/ɪt ɪz æn ˈækʃən ˈmuːvi/,it is an acshion muvi.,Es una película de acción.
We watch an adventure movie.,/wi wɒtʃ æn ədˈvɛntʃər ˈmuːvi/,ui uoch an advenchur muvi.,Vemos una película de aventuras.
He likes science fiction movies.,/hiː laɪks ˈsaɪəns ˈfɪkʃən ˈmuːviz/,ji laiks saiens fikshion muvis.,Le gustan las películas de ciencia ficción.
I do not like horror movies.,/aɪ duː nɒt laɪk ˈhɔrər ˈmuːviz/,ai du not laik jorer muvis.,No me gustan las películas de terror.
She watches a comedy movie.,/ʃiː ˈwɒtʃɪz ə ˈkɒmədi ˈmuːvi/,shi uoches a comedi muvi.,Ella ve una película de comedia.
It is a sad melodrama.,/ɪt ɪz ə sæd ˈmɛləˌdrɑːmə/,it is a sad melodrama.,Es un melodrama triste.
This story is a drama.,/ðɪs ˈstɔːri ɪz ə ˈdrɑːmə/,dis stori is a drama.,Esta historia es un drama.
It is a fictional movie.,/ɪt ɪz ə ˈfɪkʃənəl ˈmuːvi/,it is a fikshional muvi.,Es una película de ficción.
We watch a documentary.,/wi wɒtʃ ə ˌdɒkjuˈmɛntəri/,ui uoch a documentari.,Vemos un documental.
Kids like this cartoon.,/kɪdz laɪk ðɪs kɑːrˈtuːn/,kids laik dis cartun.,A los niños les gusta este dibujo animado.
Old movies are silent movies.,/oʊld ˈmuːviz ɑːr ˈsaɪlənt ˈmuːviz/,old muvis ar sailent muvis.,Las películas antiguas son películas mudas.
His role is very small.,/hɪz roʊl ɪz ˈvɛri smɔːl/,jiz rol is veri smol.,Su papel es muy pequeño.
She has a leading role.,/ʃiː hæz ə ˈliːdɪŋ roʊl/,shi jas a lidin rol.,Ella tiene un papel principal.
They play in the movie.,/ðeɪ pleɪ ɪn ðə ˈmuːvi/,dei plei in de muvi.,Ellos actúan en la película.
He is a movie star.,/hiː ɪz ə ˈmuːvi stɑːr/,ji is a muvi star.,Él es una estrella de cine.
She is a well-known writer.,/ʃiː ɪz ə ˈwɛlˌnoʊn ˈraɪtər/,shi is a uel-non raiter.,Ella es una escritora conocida.
This city is very famous.,/ðɪs ˈsɪti ɪz ˈvɛri ˈfeɪməs/,dis siti is veri feimus.,Esta ciudad es muy famosa.
The song is very popular.,/ðə sɒŋ ɪz ˈvɛri ˈpɒpjələr/,de song is veri popiular.,La canción es muy popular.
He reads the script.,/hiː riːdz ðə skrɪpt/,ji rids de script.,Él lee el guion.
The scriptwriter writes a good story.,/ðə ˈskrɪptraɪtə raɪts ə ɡʊd ˈstɔːri/,de scriptwriter raits a gud story.,El guionista escribe una buena historia.
The movie director is very busy.,/ðə ˈmuːvi dɪˈrektər ɪz ˈvɛri ˈbɪzi/,de muvi director is veri biusi.,El director de cine está muy ocupado.
The producer has a lot of money.,/ðə prəˈduːsər hæz ə lɒt ɒv ˈmʌni/,de producer jas a lot of mani.,El productor tiene mucho dinero.
She is my assistant at work.,/ʃi ɪz maɪ əˈsɪstənt æt wɜːrk/,shi is mai asistent at work.,Ella es mi asistente en el trabajo.
The cameraman films the actor.,/ðə ˈkæmərəmæn fɪlmz ði ˈæktər/,de cameraman films de actor.,El camarógrafo filma al actor.
The stuntman jumps from the car.,/ðə ˈstʌntmæn dʒʌmps frɒm ðə kɑːr/,de stuntman yamps from de car.,El especialista salta del coche.
The double looks like the star.,/ðə ˈdʌbəl lʊks laɪk ðə stɑːr/,de double luks laik de star.,El doble se parece a la estrella.
They shoot a movie in the park.,/ðeɪ ʃuːt ə ˈmuːvi ɪn ðə pɑːrk/,dei shud a muvi in de park.,Ellos filman una película en el parque.
He goes to the audition today.,/hi ɡoʊz tuː ði ɔːˈdɪʃən təˈdeɪ/,ji gous tu de audicion tudei.,Él va a la audición hoy.
The shooting starts in the morning.,/ðə ˈʃuːtɪŋ stɑːrts ɪn ðə ˈmɔːrnɪŋ/,de shuting starts in de morning.,El rodaje empieza por la mañana.
The movie crew works hard here.,/ðə ˈmuːvi kruː wɜːrks hɑːrd hɪər/,de muvi cru works hard jier.,El equipo de película trabaja duro aquí.
This is the movie set.,/ðɪs ɪz ðə ˈmuːvi sɛt/,dis is de muvi set.,Este es el plató de la película.
I have a new camera.,/aɪ hæv ə nuː ˈkæmərə/,ai jav a nu camera.,Tengo una cámara nueva.
We go to the movie theater.,/wi ɡoʊ tuː ðə ˈmuːvi θiːətər/,ui gou tu de muvi titer.,Vamos al cine.
The big screen shows the movie.,/ðə bɪɡ skriːn ʃoʊz ðə ˈmuːvi/,de big screen shous de muvi.,La pantalla grande muestra la película.
They show a movie at night.,/ðeɪ ʃoʊ ə ˈmuːvi æt naɪt/,dei shou a muvi at nait.,Ellos muestran una película por la noche.
The soundtrack is very beautiful.,/ðə ˈsaʊndtræk ɪz ˈvɛri ˈbjuːtɪfəl/,de soundtrack is veri biutiful.,La banda sonora es muy bonita.
I like the special effects.,/aɪ laɪk ðə ˈspɛʃəl ɪˈfɛkts/,ai laik de spesial effects.,Me gustan los efectos especiales.
The movie has subtitles in English.,/ðə ˈmuːvi hæz ˈsʌbtaɪtəlz ɪn ˈɪŋɡlɪʃ/,de muvi jas subtitles in inglish.,La película tiene subtítulos en inglés.
The credits are at the end.,/ðə ˈkrɛdɪts ɑːr æt ði ɛnd/,de credits ar at de end.,Los créditos están al final.
The translation is in the book.,/ðə trænsˈleɪʃən ɪz ɪn ðə bʊk/,de transleicion is in de buk.,La traducción está en el libro.
She likes art very much.,/ʃi laɪks ɑːrt ˈvɛri mʌtʃ/,shi laiks art veri mach.,A ella le gusta mucho el arte.
He studies the fine arts.,/hi ˈstʌdiz ðə faɪn ɑːrts/,ji studis de fain arts.,Él estudia bellas artes.
We visit the art gallery.,/wi ˈvɪzɪt ðə ɑːrt ˈɡæləri/,u visit de art gallery.,Visitamos la galería de arte.
The art exhibition is open.,/ðə ɑːrt ˌɛksɪˈbɪʃən ɪz ˈoʊpən/,de art exibicion is open.,La exposición de arte está abierta.
The painting is on the wall.,/ðə ˈpeɪntɪŋ ɪz ɒn ðə wɔːl/,de peinting is on de uol.,El cuadro está en la pared.
This is graphic art.,/ðɪs ɪz ˈɡræfɪk ɑːt/,dis is grafic art.,Esto es arte gráfico.
I like abstract art.,/aɪ laɪk ˈæbstrækt ɑːt/,ai laik abstrakt art.,Me gusta el arte abstracto.
He likes impressionism.,/hiː laɪks ɪmˈprɛʃənɪzəm/,ji laiks impresionism.,A él le gusta el impresionismo.
Look at the picture.,/lʊk æt ðə ˈpɪktʃə/,luk at de pikcher.,Mira el cuadro.
She makes a drawing.,/ʃiː meɪks ə ˈdrɔːɪŋ/,shi meiks a droing.,Ella hace un dibujo.
The poster is new.,/ðə ˈpəʊstə ɪz njuː/,de poster is niu.,El póster es nuevo.
See the illustration.,/siː ðə ˌɪləˈstreɪʃən/,si de ilustréishon.,Mira la ilustración.
It is a miniature.,/ɪt ɪz ə ˈmɪnɪtʃə/,it is a miniatsher.,Es una miniatura.
This is a copy.,/ðɪs ɪz ə ˈkɒpi/,dis is a copi.,Esta es una copia.
The reproduction is good.,/ðə ˌriːprəˈdʌkʃən ɪz ɡʊd/,de riprodukshon is gud.,La reproducción es buena.
I see a mosaic.,/aɪ siː ə məʊˈzeɪɪk/,ai si a moseic.,Veo un mosaico.
The stained glass is red.,/ðə steɪnd ɡlɑːs ɪz rɛd/,de steind glass is red.,La vidriera es roja.
The fresco is old.,/ðə ˈfrɛskəʊ ɪz əʊld/,de fresko is old.,El fresco es antiguo.
This is an engraving.,/ðɪs ɪz æn ɪnˈɡreɪvɪŋ/,dis is an ingreiving.,Este es un grabado.
The bust is here.,/ðə bʌst ɪz hɪə/,de bast is jier.,El busto está aquí.
I like the sculpture.,/aɪ laɪk ðə ˈskʌlptʃə/,ai laik de skulptcher.,Me gusta la escultura.
I don't like the sculpture.,/aɪ dəʊnt laɪk ðə ˈskʌlptʃə/,ai dount laik de skulptcher.,No me gusta la escultura.
Do you like the sculpture?,/duː juː laɪk ðə ˈskʌlptʃə/,du iu laik de skulptcher?,¿Te gusta la escultura?
How is the sculpture?,/haʊ ɪz ðə ˈskʌlptʃə/,jau is de skulptcher?,¿Cómo está la escultura?
I liked the sculpture.,/aɪ laɪkt ðə ˈskʌlptʃə/,ai laikt de skulptcher.,Me gustó la escultura.
The statue is big.,/ðə ˈstætʃuː ɪz bɪɡ/,de stachu is big.,La estatua es grande.
Use plaster of Paris.,/juːz ˈplɑːstər əv ˈpærɪs/,ius plaster of paris.,Usa escayola.
It is a plaster cast.,/ɪt ɪz ə ˈplɑːstə kɑːst/,it is a plaster cast.,Es un molde de yeso.
The portrait is nice.,/ðə ˈpɔːtrɪt ɪz naɪs/,de portreit is nais.,El retrato es bonito.
He made a self-portrait.,/hiː meɪd ə ˌsɛlfˈpɔːtrɪt/,ji meid a self-portreit.,Él hizo un autorretrato.
This is a landscape painting.,/ðɪs ɪz ə ˈlændskeɪp ˈpeɪntɪŋ/,dis is a landskeip peinting.,Este es un paisaje.
It is a still life.,/ɪt ɪz ə stɪl laɪf/,it is a still laif.,Es un bodegón.
She drew a caricature.,/ʃiː druː ə ˈkærɪkətʃə/,shi druu a carikatcher.,Ella dibujó una caricatura.
This is a sketch of a cat.,/ðɪs ɪz ə skɛtʃ ɒv ə kæt/,dis is a eskech of a cat.,Este es un boceto de un gato.
I like the blue paint.,/aɪ laɪk ðə bluː peɪnt/,ai laik de bluu peint.,Me gusta la pintura azul.
She uses watercolor for art.,/ʃiː juːzɪz ˈwɔːtəkʌlə fɔːr ɑːrt/,shi iusis uatercolor for art.,Ella usa acuarela para el arte.
He buys oil for his art.,/hiː baɪz ɔɪl fɔːr hɪz ɑːrt/,ji bais oil for jis art.,Él compra óleo para su arte.
Write with a black pencil.,/raɪt wɪð ə blæk ˈpɛnsəl/,rauit wid a blak pensil.,Escribe con un lápiz negro.
The drawing uses Indian ink.,/ðə ˈdrɔːɪŋ juːzɪz ˈɪndiən ɪŋk/,de droing iusis indian ink.,El dibujo usa tinta china.
He draws with black charcoal.,/hiː drɔːz wɪð blæk ˈtʃɑːrkəʊl/,ji dros wid blak charcoal.,Él dibuja con carbón negro.
I like to draw pictures.,/aɪ laɪk tuː drɔː ˈpɪktʃərz/,ai laik tu dro pictshurs.,Me gusta dibujar imágenes.
They paint the house red.,/ðeɪ peɪnt ðə haʊs rɛd/,dei peint de jaus red.,Ellos pintan la casa de rojo.
He can pose for photos.,/hiː kæn pəʊz fɔːr ˈfəʊtəʊz/,ji can pos for fotos.,Él puede posar para fotos.
The man is a model.,/ðə mæn ɪz ə ˈmɒdəl/,de man is a model.,El hombre es un modelo.
She works as a model.,/ʃiː wɜːrks æz ə ˈmɒdəl/,shi uerks az a model.,Ella trabaja como modelo.
He is a good artist.,/hiː ɪz ə gʊd ˈɑːrtɪst/,ji is a gud artist.,Él es un buen artista.
This is a fine work of art.,/ðɪs ɪz ə faɪn wɜːrk ɒv ɑːrt/,dis is a fain uerk of art.,Esta es una hermosa obra de arte.
It is his masterpiece.,/ɪt ɪz hɪz ˈmæstərpiːs/,it is jis masterpiece.,Es su obra maestra.
The workshop is very big.,/ðə ˈwɜːrkʃɒp ɪz ˈvɛri bɪg/,de uerkshop is beri big.,El taller es muy grande.
The workshop isn't very big.,/ðə ˈwɜːrkʃɒp ˈɪznt ˈvɛri bɪg/,de uerkshop isnt beri big.,El taller no es muy grande.
Is the workshop very big?,/ɪz ðə ˈwɜːrkʃɒp ˈvɛri bɪg/,is de uerkshop beri big?,¿Es el taller muy grande?
How big is the workshop?,/haʊ bɪɡ ɪz ðə ˈwɜːkʃɒp/,jáu big iz de wérkshop?,¿Qué tan grande es el taller?
The workshop was very big.,/ðə ˈwɜːrkʃɒp wɒz ˈvɛri bɪg/,de uerkshop uoz beri big.,El taller era muy grande.
He paints on the canvas.,/hiː peɪnts ɒn ðə ˈkænvəs/,ji peints on de canvas.,Él pinta en el lienzo.
Put the art on the easel.,/pʊt ðə ɑːrt ɒn ðə ˈiːzəl/,put de art on de isil.,Pon el arte en el caballete.
She holds a wood palette.,/ʃiː həʊldz ə wʊd ˈpælət/,si jolds a uud palet.,Ella sostiene una paleta de madera.
The frame is made of wood.,/ðə freɪm ɪz meɪd ɒv wʊd/,de freim is meid of uud.,El marco está hecho de madera.
The restoration takes time.,/ðə ˌrɛstəˈreɪʃən teɪks taɪm/,de restoration teiks taim.,La restauración toma tiempo.
We restore old cars.,/wiː rɪˈstɔːr əʊld kɑːrz/,ui restore old cars.,Restauramos autos viejos.
She loves English literature.,/ʃiː lʌvs ˈɪŋglɪʃ ˈlɪtərətʃər/,shi laves inglish literature.,Ella ama la literatura inglesa.
He is a famous author.,/hiː ɪz ə ˈfeɪməs ˈɔːθər/,ji is a feimus author.,Él es un autor famoso.
He uses a fake name.,/hiː juːzɪz ə feɪk neɪm/,ji iusis a feik neim.,Él usa un nombre falso.
I read a book.,/aɪ riːd ə bʊk/,ai riuad a buk.,Leo un libro.
It is a big volume.,/ɪt ɪz ə bɪg ˈvɒljuːm/,it iz a big volium.,Es un volumen grande.
Check the table of contents.,/tʃɛk ðə ˈteɪbəl ɒv ˈkɒntɛnts/,chek de teibol ov contents.,Mira el índice.
Open the book to page five.,/ˈəʊpən ðə bʊk tuː peɪdʒ faɪv/,open de buk tu peich faiv.,Abre el libro en la página cinco.
The main character is good.,/ðə meɪn ˈkærəktər ɪz ɡʊd/,de mein caracter iz gud.,El personaje principal es bueno.
I want his autograph.,/aɪ wɒnt hɪz ˈɔːtəɡrɑːf/,ai uont jiz autograf.,Quiero su autógrafo.
This is a short story.,/ðɪs ɪz ə ʃɔːt ˈstɔːri/,dis is a shor stori.,Este es un cuento corto.
I like this story.,/aɪ laɪk ðɪs ˈstɔːri/,ai laik dis stori.,Me gusta esta historia.
I don't like this story.,/aɪ dəʊnt laɪk ðɪs ˈstɔːri/,ai dount laik dis stori.,No me gusta esta historia.
Do you like this story?,/duː juː laɪk ðɪs ˈstɔːri/,du iu laik dis stori?,¿Te gusta esta historia?
Why do you like this story?,/waɪ duː juː laɪk ðɪs ˈstɔːri/,uai du iu laik dis stori?,¿Por qué te gusta esta historia?
I liked this story.,/aɪ laɪkt ðɪs ˈstɔːri/,ai laikt dis stori.,Me gustó esta historia.
The novel is very long.,/ðə ˈnɒvəl ɪz ˈvɛri lɒŋ/,de novel iz veri long.,La novela es muy larga.
It is a hard work.,/ɪt ɪz ə hɑːd wɜːk/,it iz a jard uork.,Es un trabajo duro.
Read the fable.,/riːd ðə ˈfeɪbəl/,riid de feibol.,Lee la fábula.
He reads a detective novel.,/hiː riːdz ə dɪˈtɛktɪv ˈnɒvəl/,ji ruids a detectiv novel.,Él lee una novela de detectives.
Write a poem.,/raɪt ə ˈpəʊɪm/,raut a poum.,Escribe un poema.
I like poetry.,/aɪ laɪk ˈpəʊɪtri/,ai laik pouetri.,Me gusta la poesía.
I don't like poetry.,/aɪ dəʊnt laɪk ˈpəʊɪtri/,ai dount laik pouetri.,No me gusta la poesía.
Do you like poetry?,/duː juː laɪk ˈpəʊɪtri/,du iu laik pouetri?,¿Te gusta la poesía?
What poetry do you like?,/wɒt ˈpəʊɪtri duː juː laɪk/,wuot pouetri du iu laik?,¿Qué poesía te gusta?
I liked poetry.,/aɪ laɪkt ˈpəʊɪtri/,ai laikt pouetri.,Me gustaba la poesía.
It is a long poem.,/ɪt ɪz ə lɒŋ ˈpəʊɪm/,it iz a long poum.,Es un poema largo.
He is a poet.,/hiː ɪz ə ˈpəʊɪt/,ji iz a pout.,Él es poeta.
This is fiction.,/ðɪs ɪz ˈfɪkʃən/,dis is ficcion.,Esto es ficción.
I watch science fiction.,/aɪ wɒtʃ ˈsaɪəns ˈfɪkʃən/,ai guoch saiens ficcion.,Veo ciencia ficción.
We like adventures.,/wiː laɪk ədˈvɛntʃəz/,ui laik aventchurs.,Nos gustan las aventuras.
We don't like adventures.,/wiː dəʊnt laɪk ədˈvɛntʃəz/,ui dount laik aventchurs.,No nos gustan las aventuras.
Do you like adventures?,/duː juː laɪk ədˈvɛntʃəz/,du iu laik aventchurs?,¿Les gustan las aventuras?
Who likes adventures?,/huː laɪks ədˈvɛntʃəz/,ju laiks aventchurs?,¿A quién le gustan las aventuras?
We liked adventures.,/wiː laɪkt ədˈvɛntʃəz/,ui laikt aventchurs.,Nos gustaban las aventuras.
Read educational literature.,/riːd ˌɛdjuːˈkeɪʃənl ˈlɪtərətʃə/,riid ediukeishonal literatura.,Lee literatura educativa.
It is children's literature.,/ɪt ɪz ˈtʃɪldrənz ˈlɪtərətʃə/,it is childrens literatura.,Es literatura infantil.
We go to the circus.,/wiː ɡəʊ tuː ðə ˈsɜːkəs/,ui gou tu de sircus.,Vamos al circo.
See the chapiteau circus.,/siː ðə ˈʃæpɪtəʊ ˈsɜːkəs/,si de chapitou sircus.,Mira el circo de carpa.
Read the program.,/riːd ðə ˈprəʊɡræm/,riid de prougram.,Lee el programa.
The performance is fun.,/ðə pəˈfɔːməns ɪz fʌn/,de performans iz fan.,La actuación es divertida.
The act is very good.,/ðə ækt ɪz vɛri gʊd/,de akt is beri gud.,El acto es muy bueno.
The act isn't very good.,/ðə ækt ˈɪznt ˈvɛri ɡʊd/,de akt isnt beri gud.,El acto no es muy bueno.
Is the act very good?,/ɪz ðə ækt ˈvɛri ɡʊd/,is de akt beri gud?,¿Es el acto muy bueno?
How is the act?,/haʊ ɪz ðə ækt/,jau is de akt?,¿Cómo está el acto?
The act was very good.,/ðə ækt wɒz ˈvɛri ɡʊd/,de akt uoz beri gud.,El acto era muy bueno.
The horse is in the circus ring.,/ðə hɔːrs ɪz ɪn ðə sɜːrkəs rɪŋ/,de jors is in de serkusrin.,El caballo está en la pista del circo.
He likes the pantomime.,/hiː laɪks ðə pæntəmaɪm/,ji laiks de pantomain.,A él le gusta la pantomima.
The clown has a red nose.,/ðə klaʊn hæz ə rɛd noʊz/,de claun jas a red nos.,El payaso tiene una nariz roja.
The acrobat can jump high.,/ðə ækrəbæt kæn dʒʌmp haɪ/,de acrobat can yamp jai.,El acróbata puede saltar alto.
She likes acrobatics.,/ʃiː laɪks ækrəbætɪks/,shi laiks acrobatics.,A ella le gustan la acrobacia.
The gymnast is strong.,/ðə dʒɪmnæst ɪz strɒŋ/,de yimnast is stron.,El gimnasta es fuerte.
He does gymnastics.,/hiː dʌz dʒɪmnæstɪks/,ji das yimnastics.,Él hace gimnasia.
Do a somersault.,/duː ə sʌmərsɔːlt/,du a somersolt.,Haz un salto mortal.
The athlete is big.,/ðə æθliːt ɪz bɪg/,de atlit is big.,El atleta es grande.
The animal-tamer is here.,/ðə ænɪməl teɪmər ɪz hɪr/,de animalteimer is jir.,El domador de animales está aquí.
The equestrian rides well.,/ðɪ ɪkwestriən raɪdz wɛl/,de equestrian raids uel.,El jinete monta bien.
She is my assistant.,/ʃiː ɪz maɪ əsɪstənt/,shi is mai asistent.,Ella es mi asistente.
The stunt is cool.,/ðə stʌnt ɪz kuːl/,de stunt is cul.,La acrobacia es genial.
This is a magic trick.,/ðɪs ɪz ə mædʒɪk trɪk/,dis is a mayic trick.,Este es un truco de magia.
The magician has a hat.,/ðə mədʒɪʃən hæz ə hæt/,de mayician jas a jat.,El mago tiene un sombrero.
The juggler is fast.,/ðə dʒʌglər ɪz fæst/,de yagler is fast.,El malabarista es rápido.
I can juggle three balls.,/aɪ kæn dʒʌgləl θriː bɔːlz/,ai can yagl zri bols.,Puedo hacer malabares con tres bolas.
The animal trainer is kind.,/ðə ænɪməl treɪnər ɪz kaɪnd/,de animaltreiner is kaind.,El entrenador de animales es amable.
Animal training is hard.,/ænɪməl treɪnɪŋ ɪz hɑːrd/,animaltreining is jard.,El adiestramiento de animales es difícil.
I train the dog.,/aɪ treɪn ðə dɔːg/,ai trein de dog.,Entreno al perro.
The music is loud.,/ðə mjuːzɪk ɪz laʊd/,de miusic is laud.,La música está alta.
He is a musician.,/hiː ɪz ə mjuːzɪʃən/,ji is a miusician.,Él es músico.
This is a musical instrument.,/ðɪs ɪz ə mjuːzɪkəl ɪnstrəmənt/,dis is a miusicalinstrument.,Este es un instrumento musical.
I play the piano.,/aɪ pleɪ ðə piːænoʊ/,ai plei de piano.,Toco el piano.
I play the guitar.,/aɪ pleɪ ðə ɡɪˈtɑːr/,ai plei de gitar.,Toco la guitarra.
She has a violin.,/ʃi hæz ə ˌvaɪəˈlɪn/,shi jaz a violin.,Ella tiene un violín.
She doesn't have a violin.,/ʃi ˈdʌznt hæv ə ˌvaɪəˈlɪn/,shi dasnt jav a violin.,Ella no tiene un violín.
Does she have a violin?,/dʌz ʃi hæv ə ˌvaɪəˈlɪn/,das shi jav a violin?,¿Ella tiene un violín?
Who has a violin?,/huː hæz ə ˌvaɪəˈlɪn/,ju jaz a violin?,¿Quién tiene un violín?
She had a violin.,/ʃi hæd ə ˌvaɪəˈlɪn/,shi jad a violin.,Ella tenía un violín.
He plays the cello.,/hi pleɪz ðə ˈtʃɛloʊ/,ji pleis de chelo.,Él toca el violonchelo.
It is a double bass.,/ɪt ɪz ə ˌdʌbəl beɪs/,it iz a dabel beis.,Es un contrabajo.
I see a harp.,/aɪ siː ə hɑːrp/,ai si a jarp.,Veo un arpa.
She likes the piano.,/ʃi laɪks ðə piˈænoʊ/,shi laiks de piano.,A ella le gusta el piano.
It is a grand piano.,/ɪt ɪz ə ɡrænd piˈænoʊ/,it iz a grand piano.,Es un piano de cola.
The church has an organ.,/ðə tʃɜːrtʃ hæz æn ˈɔːrɡən/,de cherch jaz an organ.,La iglesia tiene un órgano.
These are wind instruments.,/ðiːz ər wɪnd ˈɪnstrəmənts/,dis ar wind instruments.,Estos son instrumentos de viento.
He plays the oboe.,/hi pleɪz ðə ˈoʊboʊ/,ji pleis de obo.,Él toca el oboe.
That is a saxophone.,/ðæt ɪz ə ˈsæksəfoʊn/,dat iz a saxofon.,Ese es un saxofón.
I play the clarinet.,/aɪ pleɪ ðə ˌklærəˈnɛt/,ai plei de clariet.,Toco el clarinete.
She plays the flute.,/ʃi pleɪz ðə fluːt/,shi pleis de flute.,Ella toca la flauta.
He likes the trumpet.,/hi laɪks ðə ˈtrʌmpɪt/,ji laiks de trumpet.,A él le gusta la trompeta.
I have an accordion.,/aɪ hæv æn əˈkɔːrdiən/,ai jav an acordion.,Tengo un acordeón.
Hit the drum.,/hɪt ðə drʌm/,hit de dram.,Golpea el tambor.
We are a duo.,/wi ɑːr ə ˈduːoʊ/,ui ar a duo.,Somos un dúo.
They are a trio.,/ðeɪ ɑːr ə ˈtriːoʊ/,dei ar a trio.,Ellos son un trío.
It is a quartet.,/ɪt ɪz ə kwɔːrˈtɛt/,it iz a cuartet.,Es un cuarteto.
The choir sings.,/ðə kwaɪər sɪŋz/,de cuair sings.,El coro canta.
He is in the orchestra.,/hi ɪz ɪn ðə ˈɔːrkɪstrə/,ji iz in de orchestra.,Él está en la orquesta.
I like pop music.,/aɪ laɪk pɑːp ˈmjuːzɪk/,ai laik pop miusic.,Me gusta la música pop.
We listen to rock music.,/wi ˈlɪsən tuː rɑːk ˈmjuːzɪk/,ui lisen tu rock miusic.,Escuchamos música rock.
They are a rock group.,/ðeɪ ɑːr ə rɑːk ɡruːp/,dei ar a rock grup.,Ellos son un grupo de rock.
I love jazz.,/aɪ lʌv dʒæz/,ai lav yazz.,Amo el jazz.
He is a big pop idol.,/hiː ɪz ə bɪɡ pɒp ˈaɪdəl/,ji is a big pop aidol.,Él es un gran ídolo pop.
I am a big fan.,/aɪ æm ə bɪɡ fæn/,ai am a big fan.,Soy un gran fanático.
We go to the concert.,/wiː ɡəʊ tuː ðə ˈkɒnsət/,ui gou tu de concert.,Vamos al concierto.
The symphony is very long.,/ðə ˈsɪmfəni ɪz ˈvɛri lɒŋ/,de simfoni is beri long.,La sinfonía es muy larga.
This is a new composition.,/ðɪs ɪz ə njuː ˌkɒmpəˈzɪʃən/,dis is a niu composicion.,Esta es una nueva composición.
She can compose a song.,/ʃiː kæn kəmˈpəʊz ə sɒŋ/,shi can compose a song.,Ella puede componer una canción.
I like singing songs.,/aɪ laɪk ˈsɪŋɪŋ sɒŋz/,ai laik singin songs.,Me gusta cantar canciones.
This song is very good.,/ðɪs sɒŋ ɪz ˈvɛri ɡʊd/,dis song is beri gud.,Esta canción es muy buena.
This song isn't very good.,/ðɪs sɒŋ ˈɪznt ˈvɛri ɡʊd/,dis song isnt beri gud.,Esta canción no es muy buena.
Is this song very good?,/ɪz ðɪs sɒŋ ˈvɛri ɡʊd/,is dis song beri gud?,¿Es esta canción muy buena?
Which song is very good?,/wɪtʃ sɒŋ ɪz ˈvɛri ɡʊd/,uich song is beri gud?,¿Qué canción es muy buena?
This song was very good.,/ðɪs sɒŋ wɒz ˈvɛri ɡʊd/,dis song uoz beri gud.,Esta canción era muy buena.
The tune is very nice.,/ðə tjuːn ɪz ˈvɛri naɪs/,de tiun is beri nais.,La melodía es muy bonita.
The rhythm is fast.,/ðə ˈrɪðəm ɪz fɑːst/,de ridim is fast.,El ritmo es rápido.
He plays the blues.,/hiː pleɪz ðə bluːz/,ji pleis de blus.,Él toca blues.
Read the sheet music.,/riːd ðə ʃiːt ˈmjuːzɪk/,rid de shiut miusic.,Lee la partitura.
Hold the baton now.,/həʊld ðə ˈbætən naʊ/,jold de baton nau.,Sostén la batuta ahora.
Use the bow to play.,/juːz ðə bəʊ tuː pleɪ/,ius de bou tu plei.,Usa el arco para tocar.
The string is broken.,/ðə strɪŋ ɪz ˈbrəʊkən/,de string is brouken.,La cuerda está rota.
Put it in the case.,/pʊt ɪt ɪn ðə keɪs/,put it in de keis.,Pónlo en el estuche.
Tourism is big here.,/ˈtʊərɪzəm ɪz bɪɡ hɪə/,turism is big jier.,El turismo es grande aquí.
The tourist is lost.,/ðə ˈtʊərɪst ɪz lɒst/,de turist is lost.,El turista está perdido.
The trip was fun.,/ðə trɪp wɒz fʌn/,de trip uas fan.,El viaje fue divertido.
It is a big adventure.,/ɪt ɪz ə bɪɡ ədˈventʃə/,it is a big adventure.,Es una gran aventura.
It is not a big adventure.,/ɪt ɪz nɒt ə bɪɡ ədˈvɛntʃər/,it is not a big aventcher.,No es una gran aventura.
Is it a big adventure?,/ɪz ɪt ə bɪɡ ədˈvɛntʃər/,is it a big aventcher?,¿Es una gran aventura?
When is the big adventure?,/wɛn ɪz ðə bɪɡ ədˈvɛntʃər/,wen is de big aventcher?,¿Cuándo es la gran aventura?
It was a big adventure.,/ɪt wɒz ə bɪɡ ədˈvɛntʃər/,it woz a big aventcher.,Fue una gran aventura.
The journey is long.,/ðə ˈdʒɜːni ɪz lɒŋ/,de yorney is long.,El viaje es largo.
We need a vacation.,/wiː niːd ə veɪˈkeɪʃən/,ui nid a vekeicion.,Necesitamos unas vacaciones.
I am on vacation.,/aɪ æm ɒn veɪˈkeɪʃən/,ai am on vekeicion.,Estoy de vacaciones.
I need some rest.,/aɪ niːd sʌm rɛst/,ai nid som rest.,Necesito descansar.
The train is here.,/ðə treɪn ɪz hɪə/,de trein is jier.,El tren está aquí.
The train isn't here.,/ðə treɪn ˈɪznt hɪə/,de trein isent jier.,El tren no está aquí.
Is the train here?,/ɪz ðə treɪn hɪə/,is de trein jier?,¿Está aquí el tren?
Where is the train?,/weər ɪz ðə treɪn/,uer is de trein?,¿Dónde está el tren?
The train was here.,/ðə treɪn wɒz hɪə/,de trein wuoz jier.,El tren estaba aquí.
I go by train.,/aɪ ɡəʊ baɪ treɪn/,ai go bai trein.,Voy en tren.
The airplane is big.,/ðə ˈeəpleɪn ɪz bɪɡ/,de erplein is big.,El avión es grande.
We go by airplane.,/wiː ɡəʊ baɪ ˈeəpleɪn/,ui go bai erplein.,Nosotros vamos en avión.
She goes by car.,/ʃiː ɡəʊz baɪ kɑː/,shi goes bai kar.,Ella va en coche.
They go by ship.,/ðeɪ ɡəʊ baɪ ʃɪp/,dei go bai ship.,Ellos van en barco.
My luggage is here.,/maɪ ˈlʌɡɪdʒ ɪz hɪə/,mai lalidich is jier.,Mi equipaje está aquí.
This is my suitcase.,/ðɪs ɪz maɪ ˈsuːtkeɪs/,dis is mi sutkeis.,Esta es mi maleta.
He has a luggage cart.,/hiː hæz ə ˈlʌɡɪdʒ kɑːt/,ji jas a lalidich kart.,Él tiene un carrito.
This is your passport.,/ðɪs ɪz jɔː ˈpɑːspɔːt/,dis is yor pasport.,Este es tu pasaporte.
I need a visa.,/aɪ niːd ə ˈviːzə/,ai nid a visa.,Necesito un visado.
Here is your ticket.,/hɪər ɪz jɔː ˈtɪkɪt/,jier is yor tiket.,Aquí está tu billete.
The air ticket is cheap.,/ðə eə ˈtɪkɪt ɪz tʃiːp/,de er tiket is chip.,El billete de avión es barato.
I read the guidebook.,/aɪ riːd ðə ˈɡaɪdbʊk/,ai rid de gaidbuk.,Leo la guía turística.
Look at the map.,/lʊk æt ðə mæp/,luk at de map.,Mira el mapa.
This area is nice.,/ðɪs ˈeəriə ɪz naɪs/,dis eria is nais.,Esta zona es bonita.
It is a good place.,/ɪt ɪz ə ɡʊd pleɪs/,it is a gud pleis.,Es un buen lugar.
I like the exotic.,/aɪ laɪk ðə ɪɡˈzɒtɪk/,ai laik de ezotik.,Me gusta lo exótico.
I don't like the exotic.,/aɪ dəʊnt laɪk ðə ɪɡˈzɒtɪk/,ai dount laik de ezotik.,No me gusta lo exótico.
Do you like the exotic?,/duː juː laɪk ðə ɪɡˈzɒtɪk/,du iu laik de ezotik?,¿Te gusta lo exótico?
Why do you like the exotic?,/waɪ duː juː laɪk ði ɪɡˈzɒtɪk/,guái du yu laik di igzótik?,¿Por qué te gusta lo exótico?
I liked the exotic.,/aɪ laɪkt ðə ɪɡˈzɒtɪk/,ai laikt de ezotik.,Me gustaba lo exótico.
We are a group.,/wiː ɑː ə ɡruːp/,ui ar a grup.,Somos un grupo.
We go on an excursion.,/wiː ɡəʊ ɒn ən ɪkˈskɜːʒən/,ui go on an ekskurshon.,Vamos de excursión.
The guide is here.,/ðə ɡaɪd ɪz hɪə/,de gaid is jier.,El guía está aquí.
This is a hotel.,/ðɪs ɪz ə həʊˈtɛl/,dis is a jotel.,Este es un hotel.
The motel is big.,/ðə məʊˈtɛl ɪz bɪɡ/,de motel is big.,El motel es grande.
The motel is not big.,/ðə məʊˈtɛl ɪz nɒt bɪg/,de motel is not big.,El motel no es grande.
Is the motel big?,/ɪz ðə məʊˈtɛl bɪg/,is de motel big?,¿Es grande el motel?
Where is the big motel?,/weər ɪz ðə bɪg məʊˈtɛl/,wer is de big motel?,¿Dónde está el motel grande?
The motel was big.,/ðə məʊˈtɛl wɒz bɪg/,de motel woz big.,El motel era grande.
It is a three-star hotel.,/ɪt ɪz ə θriː stɑː həʊˈtɛl/,it is a zri star jotel.,Es un hotel de tres estrellas.
I want a five-star room.,/aɪ wɒnt ə faɪv stɑː ruːm/,ai guont a faiv star rum.,Quiero una habitación de cinco estrellas.
I stay at a hotel.,/aɪ steɪ æt ə həʊˈtɛl/,ai stei at a jotel.,Me quedo en un hotel.
This room is very big.,/ðɪs ruːm ɪz ˈvɛri bɪɡ/,dis rum is veri big.,Esta habitación es muy grande.
This room isn't very big.,/ðɪs ruːm ˈɪznt ˈvɛri bɪɡ/,dis rum isent veri big.,Esta habitación no es muy grande.
Is this room very big?,/ɪz ðɪs ruːm ˈvɛri bɪɡ/,is dis rum veri big?,¿Es muy grande esta habitación?
Why is this room very big?,/waɪ ɪz ðɪs ruːm ˈvɛri bɪɡ/,uai is dis rum veri big?,¿Por qué es muy grande esta habitación?
This room was very big.,/ðɪs ruːm wɒz ˈvɛri bɪɡ/,dis rum wuoz veri big.,Esta habitación era muy grande.
I want a single room.,/aɪ wɒnt ə ˈsɪŋɡəl ruːm/,ai wont a singol rum.,Quiero una habitación individual.
We have a double room.,/wiː hæv ə ˈdʌbəl ruːm/,ji jav a dabol rum.,Tenemos una habitación doble.
I need to book a room.,/aɪ niːd tuː bʊk ə ruːm/,ai nid tu buk a rum.,Necesito reservar una habitación.
We choose half board.,/wiː tʃuːz hɑːf bɔːd/,wi chus jaf bord.,Elegimos media pensión.
I prefer full board.,/aɪ prɪˈfɜː fʊl bɔːd/,ai prefer full bord.,Prefiero pensión completa.
The room is with bath.,/ðə ruːm ɪz wɪð bɑːθ/,de rum is wid baf.,La habitación tiene bañera.
It is with shower.,/ɪt ɪz wɪð ˈʃaʊə/,it is wid shauer.,Tiene ducha.
We have satellite television.,/wiː hæv ˈsætəlaɪt ˌtɛlɪˈvɪʒən/,ji jav satelait telivishon.,Tenemos televisión por satélite.
The air-conditioner is new.,/ðə ˈeə kəndɪʃənə ɪz njuː/,de air kondisioner is niu.,El aire acondicionado es nuevo.
This towel is white.,/ðɪs ˈtaʊəl ɪz waɪt/,dis tauel is wait.,Este toalla es blanca.
Where is the key?,/weə ɪz ðə kiː/,uer is de ki.,¿Dónde está la llave?
The administrator is here.,/ðə ədˈmɪnɪstreɪtə ɪz hɪə/,de administrator is jir.,El administrador está aquí.
The chambermaid is nice.,/ðə ˈtʃeɪnbəmeɪd ɪz naɪs/,de chabermeid is nais.,La camarera es amable.
The porter helps you.,/ðə ˈpɔːtə hɛlps juː/,de porter jelps yu.,El botones te ayuda.
The doorman is tall.,/ðə ˈdɔːmən ɪz tɔːl/,de dorman is tol.,El portero es alto.
We go to the restaurant.,/wiː ɡəʊ tuː ðə ˈrɛstərɒnt/,wi gou tu de restorant.,Vamos al restaurante.
It is a quiet pub.,/ɪt ɪz ə ˈkwaɪət pʌb/,it is a kuaiat pub.,Es un bar tranquilo.
I eat breakfast at eight.,/aɪ iːt ˈbrɛkfəst æt eɪt/,ai iet brekfast at eit.,Desayuno a las ocho.
Dinner is very good.,/ˈdɪnə ɪz ˈvɛri ɡʊd/,diner is veri gud.,La cena es muy buena.
This buffet is large.,/ðɪs bəˈfeɪ ɪz lɑːdʒ/,dis bufey is lardch.,Este buffet es grande.
The lobby is clean.,/ðə ˈlɒbi ɪz kliːn/,de lobi is clin.,El hall está limpio.
We take the elevator.,/wiː teɪk ðə ˈɛlɪveɪtə/,wi teik de elevator.,Tomamos el ascensor.
I see do not disturb.,/aɪ siː duː nɒt dɪˈstɜːb/,ai si du not distorb.,Veo no molestar.
It is no smoking here.,/ɪt ɪz nəʊ ˈsməʊkɪŋ hɪə/,it is nou smouking jir.,Aquí está prohibido fumar.
I read a book.,/aɪ riːd ə bʊk/,ai riid a buk.,Leo un libro.
The author is here.,/ðə ˈɔːθər ɪz hɪər/,de auzor is jir.,El autor está aquí.
She is a writer.,/ʃiː ɪz ə ˈraɪtər/,shi is a raiter.,Ella es escritora.
I write a book.,/aɪ raɪt ə bʊk/,ai rait a buk.,Escribo un libro.
You are a reader.,/juː ɑːr ə ˈriːdər/,yu ar a rider.,Tú eres un lector.
I like to read.,/aɪ laɪk tuː riːd/,ai laik tu riid.,Me gusta leer.
I don't like to read.,/aɪ dəʊnt laɪk tuː riːd/,ai dount laik tu riid.,No me gusta leer.
Do you like to read?,/duː juː laɪk tuː riːd/,du iu laik tu riid?,¿Te gusta leer?
How often do you like to read?,/haʊ ˈɒfən duː juː laɪk tuː riːd/,jau ofen du iu laik tu riid?,¿Con qué frecuencia te gusta leer?
I liked to read.,/aɪ laɪkt tuː riːd/,ai laikt tu riid.,Me gustaba leer.
Reading is fun.,/ˈriːdɪŋ ɪz fʌn/,riding is fan.,Leer es divertido.
He reads silently.,/hiː riːdz ˈsaɪləntli/,ji riids sailentli.,Él lee en silencio.
She reads aloud.,/ʃiː riːdz əˈlaʊd/,shi riids alaund.,Ella lee en voz alta.
They publish the book.,/ðeɪ ˈpʌblɪʃ ðə bʊk/,dei pablish de buk.,Ellos publican el libro.
Publishing is hard.,/ˈpʌblɪʃɪŋ ɪz hɑːrd/,pablising is jard.,La publicación es difícil.
The publisher is big.,/ðə ˈpʌblɪʃər ɪz bɪg/,de pablisher is big.,La editorial es grande.
It is a publishing house.,/ɪt ɪz ə ˈpʌblɪʃɪŋ haʊs/,it is a pablising jaus.,Es una editorial.
The book comes out.,/ðə bʊk kʌmz aʊt/,de buk kams aut.,El libro sale.
The release is today.,/ðə rɪˈliːs ɪz təˈdeɪ/,de rilis is tudei.,El lanzamiento es hoy.
The print run is short.,/ðə prɪnt rʌn ɪz ʃɔːrt/,de print ran is shor.,La tirada es corta.
I go to the bookstore.,/aɪ ɡoʊ tuː ðə ˈbʊkstɔːr/,ai gou tu de bukstor.,Voy a la librería.
We go to the library.,/wiː ɡoʊ tuː ðə ˈlaɪbreri/,ui gou tu de laibreri.,Vamos a la biblioteca.
It is a good story.,/ɪt ɪz ə ɡʊd ˈstɔːri/,it is a gud stori.,Es una buena historia.
I like this short story.,/aɪ laɪk ðɪs ʃɔːrt ˈstɔːri/,ai laik dis shor stori.,Me gusta este cuento corto.
The novel is long.,/ðə ˈnɒvəl ɪz lɒŋ/,de novel is lon.,La novela es larga.
He reads a detective novel.,/hiː riːdz ə dɪˈtɛktɪv ˈnɒvəl/,ji riids a detectiv novel.,Él lee una novela de detectives.
She writes her memoirs.,/ʃiː raɪts hər ˈmɛmwɑːrz/,shi raiters jer memuars.,Ella escribe sus memorias.
It is a legend.,/ɪt ɪz ə ˈlɛdʒənd/,it is a leyend.,Es una leyenda.
He tells a myth.,/hiː tɛlz ə mɪθ/,ji tels a mid.,Él cuenta un mito.
I like to read poetry.,/aɪ laɪk tuː riːd ˈpəʊɪtri/,ai laik tu rid poitri.,Me gusta leer poesía.
He writes an autobiography.,/hiː raɪts ən ˌɔːtəbaɪˈɒɡrəfi/,ji raits an otobaiografi.,Él escribe una autobiografía.
I read selected works.,/aɪ riːd sɪˈlɛktɪd wɜːks/,ai rid selekted uerks.,Leo obras selectas.
She likes science fiction.,/ʃiː laɪks ˈsaɪəns fɪkʃn/,shi laiks saians fikshon.,A ella le gusta la ciencia ficción.
The book title is good.,/ðə bʊk ˈtaɪtl ɪz ɡʊd/,de buk taitel iz gud.,El título del libro es bueno.
Read the introduction first.,/riːd ðə ˌɪntrəˈdʌkʃn fɜːst/,rid de introdukshon ferst.,Lee la introducción primero.
See the title page.,/siː ðə ˈtaɪtl peɪdʒ/,si de taitel peidj.,Mira la portada.
I read chapter one.,/aɪ riːd ˈtʃæptə wʌn/,ai rid chaptar uan.,Leo el capítulo uno.
This is an extract.,/ðɪs ɪz ən ˈɛkstrækt/,dis is an ekstrakt.,Este es un extracto.
It is a long episode.,/ɪt ɪz ə lɒŋ ˈɛpɪsəʊd/,it is a long episoud.,Es un episodio largo.
The plot is very good.,/ðə plɒt ɪz ˈvɛri gʊd/,de plot is beri gud.,La trama es muy buena.
The plot is not very good.,/ðə plɒt ɪz nɒt ˈvɛri gʊd/,de plot is not beri gud.,La trama no es muy buena.
Is the plot very good?,/ɪz ðə plɒt ˈvɛri gʊd/,is de plot beri gud?,¿Es muy buena la trama?
How is the plot?,/haʊ ɪz ðə plɒt/,jau is de plot?,¿Cómo es la trama?
The plot was very good.,/ðə plɒt wɒz ˈvɛri gʊd/,de plot woz beri gud.,La trama fue muy buena.
Check the contents page.,/tʃɛk ðə ˈkɒntɛnts peɪdʒ/,chek de kontents peidj.,Revisa la página del contenido.
Open the table of contents.,/ˈəʊpən ðə ˈteɪbl ɒv ˈkɒntɛnts/,open de teibl ov kontents.,Abre el índice.
He is the main character.,/hiː ɪz ðə meɪn ˈkærəktə/,ji is de mein karacter.,Él es el personaje principal.
This is volume one.,/ðɪs ɪz ˈvɒljuːm wʌn/,dis is volium uan.,Este es el volumen uno.
The cover is blue.,/ðə ˈkʌvə ɪz bluː/,de caver is blu.,La cubierta es azul.
The binding is strong.,/ðə ˈbaɪndɪŋ ɪz strɒŋ/,de baiding is stron.,La encuadernación es fuerte.
Use a bookmark now.,/juːz ə ˈbʊkmɑːk naʊ/,yus a bukmark nau.,Usa un marcapáginas ahora.
Turn the page please.,/tɜːn ðə peɪdʒ pliːz/,tern de peidj plis.,Pasa la página por favor.
I flick through the book.,/aɪ flɪk θruː ðə bʊk/,ai flik zru de buk.,Hojeo el libro.
Write in the margins.,/raɪt ɪn ðə ˈmɑːdʒɪnz/,rait in de marginsh.,Escribe en los márgenes.
This is an annotation.,/ðɪs ɪz ən ˌænəˈteɪʃn/,dis is an anoteishon.,Esta es una anotación.
Read the footnote here.,/riːd ðə ˈfʊtnəʊt hɪə/,rid de futnout jier.,Lee la nota al pie aquí.
The text is small.,/ðə tɛkst ɪz smɔːl/,de text is smol.,El texto es pequeño.
The font is big.,/ðə fɒnt ɪz bɪɡ/,de font is big.,El tipo de letra es grande.
There is a typo in this book.,/ðeər ɪz ə ˈtaɪpəʊ ɪn ðɪs bʊk/,der is a taipo in dis buk.,Hay un error tipográfico en este libro.
The translation is very good.,/ðə trænsˈleɪʃən ɪz ˈvɛri gʊd/,de transleishon is beri gud.,La traducción es muy buena.
The translation is not very good.,/ðə trænsˈleɪʃən ɪz nɒt ˈvɛri gʊd/,de transleishon is not beri gud.,La traducción no es muy buena.
Is the translation very good?,/ɪz ðə trænsˈleɪʃən ˈvɛri gʊd/,is de transleishon beri gud?,¿Es muy buena la traducción?
Whose translation is very good?,/huːz trænsˈleɪʃən ɪz ˈvɛri gʊd/,jus transleishon is beri gud?,¿De quién es la traducción muy buena?
The translation was very good.,/ðə trænsˈleɪʃən wɒz ˈvɛri gʊd/,de transleishon woz beri gud.,La traducción fue muy buena.
I can translate the letter.,/aɪ kæn trænsˈleɪt ðə ˈlɛtə/,ai cen transleit de leter.,Puedo traducir la carta.
This is the original copy.,/ðɪs ɪz ði əˈrɪdʒənəl ˈkɒpi/,dis is di oridinal copi.,Este es el original.
He is a famous man.,/hiː ɪz ə ˈfeɪməs mæn/,ji is a feimos man.,Él es un hombre famoso.
The name is unknown to me.,/ðə neɪm ɪz ʌnˈnəʊn tuː miː/,de neim is noun tu mi.,El nombre es desconocido para mí.
This book is very interesting.,/ðɪs bʊk ɪz ˈvɛri ˈɪntrəstɪŋ/,dis buk is beri interesting.,Este libro es muy interesante.
It is a bestseller.,/ɪt ɪz ə ˈbɛstˌsɛlə/,it is a bestseller.,Es un superventas.
I need a dictionary.,/aɪ niːd ə ˈdɪkʃənəri/,ai nid a dictionari.,Necesito un diccionario.
She reads the textbook.,/ʃiː riːdz ðə ˈtɛkstbʊk/,shi rids de tekstbuk.,Ella lee el libro de texto.
Look in the encyclopedia.,/lʊk ɪn ði ɪnˌsaɪkləˈpiːdiə/,luk in di insaiclopedia.,Mira en la enciclopedia.
He likes hunting.,/hiː laɪks ˈhʌntɪŋ/,ji laiks janting.,A él le gusta cazar.
We hunt in the forest.,/wiː hʌnt ɪn ðə ˈfɒrɪst/,wi jant in de forest.,Cazamos en el bosque.
The hunter is quiet.,/ðə ˈhʌntər ɪz ˈkwaɪət/,de janter is kuaiet.,El cazador está callado.
Do not shoot here.,/duː nɒt ʃuːt hɪə/,du nut shut jia.,No dispare aquí.
This is a big rifle.,/ðɪs ɪz ə bɪg ˈraɪfəl/,dis is a big raifol.,Este es un rifle grande.
This is not a big rifle.,/ðɪs ɪz nɒt ə bɪg ˈraɪfəl/,dis is not a big raifol.,Este no es un rifle grande.
Is this a big rifle?,/ɪz ðɪs ə bɪg ˈraɪfəl/,is dis a big raifol?,¿Es este un rifle grande?
Whose big rifle is this?,/huːz bɪg ˈraɪfəl ɪz ðɪs/,jus big raifol is dis?,¿De quién es este rifle grande?
This was a big rifle.,/ðɪs wɒz ə bɪg ˈraɪfəl/,dis woz a big raifol.,Este era un rifle grande.
The bullet is fast.,/ðə ˈbʊlɪt ɪz fɑːst/,de bulet is fast.,La bala es rápida.
He used the shot.,/hiː juːzd ðə ʃɒt/,ji yusd de shot.,Él usó el perdigón.
The trap is on the ground.,/ðə træp ɪz ɒn ðə graʊnd/,de trap is on de graund.,La trampa está en el suelo.
The snare caught the bird.,/ðə sneə kɔːt ðə bɜːd/,de sner cot de berd.,El lazo atrapó al pájaro.
The wolf will fall into the trap.,/ðə wʊlf wɪl fɔːl ˈɪntuː ðə træp/,de uolf wil forl intu de trap.,El lobo caerá en la trampa.
We lay a trap for the fox.,/wiː leɪ ə træp fɔː ðə fɒks/,wi lei a trap for de foks.,Ponemos una trampa para el zorro.
The police stop the poacher.,/ðə pəˈliːs stɒp ðə ˈpəʊtʃə/,de police stop de potcher.,La policía detiene al furtivo.
The game hides in the woods.,/ðə geɪm haɪdz ɪn ðə wʊdz/,de geim jaids in de wuds.,La presa se esconde en el bosque.
The hound dog runs fast.,/ðə haʊnd dɒg rʌnz fɑːst/,de jaund dog rans fast.,El perro de caza corre rápido.
I like the safari.,/aɪ laɪk ðə səˈfɑːri/,ai laik de safari.,Me gusta el safari.
I don't like the safari.,/aɪ dəʊnt laɪk ðə səˈfɑːri/,ai dont laik de safari.,No me gusta el safari.
Do you like the safari?,/duː juː laɪk ðə səˈfɑːri/,du iu laik de safari?,¿Te gusta el safari?
Where is the safari?,/weər ɪz ðə səˈfɑːri/,wer is de safari?,¿Dónde está el safari?
I liked the safari.,/aɪ laɪkt ðə səˈfɑːri/,ai laikt de safari.,Me gustó el safari.
The mounted animal is big.,/ðə ˈmaʊntɪd ˈænɪməl ɪz bɪg/,de mauntid animal is big.,El animal disecado es grande.
The fisherman is here.,/ðə ˈfɪʃərmən ɪz hɪər/,de fisherman is jier.,El pescador está aquí.
He likes fishing.,/hiː laɪks ˈfɪʃɪŋ/,ji laiks fishing.,A él le gusta la pesca.
We fish in the sea.,/wiː fɪʃ ɪn ðə siː/,ui fish in de si.,Pescamos en el mar.
I have a fishing rod.,/aɪ hæv ə ˈfɪʃɪŋ rɒd/,ai jav a fishing rod.,Tengo una caña de pescar.
The fishing line is long.,/ðə ˈfɪʃɪŋ laɪn ɪz lɒŋ/,de fishing lain is long.,El hilo de pesca es largo.
This hook is sharp.,/ðɪs hʊk ɪz ʃɑːrp/,dis juk is sharp.,Este gancho es afilado.
The float is red.,/ðə floʊt ɪz rɛd/,de flot is red.,El flotador es rojo.
The bait is on the hook.,/ðə beɪt ɪz ɒn ðə hʊk/,de beit is on de juk.,El cebo está en el gancho.
I cast a line.,/aɪ kæst ə laɪn/,ai cast a lain.,Lanzo la línea.
The fish does not bite.,/ðə fɪʃ dʌz nɒt baɪt/,de fish das not bait.,El pez no pica.
The catch is big.,/ðə kæʃ ɪz bɪg/,de cash is big.,La captura es grande.
The catch is not big.,/ðə kæʃ ɪz nɒt bɪg/,de cash is not big.,La captura no es grande.
Is the catch big?,/ɪz ðə kæʃ bɪg/,is de cash big?,¿Es grande la captura?
How big is the catch?,/haʊ bɪɡ ɪz ðə kætʃ/,jáu big iz de kách?,¿Qué tan grande es la captura?
The catch was big.,/ðə kæʃ wɒz bɪg/,de cash woz big.,La captura fue grande.
The ice-hole is deep.,/ðə ˈaɪs hoʊl ɪz diːp/,de aij-jol is dip.,El agujero en el hielo es profundo.
He has a fishing net.,/hiː hæz ə ˈfɪʃɪŋ nɛt/,ji jas a fishing net.,Él tiene una red de pesca.
The boat is fast.,/ðə boʊt ɪz fæst/,de bot is fast.,El bote es rápido.
They net the fish.,/ðeɪ nɛt ðə fɪʃ/,dei net de fish.,Ellos atrapan el pez con una red.
We cast the net.,/wiː kæst ðə nɛt/,ui cast de net.,Lanzamos la red.
I haul in the net.,/aɪ hɔːl ɪn ðə nɛt/,ai jol in de net.,Recojo la red.
The fish fall into the net.,/ðə fɪʃ fɔːl ˈɪntuː ðə nɛt/,de fish fol intu de net.,Los peces caen en la red.
The whaler is old.,/ðə ˈweɪlər ɪz oʊld/,de ueiler is old.,El ballenero es viejo.
This is a whaleboat.,/ðɪs ɪz ə ˈweɪlboʊt/,dis is a ueilbot.,Este es un ballenero.
He holds a harpoon.,/hiː hoʊldz ə hɑːrˈpuːn/,ji jolds a jarpun.,Él sostiene un arpón.
I play billiards.,/aɪ pleɪ ˈbɪljərdz/,ai plei biilyards.,Juego al billar.
The billiard room is nice.,/ðə ˈbɪljərd rum ɪz naɪs/,de biilyard rum is nais.,La sala de billar es bonita.
The ball is on the floor.,/ðə bɔːl ɪz ɒn ðə flɔː/,de bol is on de flor.,La pelota está en el suelo.
He tries to pocket a ball.,/hiː traɪz tuː pɒkɪt ə bɔːl/,ji traiz tu poket a bol.,Él intenta meter una bola.
I hold the long cue.,/aɪ həʊld ðə lɒŋ kjuː/,ai jold de long kiu.,Sostengo el taco largo.
The ball goes in the pocket.,/ðə bɔːl gəʊz ɪn ðə pɒkɪt/,de bol gouz in de poket.,La bola entra en el bolsillo.
These cards are diamonds.,/ðiːz kɑːdz ɑː daɪməndz/,dis cards ar diamonds.,Estas cartas son diamantes.
She plays with spades.,/ʃiː pleɪz wɪð speɪdz/,shi pleis wid speids.,Ella juega con picas.
I like hearts.,/aɪ laɪk hɑːts/,ai laik jarts.,Me gustan los corazones.
I don't like hearts.,/aɪ dəʊnt laɪk hɑːts/,ai dont laik jarts.,No me gustan los corazones.
Do you like hearts?,/duː juː laɪk hɑːts/,du iu laik jarts?,¿Te gustan los corazones?
Why do you like hearts?,/waɪ duː juː laɪk hɑːts/,wai du iu laik jarts?,¿Por qué te gustan los corazones?
I liked hearts.,/aɪ laɪkt hɑːts/,ai laikt jarts.,Me gustaban los corazones.
You have clubs.,/juː hæv klʌbz/,ju jav clubs.,Tienes tréboles.
This is an ace.,/ðɪs ɪz ən eɪs/,dis is an eis.,Esto es un as.
He is the king.,/hiː ɪz ðə kɪŋ/,ji is de king.,Él es el rey.
The queen is here.,/ðə kwiːn ɪz hɪə/,de kuin is jier.,La reina está aquí.
It is a jack.,/ɪt ɪz ə dʒæk/,it is a yack.,Es una jota.
This is a playing card.,/ðɪs ɪz ə pleɪɪŋ kɑːd/,dis is a pleiing card.,Esta es una carta de jugar.
We play with cards.,/wiː pleɪ wɪð kɑːdz/,ui plei wid cards.,Jugamos con cartas.
Hearts are the trump.,/hɑːts ɑː ðə trʌmp/,jarts ar de trump.,Los corazones son el triunfo.
This is a deck of cards.,/ðɪs ɪz ə dɛk ɒv kɑːdz/,dis is a deck of cards.,Este es una baraja de cartas.
You have a point.,/juː hæv ə pɔɪnt/,ju jav a point.,Tienes un punto.
Please deal the cards.,/pliːz diːl ðə kɑːdz/,pliz dil de cards.,Por favor reparte las cartas.
I shuffle the cards.,/aɪ ʃʌfl ðə kɑːdz/,ai shafol de cards.,Barajo las cartas.
It is my turn.,/ɪt ɪz maɪ tɜːn/,it is mai turn.,Es mi turno.
He is a cardsharp.,/hiː ɪz ə kɑːdʃɑːp/,ji is a cardsharp.,Él es un tramposo.
We go to the casino.,/wiː gəʊ tuː ðə kəsiːnəʊ/,ui gou tu de kasinou.,Vamos al casino.
She likes roulette.,/ʃiː laɪks ruːlɛt/,shi laiks rulet.,A ella le gusta la ruleta.
I make a bet.,/aɪ meɪk ə bɛt/,ai meik a bet.,Hago una apuesta.
They place bets.,/ðeɪ pleɪs bɛts/,dei pleis bets.,Ellos hacen apuestas.
The apple is red.,/ðə ˈæpəl ɪz rɛd/,de apel iz red.,La manzana es roja.
The cat is black.,/ðə kæt ɪz blæk/,de kat iz black.,El gato es negro.
I bet on red.,/aɪ bɛt ɒn rɛd/,ai bet on red.,Apuesto al rojo.
He bets on black.,/hiː bɛts ɒn blæk/,ji bets on black.,Él apuesta al negro.
The croupier is nice.,/ðə ˈkruːpiər ɪz naɪs/,de croupier iz nais.,El croupier es amable.
She turns the wheel.,/ʃiː tɜːnz ðə wiːl/,shi torns de uil.,Ella gira la rueda.
The rules are easy.,/ðə ruːlz ɑːr ˈiːzi/,de ruls ar isi.,Las reglas son fáciles.
This is a chip.,/ðɪs ɪz ə tʃɪp/,dis is a chip.,Esta es una ficha.
We win the game.,/wiː wɪn ðə geɪm/,ui win de geim.,Ganamos el juego.
The winnings are big.,/ðə ˈwɪnɪŋz ɑːr bɪg/,de uinings ar big.,Las ganancias son grandes.
I lose my money.,/aɪ luːz maɪ ˈmʌni/,ai lus mai moni.,Pierdo mi dinero.
It is a big loss.,/ɪt ɪz ə bɪg lɒs/,it is a big los.,Es una gran pérdida.
She is a good player.,/ʃiː ɪz ə ɡʊd ˈpleɪər/,shi is a gud pleier.,Ella es una buena jugadora.
I like blackjack.,/aɪ laɪk ˈblækdʒæk/,ai laik blackdyeak.,Me gusta el blackjack.
I don't like blackjack.,/aɪ dəʊnt laɪk ˈblækdʒæk/,ai dont laik blackdyeak.,No me gusta el blackjack.
Do you like blackjack?,/duː juː laɪk ˈblækdʒæk/,du iu laik blackdyeak?,¿Te gusta el blackjack?
What is blackjack?,/wɒt ɪz ˈblækdʒæk/,wot is blackdyeak?,¿Qué es el blackjack?
I liked blackjack.,/aɪ laɪkt ˈblækdʒæk/,ai laikt blackdyeak.,Me gustaba el blackjack.
He plays craps.,/hiː pleɪz kræps/,ji pleis craps.,Él juega a los dados.
The slot machine is fun.,/ðə slɒt məˈʃiːn ɪz fʌn/,de slot mashin is fan.,La tragaperras es divertida.
We walk in the park.,/wiː wɔːk ɪn ðə pɑːrk/,ui uok in de park.,Caminamos en el parque.
It is a nice walk.,/ɪt ɪz ə naɪs wɔːk/,it is a nais uok.,Es un paseo agradable.
We go on a road trip.,/wiː goʊ ɒn ə roʊd trɪp/,ui gou on a rod trip.,Hacemos un viaje por carretera.
It is a big adventure.,/ɪt ɪz ə bɪg ədˈvɛntʃər/,it is a big aventcher.,Es una gran aventura.
We eat at the picnic.,/wiː iːt æt ðə ˈpɪknɪk/,ui it at de picnic.,Comemos en el picnic.
Chess is a game.,/tʃɛs ɪz ə geɪm/,ches is a geim.,El ajedrez es un juego.
She is a good player.,/ʃiː ɪz ə ɡʊd ˈpleɪər/,shi is a gud pleier.,Ella es una buena jugadora.
One game is short.,/wʌn geɪm ɪz ʃɔːrt/,uan geim is short.,Una partida es corta.
He is a collector.,/hiː ɪz ə kəˈlɛktər/,ji is a colector.,Él es un coleccionista.
I collect stamps.,/aɪ kəˈlɛkt stæmps/,ai colect stamps.,Yo colecciono sellos.
This is my collection.,/ðɪs ɪz maɪ kəˈlɛkʃən/,dis is mai coleccion.,Esta es mi colección.
I like this crossword puzzle.,/aɪ laɪk ðɪs ˈkrɒswɜːd ˈpʌzəl/,ai laik dis cruosord puzol.,Me gusta este crucigrama.
The car is on the racetrack.,/ðə kɑːr ɪz ɒn ðə ˈreɪstræk/,de car is on de reistrak.,El coche está en el circuito.
We go to the discotheque.,/wiː ɡəʊ tuː ðə ˈdɪskəʊtɛk/,ui gou tu de discotec.,Vamos a la discoteca.
The sauna is very hot.,/ðə ˈsaʊnə ɪz ˈvɛri hɒt/,de sauna is jeri jot.,La sauna está muy caliente.
He buys a lottery ticket.,/hiː baɪz ə ˈlɒtəri ˈtɪkɪt/,ji bais a loteri tiket.,Él compra un boleto de lotería.
We go on a camping trip.,/wiː ɡɒn ɒn ə ˈkæmpɪŋ trɪp/,ui gon on a camping trip.,Vamos de viaje de camping.
This camp is nice.,/ðɪs kæmp ɪz naɪs/,dis camp is nais.,Este campamento es bonito.
The tent is big.,/ðə tɛnt ɪz bɪɡ/,de tent is big.,La tienda es grande.
The tent is not big.,/ðə tɛnt ɪz nɒt bɪɡ/,de tent is not big.,La tienda no es grande.
Is the tent big?,/ɪz ðə tɛnt bɪɡ/,is de tent big?,¿La tienda es grande?
Where is the big tent?,/wɛə ɪz ðə bɪɡ tɛnt/,wer is de big tent?,¿Dónde está la tienda grande?
The tent was big.,/ðə tɛnt wɒz bɪɡ/,de tent woz big.,La tienda era grande.
Use the compass.,/juːz ðə ˈkʌmpəs/,iuz de compas.,Usa la brújula.
He is a happy camper.,/hiː ɪz ə ˈhæpi ˈkæmpər/,ji is a japi camper.,Él es un campista feliz.
I watch the movie.,/aɪ wɒtʃ ðə ˈmuːvi/,ai guach de muvi.,Veo la película.
The viewer is you.,/ðə ˈvjuːər ɪz juː/,de viuer is yu.,El espectador eres tú.
This TV show is fun.,/ðɪs ˌtiːˈviː ʃəʊ ɪz fʌn/,dis ti vi shou is fan.,Este programa de TV es divertido.
I have a camera.,/aɪ hæv ə ˈkæmərə/,ai jav a camera.,Tengo una cámara.
This photo is nice.,/ðɪs ˈfəʊtəʊ ɪz naɪs/,dis foto is nais.,Esta foto es bonita.
She is a photographer.,/ʃiː ɪz ə fəˈtɒɡrəfər/,shi is a fotografer.,Ella es fotógrafa.
We are in the photo studio.,/wiː ɑːr ɪn ðə ˈfəʊtəʊ ˈstjuːdiəʊ/,ui ar in de foto studiou.,Estamos en el estudio fotográfico.
Open the photo album.,/ˈəʊpən ðə ˈfəʊtəʊ ˈælbəm/,open de foto albom.,Abre el álbum de fotos.
The camera lens is clean.,/ðə ˈkæmərə lɛnz ɪz kliːn/,de camera lens is clin.,El lente de la cámara está limpio.
He uses a telephoto lens.,/hiː ˈjuːzɪz ə ˈtɛlɪfəʊtəʊ lɛnz/,ji yusis a telifoto lens.,Él usa un lente teleobjetivo.
Clean the filter.,/kliːn ðə ˈfɪltər/,clin de filter.,Limpia el filtro.
The lens is round.,/ðə lɛnz ɪz raʊnd/,de lens is raund.,El lente es redondo.
The optics are great.,/ðə ˈɒptɪks ɑːr ɡreɪt/,de optics ar greit.,La óptica es excelente.
The diaphragm controls the light.,/ðə ˈdaɪəfræm kənˈtroʊlz ðə laɪt/,de daiafrem controls de lait,El diafragma controla la luz.
The exposure time is short.,/ðə ɪkˈspoʊʒər taɪm ɪz ʃɔːrt/,de eksposher taim is short,El tiempo de exposición es corto.
Look through the viewfinder.,/lʊk θruː ðə ˈvuːfhaɪndər/,luk zru de vuefainder,Mira a través del visor.
I have a digital camera.,/aɪ hæv ə ˈdɪdʒətl ˈkæmərə/,ai jav a didyital camara,Tengo una cámara digital.
Put the camera on the tripod.,/pʊt ðə ˈkæmərə ɑːn ðə ˈtraɪpɒd/,put de camara on de traipod,Pon la cámara en el trípode.
The flash is very bright.,/ðə flæʃ ɪz ˈvɛri braɪt/,de flash is beri brait,El flash es muy brillante.
I photograph the bird.,/aɪ ˈfoʊtəɡræf ðə bɜːrd/,ai fotograef de berd,Fotografío al pájaro.
We take pictures of the sea.,/wi teɪk ˈpɪkʧərz ɒv ðə siː/,gui teik pichers ov de si,Tomamos fotos del mar.
He likes to be photographed.,/hiː laɪks tuː biː ˈfoʊtəɡræft/,ji laiks tu bi fotograeft,Le gusta que le fotografíen.
The focus is good.,/ðə ˈfoʊkəs ɪz ɡʊd/,de fokus is gud,El enfoque es bueno.
I adjust the focus.,/aɪ əˈdʒʌst ðə ˈfoʊkəs/,ai ayiast de fokus,Ajusto el enfoque.
The photo is sharp.,/ðə ˈfoʊtoʊ ɪz ʃɑːrp/,de foto is sharp,La foto está nítida.
I like the sharpness.,/aɪ laɪk ðə ˈʃɑːrpnəs/,ai laik de sharpnes,Me gusta la nitidez.
I do not like the sharpness.,/aɪ duː nɒt laɪk ðə ˈʃɑːrpnəs/,ai du not laik de sharpnes.,No me gusta la nitidez.
Do you like the sharpness?,/duː juː laɪk ðə ˈʃɑːrpnəs/,du iu laik de sharpnes?,¿Te gusta la nitidez?
What do you like about the sharpness?,/wɒt duː juː laɪk əˈbaʊt ðə ˈʃɑːrpnəs/,wot du iu laik abaut de sharpnes?,¿Qué te gusta de la nitidez?
I liked the sharpness.,/aɪ laɪkt ðə ˈʃɑːrpnəs/,ai laikt de sharpnes.,Me gustó la nitidez.
The contrast is high.,/ðə ˈkɑːntræst ɪz haɪ/,de cantrast is jai,El contraste es alto.
The image is contrasty.,/ðɪ ˈɪmɪdʒ ɪz ˈkɑːntræsti/,de imiy is cantrasti,La imagen tiene mucho contraste.
It is a nice picture.,/ɪt ɪz ə naɪs ˈpɪkʧər/,it is a nais pichur,Es una foto bonita.
This is a negative.,/ðɪs ɪz ə ˈnɛɡətɪv/,dis is a negativ,Este es un negativo.
I need a new film.,/aɪ niːd ə nuː fɪlm/,ai nid a nu film,Necesito un carrete nuevo.
Look at this frame.,/lʊk æt ðɪs freɪm/,luk at dis freim,Mira este cuadro.
I print the photos.,/aɪ prɪnt ðə ˈfoʊtoʊz/,ai print de fotos,Imprimo las fotos.
We go to the beach.,/wi ɡoʊ tuː ðə biːtʃ/,ui gou tu de bich,Vamos a la playa.
The sand is hot.,/ðə sænd ɪz hɑːt/,de sand is jat,La arena está caliente.
The beach is deserted.,/ðə biːtʃ ɪz dɪˈzɜːrtɪd/,de bich is deserted,La playa está desierta.
She has a suntan.,/ʃi hæz ə ˈsʌntæn/,shi jas a sultan,Ella tiene bronceado.
She does not have a suntan.,/ʃi dʌz nɒt hæv ə ˈsʌntæn/,shid das not jav a sultan.,Ella no tiene bronceado.
Does she have a suntan?,/dʌz ʃi hæv ə ˈsʌntæn/,das shi jav a sultan?,¿Ella tiene bronceado?
Where did she get a suntan?,/wɛə dɪd ʃi ɡɛt ə ˈsʌntæn/,wer did shi guet a sultan?,¿Dónde obtuvo ella el bronceado?
She had a suntan.,/ʃi hæd ə ˈsʌntæn/,shi jad a sultan.,Ella tenía bronceado.
I want to get a tan.,/aɪ wɑːnt tuː ɡɛt ə tæn/,ai uant tu get a tan,Quiero broncearme.
I have a tan.,/aɪ hæv ə tæn/,ai jav a tan.,Tengo bronceado.
Put on sunscreen.,/pʊt ɒn ˈsʌnkriːn/,put on sunkrin.,Ponte protector solar.
She wears a bikini.,/ʃiː weəz ə bɪˈkiːni/,shi wers a bikini.,Ella lleva un bikini.
I need a bathing suit.,/aɪ niːd ə ˈbeɪðɪŋ suːt/,ai nid a beiding suit.,Necesito un traje de baño.
He likes swim briefs.,/hiː laɪks swɪm briːfs/,ji laiks swim briefs.,A él le gustan los bañadores ajustados.
The pool is big.,/ðə puːl ɪz bɪg/,de pul is big.,La piscina es grande.
The pool is not big.,/ðə puːl ɪz nɒt bɪɡ/,de pul is not big.,La piscina no es grande.
Is the pool big?,/ɪz ðə puːl bɪɡ/,is de pul big?,¿La piscina es grande?
Who built the big pool?,/huː bɪlt ðə bɪɡ puːl/,ju bilt de big pul?,¿Quién construyó la piscina grande?
The pool was big.,/ðə puːl wɒz bɪɡ/,de pul woz big.,La piscina era grande.
I can swim.,/aɪ kæn swɪm/,ai kan swim.,Sé nadar.
Take a shower.,/teɪk ə ˈʃaʊə/,teik a shauer.,Toma una ducha.
I will change.,/aɪ wɪl tʃeɪndʒ/,ai uil chainch.,Me voy a cambiar.
Use a towel.,/juːz ə ˈtaʊəl/,yus a tauel.,Usa una toalla.
The boat is fast.,/ðə bəʊt ɪz fɑːst/,de bout is fast.,El barco es rápido.
We see a motorboat.,/wiː siː ə ˈməʊtəbəʊt/,ui si a motorbout.,Vemos una lancha.
I like water ski.,/aɪ laɪk ˈwɔːtə skiː/,ai laik uater ski.,Me gusta el esquí acuático.
I do not like water ski.,/aɪ dʊ nɒt laɪk ˈwɔːtə skiː/,ai du not laik uater ski.,No me gusta el esquí acuático.
Do you like water ski?,/duː juː laɪk ˈwɔːtə skiː/,du yu laik uater ski?,¿Te gusta el esquí acuático?
Why do you like water skiing?,/waɪ duː juː laɪk ˈwɔːtə skiːɪŋ/,guái du yu laik wóter skíing?,¿Por qué te gusta el esquí acuático?
I liked water ski.,/aɪ laɪkt ˈwɔːtə skiː/,ai laikt uater ski.,Me gustó el esquí acuático.
Rent a paddle boat.,/rɛnt ə ˈpædəl bəʊt/,rent a padel bout.,Alquila un pedalo.
He likes surfing.,/hiː laɪks ˈsɜːfɪŋ/,ji laiks surfing.,Le gusta el surf.
The surfer is strong.,/ðə ˈsɜːfə ɪz strɒŋ/,de surfer is strong.,El surferista es fuerte.
Check the scuba set.,/tʃɛk ðə ˈskuːbə sɛt/,chek de scuba set.,Revisa el equipo de buceo.
Use the flippers.,/juːz ðə ˈflɪpəz/,yus de flippers.,Usa las aletas.
Wear a mask.,/weə ə mɑːsk/,uer a mask.,Lleva una máscara.
The diver is happy.,/ðə ˈdaɪvə ɪz ˈhæpi/,de daiver is japi.,El buceador está feliz.
Do not dive.,/duː nɒt daɪv/,du not daiv.,No te zambullas.
It is underwater.,/ɪt ɪz ˈʌndəˈwɔːtə/,it is underuoter.,Está bajo el agua.
Sit under the umbrella.,/sɪt ˈʌndə ðiː ʌmˈbrɛlə/,sit under de umbrela.,Siéntate bajo la sombrilla.
The chair is blue.,/ðə tʃeə ɪz bluː/,de chear is blu.,La silla es azul.
Wear sunglasses.,/weə ˈsʌnglɑːsɪz/,uer sunglases.,Lleva gafas de sol.
I sleep on the air mattress.,/aɪ ˈsliːp ɒn ði eə ˈmætrɪs/,ai slip on de air mattress.,Duermo en el colchón de aire.
They play in the park.,/ðeɪ pleɪ ɪn ðə pɑːk/,dei plei in de park.,Ellos juegan en el parque.
We go for a swim.,/wiː ɡəʊ fɔːr ə swɪm/,ui go for a swim.,Vamos a nadar.
He hits the beach ball.,/hiː hɪts ðə biːtʃ bɔːl/,ji jits de biych bol.,Él golpea la pelota de playa.
She inflates the balloon.,/ʃiː ɪnˈfleɪts ðə bəˈluːn/,shi infleits de balun.,Ella infla el globo.
This is an inflatable boat.,/ðɪs ɪz ən ɪnˈfleɪtəbəl bəʊt/,dis is an inflatabol bout.,Este es un bote inflable.
The wave is very big.,/ðə weɪv ɪz ˈvɛri bɪɡ/,de weiv is beri big.,La ola es muy grande.
The wave is not very big.,/ðə weɪv ɪz nɒt ˈvɛri bɪɡ/,de weiv is not veri big.,La ola no es muy grande.
Is the wave very big?,/ɪz ðə weɪv ˈvɛri bɪɡ/,is de weiv veri big?,¿La ola es muy grande?
How big is the wave?,/haʊ bɪɡ ɪz ðə weɪv/,jau big is de weiv?,¿Qué tan grande es la ola?
The wave was very big.,/ðə weɪv wɒz ˈvɛri bɪɡ/,de weiv woz veri big.,La ola era muy grande.
I see the red buoy.,/aɪ siː ðə rɛd bɔɪ/,ai si de red boy.,Veo la boya roja.
Do not drown in the water.,/duː nɒt draʊn ɪn ðə ˈwɔːtə/,du not droun in de water.,No te ahogues en el agua.
You save the cat.,/juː seɪv ðə kæt/,yu seiv de kat.,Tú salvas al gato.
Wear a life vest please.,/weər ə laɪf vɛst pliːz/,wer a laif vest plis.,Usa un chaleco salvavidas por favor.
We watch the birds.,/wiː wɒtʃ ðə bɜːdz/,ui guoch de berds.,Observamos a los pájaros.
The lifeguard is here.,/ðə ˈlaɪfɡɑːd ɪz hɪə/,de laifgard is jier.,El socorrista está aquí.
I use a computer.,/aɪ juːz ə kəmˈpjuːtə/,ai yuz a computer.,Uso una computadora.
This is my laptop.,/ðɪs ɪz maɪ ˈlæptɒp/,dis is mai laptop.,Esta es mi computadora portátil.
Turn on the light.,/tɜːn ɒn ðə laɪt/,torn on de lait.,Enciende la luz.
Turn off the TV.,/tɜːn ɒf ðə ˌtiːˈviː/,torn of de tivi.,Apaga el televisor.
Type on the keyboard.,/taɪp ɒn ðə ˈkiːbɔːd/,taip on de kibord.,Escribe en el teclado.
Press the key.,/prɛs ðə kiː/,pres de ki.,Presiona la tecla.
Click the mouse.,/klɪk ðə maʊs/,klik de maus.,Haz clic en el ratón.
The mouse pad is blue.,/ðə maʊs pæd ɪz bluː/,de maus pad is blu.,La alfombrilla del ratón es azul.
Push the button.,/pʊʃ ðə ˈbʌtən/,push de baton.,Empuja el botón.
Move the cursor.,/muːv ðə ˈkɜːsə/,muv de curser.,Mueve el cursor.
Look at the monitor.,/lʊk æt ðə ˈmɒnɪtə/,luk at de monitor.,Mira el monitor.
Clean the screen.,/kliːn ðə skriːn/,clin de scriin.,Limpia la pantalla.
The hard disk stores files.,/ðə hɑːrd dɪsk stɔːrz faɪlz/,de jard disk storz files.,El disco duro almacena archivos.
I see the hard disk volume.,/aɪ siː ðə hɑːrd dɪsk vɒljuːm/,ai si de jard disk volumen.,Veo el volumen del disco duro.
This computer has good memory.,/ðɪs kəmˈpjuːtər hæz ɡʊd ˈmɛməri/,dis comiuter jaz gud memori.,Esta computadora tiene buena memoria.
This computer does not have good memory.,/ðɪs kəmˈpjuːtər dʌz nɒt hæv ɡʊd ˈmɛməri/,dis comiuter das not jav gud memori.,Esta computadora no tiene buena memoria.
Does this computer have good memory?,/dʌz ðɪs kəmˈpjuːtər hæv ɡʊd ˈmɛməri/,das dis comiuter jav gud memori?,¿Esta computadora tiene buena memoria?
Which computer has good memory?,/wɪtʃ kəmˈpjuːtər hæz ɡʊd ˈmɛməri/,guich comiuter jaz gud memori?,¿Qué computadora tiene buena memoria?
This computer had good memory.,/ðɪs kəmˈpjuːtər hæd ɡʊd ˈmɛməri/,dis comiuter jad gud memori.,Esta computadora tenía buena memoria.
It is random access memory.,/ɪt ɪz ˈrændəm ˈæksɛs ˈmɛməri/,it is random acces memori.,Es memoria de acceso aleatorio.
The file is on the desk.,/ðə faɪl ɪz ɒn ðə dɛsk/,de file is on de desk.,El archivo está en el escritorio.
"Open the folder, please.",/ˈəʊpən ðə ˈfəʊldər pliːz/,"open de folder, plis.","Abre la carpeta, por favor."
I open the file.,/aɪ ˈəʊpən ðə faɪl/,ai open de file.,Abro el archivo.
Please close the window.,/pliːz kləʊz ðə ˈwɪndəʊ/,plis clous de uindou.,"Cierra la ventana, por favor."
He saves the file.,/hiː seɪvz ðə faɪl/,ji seivz de file.,Él guarda el archivo.
Do not delete the file.,/duː nɒt dɪˈliːt ðə faɪl/,du not dilit de file.,No borres el archivo.
Copy the text now.,/ˈkɒpi ðə tɛkst naʊ/,copi de text nau.,Copia el texto ahora.
She sorts the files.,/ʃiː sɔːrts ðə faɪlz/,shi sorts de files.,Ella ordena los archivos.
We transfer the data.,/wiː trænsˈfɜːr ðə ˈdeɪtə/,ui transfar de deita.,Transferimos los datos.
This program is fun.,/ðɪs ˈprəʊɡræm ɪz fʌn/,dis program is fan.,Este programa es divertido.
The software is new.,/ðə ˈsɒftwɛər ɪz njuː/,de softuer is niu.,El software es nuevo.
He is a programmer.,/hiː ɪz ə ˈprəʊɡræmər/,ji is a programer.,Él es programador.
I program the computer.,/aɪ ˈprəʊɡræm ðə kəmˈpjuːtər/,ai program de comiuter.,Programo la computadora.
The hacker is fast.,/ðə ˈhækər ɪz fæst/,de jacer is fast.,El hacker es rápido.
What is the password?,/wɒt ɪz ðə ˈpɑːswɜːrd/,uat is de pasuord.,¿Cuál es la contraseña?
The virus is bad.,/ðə ˈvaɪrəs ɪz bæd/,de vairus is bad.,El virus es malo.
I find the error.,/aɪ faɪnd ðə ˈɛrər/,ai faind de eror.,Encuentro el error.
One byte is small.,/wʌn baɪt ɪz smɔːl/,uan bait is smol.,Un byte es pequeño.
This is one megabyte.,/ðɪs ɪz wʌn ˈmɛɡəbaɪt/,dis is uan megabait.,Esto es un megabyte.
The data is here.,/ðə ˈdeɪtə ɪz hɪər/,de deita is jier.,Los datos están aquí.
The data is not here.,/ðə ˈdeɪtə ɪz nɒt hɪər/,de deita is not jier.,Los datos no están aquí.
Is the data here?,/ɪz ðə ˈdeɪtə hɪər/,is de deita jier?,¿Están los datos aquí?
Where is the data?,/wɛər ɪz ðə ˈdeɪtə/,uér is de deita?,¿Dónde están los datos?
The data was here.,/ðə ˈdeɪtə wɒz hɪər/,de deita uoz jier.,Los datos estaban aquí.
It is a database.,/ɪt ɪz ə ˈdeɪtəbeɪs/,it is a deitabeis.,Es una base de datos.
The cable is on the desk.,/ðə ˈkeɪbəl ɪz ɒn ðə dɛsk/,de keibl is on de desk.,El cable está en el escritorio.
Please disconnect the cable now.,/pliːz ˌdɪskəˈnɛkt ðə ˈkeɪbəl naʊ/,pliz diskonekt de keibl nau.,Por favor desconecta el cable ahora.
I connect the phone to the computer.,/aɪ kəˈnɛkt ðə fəʊn tuː ðə kəmˈpjuːtə/,ai konekt de fon tu de compueter.,Conecto el teléfono a la computadora.
I use the internet every day.,/aɪ juːz ðə ˈɪntərnɛt ˈɛvri deɪ/,ai yuz de internet evri dei.,Uso internet todos los días.
Open your browser please.,/ˈəʊpən jɔːr ˈbraʊzər pliːz/,open yor brauser pliz.,Abre tu navegador por favor.
I use a search engine to find things.,/aɪ juːz ə sɜːrtʃ ˈɛndʒɪn tuː faɪnd θɪŋz/,ai yuz a serch endchin tu fainz zings.,Uso un buscador para encontrar cosas.
The provider is good.,/ðə prəˈvaɪdər ɪz ɡʊd/,de prvider is gud.,El proveedor es bueno.
The web master fixes the site.,/ðə wɛb ˈmæstər fɪksɪz ðə saɪt/,de web maester fixes de sait.,El administrador del sitio arregla la web.
This website is very big.,/ðɪs ˈwɛbsaɪt ɪz ˈvɛri bɪɡ/,dis websait is veri big.,Este sitio web es muy grande.
This website is not very big.,/ðɪs ˈwɛbsaɪt ɪz nɒt ˈvɛri bɪɡ/,dis websait is not veri big.,Este sitio web no es muy grande.
Is this website very big?,/ɪz ðɪs ˈwɛbsaɪt ˈvɛri bɪɡ/,is dis websait veri big?,¿Es este sitio web muy grande?
Why is this website very big?,/waɪ ɪz ðɪs ˈwɛbsaɪt ˈvɛri bɪɡ/,wai is dis websait veri big?,¿Por qué este sitio web es muy grande?
This website was very big.,/ðɪs ˈwɛbsaɪt wɒz ˈvɛri bɪɡ/,dis websait woz veri big.,Este sitio web era muy grande.
I like this web page.,/aɪ laɪk ðɪs wɛb peɪdʒ/,ai laik dis web peidch.,Me gusta esta página web.
What is your address?,/wɒt ɪz jɔːr ˈədrɛs/,uot is yor adres?,¿Cuál es tu dirección?
The address book is here.,/ðə ˈədrɛs bʊk ɪz hɪə/,de adres buk is jier.,La agenda está aquí.
He opens the mailbox.,/hiː ˈəʊpənz ðə ˈmeɪlbɒks/,ji opens de meilboks.,Él abre el buzón.
I have mail for you.,/aɪ hæv meɪl fɔːr juː/,ai jav meil for yu.,Tengo correo para ti.
The box is full.,/ðə bɒks ɪz fʊl/,de boks is ful.,La caja está llena.
She sends a message.,/ʃiː sɛndz ə ˈmɛsɪdʒ/,shi sends a mesedch.,Ella envía un mensaje.
I read my incoming messages.,/aɪ riːd maɪ ˈɪnkʌmɪŋ ˈmɛsɪdʒɪz/,ai rid maikoming mesedchis.,Leo mis mensajes entrantes.
Check your outgoing messages.,/tʃɛk jɔːr ˈaʊtɡəʊɪŋ ˈmɛsɪdʒɪz/,check yor autgouing mesedchis.,Revisa tus mensajes salientes.
The sender is my friend.,/ðə ˈsɛndər ɪz maɪ frɛnd/,de sender is mai frend.,El remitente es mi amigo.
I send a letter.,/aɪ sɛnd ə ˈlɛtər/,ai send a leter.,Envío una carta.
The sending is slow.,/ðə ˈsɛndɪŋ ɪz sləʊ/,de sending is slou.,El envío es lento.
The receiver is happy.,/ðə rɪˈsiːvər ɪz ˈhæpi/,de risiver is japi.,El receptor está feliz.
I receive a gift.,/aɪ rɪˈsiːv ə ɡɪft/,ai risiv a gift.,Recibo un regalo.
The correspondence is long.,/ðə ˌkɒrɪˈspɒndəns ɪz lɒŋ/,de corispondens is long.,La correspondencia es larga.
I correspond with him.,/aɪ ˌkɒrɪˈspɒnd wɪð hɪm/,ai corispond wid jim.,Correspondo con él.
I download music from the internet.,/aɪ ˈdaʊnloʊd ˈmjuːzɪk frɒm ði ˈɪntərnɛt/,ai daunloud miuzik from de internet.,Descargo música de internet.
She creates a new document.,/ʃiː kriˈeɪts ə nuː ˈdɒkjəmənt/,shi krieits a niu dokyument.,Ella crea un nuevo documento.
He deletes the old file.,/hiː dɪˈliːts ði oʊld faɪl/,ji diilits de old fail.,Él borra el archivo viejo.
The deleted file is gone.,/ðə dɪˈliːtɪd faɪl ɪz ɡɒn/,de diilited fail is gon.,El archivo borrado se ha ido.
The internet connection is fast.,/ði ˈɪntərnɛt kəˈnɛkʃən ɪz fæst/,de internet konekshion is fast.,La conexión a internet es rápida.
The speed of the car is high.,/ðə spiːd ɒv ðə kɑːr ɪz haɪ/,de espid ov de car is jai.,La velocidad del coche es alta.
The modem is on the desk.,/ðə ˈmoʊdɛm ɪz ɒn ðə dɛsk/,de modem is on de desk.,El módem está en el escritorio.
I have access to the wifi.,/aɪ hæv ˈæksɛs tuː ðə waɪfaɪ/,ai jav akses tu de waifai.,Tengo acceso al wifi.
The cable is in the port.,/ðə ˈkeɪbəl ɪz ɪn ðə pɔːrt/,de keibol is in de port.,El cable está en el puerto.
The connection is good today.,/ðə kəˈnɛkʃən ɪz ɡʊd təˈdeɪ/,de konekshion is gude tudei.,La conexión es buena hoy.
We connect to the server.,/wi kəˈnɛkt tuː ðə ˈsɜːrvər/,ui konekt tu de server.,Nos conectamos al servidor.
Please select the correct option.,/pliːz sɪˈlɛkt ðə kəˈrɛkt ˈɒpʃən/,pliz silekt de corect opshion.,Por favor selecciona la opción correcta.
I search for my keys.,/aɪ sɜːrtʃ fɔːr maɪ kiːz/,ai sorch for mai kis.,Busco mis llaves.
Electricity powers the house.,/ɪˌlɛkˈtrɪsəti ˈpaʊərz ðə haʊs/,ilektrisiti pauers de jaus.,La electricidad alimenta la casa.
This is an electrical wire.,/ðɪs ɪz ən ɪˈlɛktrɪkəl ˈwaɪər/,dis is an ilektrical uaiar.,Este es un cable eléctrico.
The electric power station is big.,/ði ɪˈlɛktrɪk ˈpaʊər ˈsteɪʃən ɪz bɪɡ/,de ilektric pauer steishion is big.,La central eléctrica es grande.
Solar energy is clean.,/ˈsoʊlər ˈɛnərdʒi ɪz kliːn/,solar enerji is klin.,La energía solar es limpia.
Electric power is useful.,/ɪˈlɛktrɪk ˈpaʊər ɪz ˈjuːsfəl/,ilektric pauer is yusful.,La energía eléctrica es útil.
The light bulb is bright.,/ðə laɪt bʌlb ɪz braɪt/,de lait balb is brait.,La bombilla es brillante.
I use a flashlight at night.,/aɪ juːz ə ˈflæʃlaɪt æt naɪt/,ai yus a flashlight at nait.,Uso una linterna por la noche.
The street light is on.,/ðə striːt laɪt ɪz ɒn/,de strit lait is on.,La farola está encendida.
The light is very bright.,/ðə laɪt ɪz ˈvɛri braɪt/,de lait is beri brait.,La luz es muy brillante.
Please turn on the computer.,/pliːz tɜːrn ɒn ðə kəmˈpjuːtər/,pliz torn on de computer.,Por favor enciende el ordenador.
I turn off the machine.,/aɪ tɜːrn ɒf ðə məˈʃiːn/,ai torn of de mashin.,Apago la máquina.
He turns off the light.,/hiː tɜːrnz ɒf ðə laɪt/,ji torns of de lait.,Él apaga la luz.
The light will burn out soon.,/ðə laɪt wɪl bɜːnaʊt suːn/,de lait uil burn aut sun.,La luz se fundirá pronto.
A short circuit stops the power.,/ə ʃɔːt ˈsɜːrkɪt stɒps ðə ˈpaʊər/,a short circuit stops de pauer.,Un cortocircuito corta la energía.
I see a broken wire here.,/aɪ siː ə ˈbroʊkən ˈwaɪər hɪər/,ai si a broken uair jier.,Veo un cable roto aquí.
Please contact me today.,/pliːz ˈkɒntækt miː təˈdeɪ/,pliz contact mi tudei.,Por favor contáctame hoy.
Turn on the light switch.,/tɜːrn ɒn ðə laɪt swɪtʃ/,tern on de lait suich.,Enciende el interruptor de la luz.
Plug it into the wall socket.,/plʌg ɪt ˈɪntuː ðə wɔːl ˈsɒkɪt/,plug it intu de uol soket.,Enchúfalo en el enchufe de la pared.
Put the plug in the hole.,/pʊt ðə plʌg ɪn ðə hoʊl/,put de plug in de jol.,Pon el enchufe en el agujero.
Use the extension cord for the lamp.,/juːz ðə ɪkˈstenʃn̩ kɔːrd fər ðə læmp/,iuz de extension cord for de lamp.,Usa el alargador para la lámpara.
The fuse is old.,/ðə fjuːz ɪz oʊld/,de fiuz is old.,El fusible es viejo.
This cable is very long.,/ðɪs ˈkeɪbəl ɪz ˈvɛri lɒŋ/,dis cable is veri long.,Este cable es muy largo.
This cable is not very long.,/ðɪs ˈkeɪbəl ɪz nɒt ˈvɛri lɒŋ/,dis cable is not veri long.,Este cable no es muy largo.
Is this cable very long?,/ɪz ðɪs ˈkeɪbəl ˈvɛri lɒŋ/,is dis cable veri long?,¿Es este cable muy largo?
How long is this cable?,/haʊ lɒŋ ɪz ðɪs ˈkeɪbəl/,jau long is dis cable?,¿Cuánto mide de largo este cable?
This cable was very long.,/ðɪs ˈkeɪbəl wəz ˈvɛri lɒŋ/,dis cable uas veri long.,Este cable era muy largo.
The wiring is in the wall.,/ðə ˈwaɪərɪŋ ɪz ɪn ðə wɔːl/,de uairing is in de uol.,El cableado está en la pared.
The ampere is a unit.,/ðə ˈæmpɪər ɪz ə ˈjuːnɪt/,de ampier is a iunit.,El amperio es una unidad.
Check the amperage of the motor.,/tʃɛk ðə ˈæmpərɪdʒ ʌv ðə ˈmoʊtər/,check de amperage of de motor.,Revisa el amperaje del motor.
This is a 10 volt battery.,/ðɪs ɪz ə tɛn voʊlt ˈbætəri/,dis is a ten volt bateri.,Esta es una batería de 10 voltios.
The voltage is too high.,/ðə ˈvoʊltɪdʒ ɪz tuː haɪ/,de voltage is tu jai.,El voltaje es demasiado alto.
He has a new electrical device.,/hiː hæz ə nuː ɪˈlɛktrɪkəl dɪˈvaɪs/,ji jas a nu electrical device.,Él tiene un nuevo dispositivo eléctrico.
The red light is an indicator.,/ðə rɛd laɪt ɪz ən ˈɪndɪkeɪtər/,de red lait is an indicator.,La luz roja es un indicador.
She is an electrician.,/ʃiː ɪz ən ɪˌlɛkˈtrɪʃn̩/,shi is an electrician.,Ella es electricista.
I solder the two wires.,/aɪ ˈsoʊldər ðə tuː ˈwaɪərz/,ai soldier de tu uairs.,Sueldo los dos cables.
Use the soldering iron carefully.,/juːz ðə ˈsoʊldərɪŋ ˈaɪərn ˈkɛərfəli/,iuz de soldering iron carefully.,Usa el soldador con cuidado.
The electric current flows here.,/ðə ɪˈlɛktrɪk ˈkɜːrənt floʊz hɪər/,de electric current flows jier.,La corriente eléctrica fluye aquí.
This is a good tool.,/ðɪs ɪz ə gʊd tuːl/,dis is a gud tul.,Esta es una buena herramienta.
He has many tools.,/hiː hæz ˈmɛni tuːlz/,ji jas meni tuls.,Él tiene muchas herramientas.
The factory equipment is big.,/ðə ˈfæktəri ɪˈkwɪpmənt ɪz bɪg/,de factory equipment is big.,El equipo de fábrica es grande.
Hit the nail with the hammer.,/hɪt ðə neɪl wɪð ðə ˈhæmər/,hit de neil wid de jamer.,Golpea el clavo con el martillo.
I have a screwdriver.,/aɪ hæv ə ˈskruːˌdraɪvə/,ai jav es-crew-driver.,Tengo un destornillador.
He has an ax.,/hiː hæz æn æks/,ji jav an ax.,Él tiene un hacha.
He does not have an ax.,/hiː dʌz nɒt hæv æn æks/,ji das not jav an ax.,Él no tiene un hacha.
Does he have an ax?,/dʌz hiː hæv æn æks/,das ji jav an ax?,¿Tiene él un hacha?
What kind of ax does he have?,/wɒt kaɪnd ɒv æks dʌz hiː hæv/,uot kaind ov ax das ji jav?,¿Qué tipo de hacha tiene él?
He had an ax.,/hiː hæd æn æks/,ji jad an ax.,Él tenía un hacha.
She uses a saw.,/ʃiː juːzɪz ə sɔː/,shi ius-es es saw.,Ella usa una sierra.
I saw the wood.,/aɪ sɔː ðə wʊd/,ai so de wood.,Siero la madera.
This is a plane.,/ðɪs ɪz ə pleɪn/,dis is es plane.,Esto es una cepillo.
He will plane it.,/hiː wɪl pleɪn ɪt/,ji uil plane it.,Él lo cepillará.
Use the soldering iron.,/juːz ðə ˈsɒldərɪŋ aɪən/,ius de sol-de-ring iron.,Usa el soldador.
I can solder it.,/aɪ kæn ˈsɒldər ɪt/,ai kan sol-der it.,Puedo soldarlo.
Get the file.,/ɡet ðə faɪl/,uet de file.,Trae la lima.
I need carpenter pincers.,/aɪ niːd ˈkɑːrpəntər ˈpɪnsərz/,ai nid car-pen-ter pin-sers.,Necesito alicates de carpintero.
They are lineman's pliers.,/ðeɪ ɑːr ˈlaɪnmænz ˈplaɪərz/,dei ar lain-mans plai-ers.,Son alicates de electricista.
She buys a chisel.,/ʃiː baɪz ə ˈtʃɪzəl/,shi bai-es es chi-sel.,Ella compra un cincel.
The drill bit is small.,/ðə drɪl bɪt ɪz smɔːl/,de drill bit is es-mol.,La broca es pequeña.
I like the electric drill.,/aɪ laɪk ðɪ ɪˈlɛktrɪk drɪl/,ai laik de e-lec-tric drill.,Me gusta el taladro eléctrico.
We drill the wall.,/wiː drɪl ðə wɔːl/,ui drill de uol.,Taladramos la pared.
This is a knife.,/ðɪs ɪz ə naɪf/,dis is es naif.,Esto es un cuchillo.
He has a pocket knife.,/hiː hæz ə ˈpɒkɪt naɪf/,ji jav es po-kit naif.,Él tiene un navaja.
It is a folding knife.,/ɪt ɪz ə ˈfoʊldɪŋ naɪf/,it is es fol-ding naif.,Es un cuchillo plegable.
The blade is sharp.,/ðə bleɪd ɪz ʃɑːrp/,de blade is sharp.,La hoja está afilada.
The knife is sharp.,/ðə naɪf ɪz ʃɑːrp/,de naif is sharp.,El cuchillo está afilado.
The blade is blunt.,/ðə bleɪd ɪz blʌnt/,de blade is blant.,La hoja está desafilada.
It will become blunt.,/ɪt wɪl bɪˈkʌm blʌnt/,it uil bi-com blant.,Se desgastará.
She will sharpen it.,/ʃiː wɪl ˈʃɑːrpən ɪt/,shi uil shar-pen it.,Ella lo afilará.
I see a bolt.,/aɪ siː ə boʊlt/,ai si es bolt.,Veo un perno.
Where is the nut?,/wɛər ɪz ðə nʌt/,uer is de nat.,¿Dónde está la tuerca?
The thread on the screw is fine.,/ðə θrɛd ɒn ðə skruː ɪz faɪn/,de zred on de skru is fain.,La rosca del tornillo es fina.
Use a wood screw for the table.,/juːz ə wʊd skruː fɔː ðə ˈteɪbəl/,yus a wud skru for de teibol.,Usa un tornillo de madera para la mesa.
Hit the nail with the hammer.,/hɪt ðə neɪl wɪð ðə ˈhæmə/,jit de neil wid de jamer.,Golpea el clavo con el martillo.
The nailhead is flat.,/ðə ˈneɪlˌhɛd ɪz flæt/,de neiljed is flat.,La cabeza del clavo es plana.
Use the ruler to draw a line.,/juːz ðə ˈruːlə tuː drɔː ə laɪn/,yus de ruler tu dror a lain.,Usa la regla para dibujar una línea.
The tape measure is long.,/ðə teɪp ˈmɛʒə ɪz lɒŋ/,de teip meisher is long.,La cinta métrica es larga.
Check the wall with the spirit level.,/tʃɛk ðə wɔːl wɪð ðə ˈspɪrɪt ˈlɛvəl/,chek de uol wid de spirit level.,Revisa la pared con el nivel.
Look at the bug with a magnifying glass.,/lʊk æt ðə bʌg wɪð ə ˈmæɡnɪfaɪɪŋ ɡlɑːs/,luk at de bag wid a magnifaing glass.,Mira el insecto con una lupa.
This is a measuring instrument.,/ðɪs ɪz ə ˈmɛʒərɪŋ ˈɪnstrəmənt/,dis is a meisherin instrument.,Este es un instrumento de medición.
Measure the table with the ruler.,/ˈmɛʒə ðə ˈteɪbəl wɪð ðə ˈruːlə/,meisher de teibol wid de ruler.,Mide la mesa con la regla.
Read the scale on the thermometer.,/riːd ðə skeɪl ɒn ðə θəˈmɒmɪtə/,rid de skeil on de zermometer.,Lee la escala del termómetro.
Check the readings on the machine.,/tʃɛk ðə ˈriːdɪŋz ɒn ðə məˈʃiːn/,chek de ridings on de mashin.,Revisa las lecturas de la máquina.
The compressor is very loud.,/ðə kəmˈprɛsə ɪz ˈvɛri laʊd/,de compresor is beri laud.,El compresor es muy ruidoso.
Look at the cell under the microscope.,/lʊk æt ðə sɛl ˈʌndə ðə ˈmaɪkrəskəʊp/,luk at de sel under de maicroscop.,Mira la célula en el microscopio.
Use the pump to fill the tank.,/juːz ðə pʌmp tuː fɪl ðə tæŋk/,yus de pump tu fil de tank.,Usa la bomba para llenar el tanque.
The robot moves fast.,/ðə ˈrəʊbɒt muːvz fɑːst/,de robot moves fast.,El robot se mueve rápido.
The laser light is red.,/ðə ˈleɪzə laɪt ɪz rɛd/,de leiser lait is red.,La luz del láser es roja.
Turn the bolt with the wrench.,/tɜːn ðə bəʊlt wɪð ðə rɛnʧ/,torn de bolt wid de rench.,Gira el perno con la llave.
Fix the paper with adhesive tape.,/fɪks ðə ˈpeɪpə wɪð ədˈhiːsɪv teɪp/,fix de peiper wid adhisiv teip.,Fija el papel con cinta adhesiva.
Put some glue on the paper.,/pʊt sʌm ɡluː ɒn ðə ˈpeɪpə/,put sam glu on de peiper.,Pon un poco de pegamento en el papel.
Sand the wood with emery paper.,/sænd ðə wʊd wɪð ˈɛməri ˈpeɪpə/,sand de wud wid emer peiper.,Lija la madera con papel de lija.
The spring is very strong.,/ðə sprɪŋ ɪz ˈvɛri strɒŋ/,de spring is beri strong.,El resorte es muy fuerte.
The magnet sticks to the fridge.,/ðə ˈmæɡnɪt stɪks tuː ðə frɪdʒ/,de magnet stiks tu de frich.,El imán se pega al refrigerador.
Wear gloves to protect your hands.,/weə ɡlʌvz tuː prəˈtɛkt jɔː hændz/,uear glavs tu protekt yor jands.,Usa guantes para proteger tus manos.
Tie the box with the rope.,/taɪ ðə bɒks wɪð ðə rəʊp/,tai de box wid de rop.,Ata la caja con la cuerda.
I use a cord.,/aɪ juːz ə kɔːd/,ai yus a cord.,Uso un cordón.
The wire is here.,/ðə ˈwaɪər ɪz hɪə/,de uáir is jier.,El cable está aquí.
The wire is not here.,/ðə ˈwaɪər ɪz nɒt hɪə/,de uáir is not jier.,El cable no está aquí.
Is the wire here?,/ɪz ðə ˈwaɪər hɪə/,is de uáir jier?,¿Está el cable aquí?
Where is the wire?,/weər ɪz ðə ˈwaɪə/,wéar iz de wáiar?,¿Dónde está el cable?
The wire was here.,/ðə ˈwaɪər wɒz hɪə/,de uáir uoz jier.,El cable estaba aquí.
See the cable.,/siː ðə ˈkeɪbəl/,si de kéibol.,Mira el cable.
It is a sledgehammer.,/ɪt ɪz ə ˈslɛdʒˌhæmə/,it is a sleyedj-jamer.,Es una maza.
He has a crowbar.,/hiː hæz ə ˈkrəʊbɑː/,ji jas a cróubar.,Él tiene una palanca.
He does not have a crowbar.,/hiː dʌz nɒt hæv ə ˈkrəʊbɑː/,ji das not jav a cróubar.,Él no tiene una palanca.
Does he have a crowbar?,/dʌz hiː hæv ə ˈkrəʊbɑː/,das ji jav a cróubar?,¿Tiene él una palanca?
Who has a crowbar?,/huː hæz ə ˈkrəʊbɑː/,ju jas a cróubar?,¿Quién tiene una palanca?
He had a crowbar.,/hiː hæd ə ˈkrəʊbɑː/,ji jad a cróubar.,Él tenía una palanca.
Go up the ladder.,/ɡəʊ ʌp ðə ˈlædə/,góu ap de lader.,Sube la escalera.
Use the stepladder.,/juːz ðə ˈstɛpˌlædə/,yus de step-lader.,Usa el escalón.
I screw it on.,/aɪ skruː ɪt ɒn/,ai skru it on.,Lo atornillo.
I unscrew the top.,/aɪ ʌnˈskruː ðə tɒp/,ai un-skru de top.,Desatornillo la tapa.
Tighten the screw.,/ˈtaɪtən ðə skruː/,táiten de skru.,Aprieta el tornillo.
I glue the paper.,/aɪ ɡluː ðə ˈpeɪpə/,ai glu de peiper.,Pego el papel.
Cut the cord.,/kʌt ðə kɔːd/,kat de cord.,Corta el cordón.
It is a malfunction.,/ɪt ɪz ə ˌmælˈfʌŋkʃən/,it is a mal-fánkshon.,Es un fallo.
The repair is good.,/ðə rɪˈpeər ɪz ɡʊd/,de ripér is gud.,La reparación es buena.
I repair the car.,/aɪ rɪˈpeə ðə kɑː/,ai ripér de kar.,Reparo el coche.
Adjust the machine.,/əˈdʒʌst ðə məˈʃiːn/,adyást de mashín.,Ajusta la máquina.
Check the list.,/tʃɛk ðə lɪst/,chek de list.,Revisa la lista.
I am checking.,/aɪ æm ˈtʃɛkɪŋ/,ai am cheking.,Estoy comprobando.
It is reliable.,/ɪt ɪz rɪˈlaɪəbəl/,it is riláiol.,Es fiable.
It is complicated.,/ɪt ɪz ˈkɒmplɪkeɪtɪd/,it is komplikeitid.,Es complicado.
The iron will rust.,/ðə ˈaɪən wɪl rʌst/,de áiron uil rast.,El hierro se oxidará.
It is very rusty.,/ɪt ɪz ˈvɛri ˈrʌsti/,it is veri rasti.,Está muy oxidado.
It is not very rusty.,/ɪt ɪz nɒt ˈvɛri ˈrʌsti/,it is not veri rasti.,No está muy oxidado.
Is it very rusty?,/ɪz ɪt ˈvɛri ˈrʌsti/,is it veri rasti?,¿Está muy oxidado?
How rusty is it?,/haʊ ˈrʌsti ɪz ɪt/,jao rasti is it?,¿Qué tan oxidado está?
It was very rusty.,/ɪt wɒz ˈvɛri ˈrʌsti/,it uoz veri rasti.,Estaba muy oxidado.
Clean the rust.,/kliːn ðə rʌst/,clin de rast.,Limpia el óxido.
I see an airplane.,/aɪ siː æn ˈeərpleɪn/,ai si an ér-plein.,Veo un avión.
The air ticket is here.,/ðə eər ˈtɪkɪt ɪz hɪə/,de ér tíkit is jier.,El billete de avión está aquí.
The airline is big.,/ðə ˈeəlaɪn ɪz bɪɡ/,de airline is big.,La aerolínea es grande.
The airline is not big.,/ðə ˈeəlaɪn ɪz nɒt bɪɡ/,de airline is not big.,La aerolínea no es grande.
Is the airline big?,/ɪz ðə ˈeəlaɪn bɪɡ/,is de airline big?,¿Es grande la aerolínea?
Which airline is big?,/wɪtʃ ˈeəlaɪn ɪz bɪɡ/,guich airline is big?,¿Qué aerolínea es grande?
The airline was big.,/ðə ˈeəlaɪn wɒz bɪɡ/,de airline uoz big.,La aerolínea era grande.
I go to the airport.,/aɪ ɡəʊ tuː ðə ˈeəpɔːt/,ai gou tu de airport.,Voy al aeropuerto.
It is very fast.,/ɪt ɪz ˈvɛri fɑːst/,it is veri fast.,Es muy rápido.
It is not very fast.,/ɪt ɪz nɒt ˈvɛri fɑːst/,it is not veri fast.,No es muy rápido.
Is it very fast?,/ɪz ɪt ˈvɛri fɑːst/,is it veri fast?,¿Es muy rápido?
Why is it very fast?,/waɪ ɪz ɪt ˈvɛri fɑːst/,uái is it veri fast?,¿Por qué es muy rápido?
It was very fast.,/ɪt wɒz ˈvɛri fɑːst/,it uoz veri fast.,Era/Fue muy rápido.
The captain is here.,/ðə ˈkæptɪn ɪz hɪə/,de captain is jier.,El capitán está aquí.
The captain is not here.,/ðə ˈkæptɪn ɪz nɒt hɪə/,de captain is not jier.,El capitán no está aquí.
Is the captain here?,/ɪz ðə ˈkæptɪn hɪə/,is de captain jier?,¿Está aquí el capitán?
Where is the captain?,/wɛə ɪz ðə ˈkæptɪn/,guer is de captain?,¿Dónde está el capitán?
The captain was here.,/ðə ˈkæptɪn wəz hɪə/,de captain uas jier.,El capitán estuvo aquí.
The crew is nice.,/ðə kruː ɪz naɪs/,de crue is nais.,La tripulación es amable.
He is a pilot.,/hiː ɪz ə ˈpaɪlət/,ji is a pilot.,Él es piloto.
The attendant helps.,/ðə əˈtɛndənt hɛlps/,de attendant jelps.,El asistente ayuda.
He sees the map.,/hiː siːz ðə mæp/,ji siis de map.,Él ve el mapa.
The wings are white.,/ðə wɪŋz ɑː waɪt/,de uings ar uait.,Las alas son blancas.
The tail is long.,/ðə teɪl ɪz lɒŋ/,de tail is long.,La cola es larga.
It is the cockpit.,/ɪt ɪz ðə ˈkɒkpɪt/,it is de cockpit.,Es la cabina.
The engine is hot.,/ðə ˈɛndʒɪn ɪz hɒt/,de engine is jot.,El motor está caliente.
The wheel is down.,/ðə wiːl ɪz daʊn/,de uil is daun.,La rueda está abajo.
It turns fast.,/ɪt tɜːnz fɑːst/,it turns fast.,Gira rápido.
The propeller spins.,/ðə prəˈpɛlə spɪnz/,de propeller spins.,La hélice gira.
The box is black.,/ðə bɒks ɪz blæk/,de box is black.,La caja es negra.
He holds the stick.,/hiː həʊldz ðə stɪk/,ji jolds de stick.,Él sostiene la palanca.
We need fuel.,/wiː niːd fjuːəl/,ui nid fiul.,Necesitamos combustible.
Read the card.,/riːd ðə kɑːd/,rid de card.,Lee la tarjeta.
Use the mask.,/juːz ðə mɑːsk/,ius de mask.,Usa la máscara.
She wears a uniform.,/ʃiː wɛərz ə ˈjuːnɪfɔːm/,shi uers a uniform.,Ella lleva uniforme.
The vest is orange.,/ðə vɛst ɪz ˈɒrɪndʒ/,de vest is orinche.,El chaleco es naranja.
Open the parachute.,/ˈəʊpən ðə ˈpærəʃuːt/,open de parachut.,Abre el paracaídas.
The takeoff is fast.,/ðə ˈteɪkɒf ɪz fɑːst/,de takeoff is fast.,El despegue es rápido.
We take off soon.,/wiː teɪk ɒf suːn/,ui take of sun.,Despegamos pronto.
The plane is on the runway.,/ðə pleɪn ɪz ɒn ðə rʌnweɪ/,de plein is on de ranuei,El avión está en la pista.
The visibility is good today.,/ðə ˌvɪzɪˈbɪlɪti ɪz ɡʊd təˈdeɪ/,de vizibilidad is gud tu-dei,La visibilidad es buena hoy.
The flight is very long.,/ðə flaɪt ɪz ˈvɛri lɒŋ/,de flait is beri long,El vuelo es muy largo.
The flight is not very long.,/ðə flaɪt ɪz nɒt ˈvɛri lɒŋ/,de flait is not veri long.,El vuelo no es muy largo.
Is the flight very long?,/ɪz ðə flaɪt ˈvɛri lɒŋ/,is de flait veri long?,¿Es el vuelo muy largo?
Why is the flight very long?,/waɪ ɪz ðə flaɪt ˈvɛri lɒŋ/,guai is de flait veri long?,¿Por qué el vuelo es muy largo?
The flight was very long.,/ðə flaɪt wəz ˈvɛri lɒŋ/,de flait uas veri long.,El vuelo fue muy largo.
The altitude is very high.,/ðə ˈæltɪtjuːd ɪz ˈvɛri haɪ/,de altitud is beri jai,La altitud es muy alta.
We hit an air pocket.,/wiː hɪt æn eə pɒkɪt/,ju jit an aer poket,Encontramos una bolsa de aire.
This is my seat.,/ðɪs ɪz maɪ siːt/,dis is mai sit,Este es mi asiento.
I use my headphones.,/aɪ juːz maɪ ˈhɛdfəʊnz/,ai yus mai jedfons,Uso mis auriculares.
Open the folding tray.,/ˈəʊpən ðə ˈfəʊldɪŋ treɪ/,open de foulding trei,Abre la bandeja plegable.
Look out the airplane window.,/lʊk aʊt ðə ˈeəpleɪn ˈwɪndəʊ/,luk aut de aer plein uindou,Mira por la ventana del avión.
He walks in the aisle.,/hiː wɔːks ɪn ðə aɪl/,ji uoks in de ail,Él camina por el pasillo.
The train is fast.,/ðə treɪn ɪz fɑːst/,de trein is fast,El tren es rápido.
I take a suburban train.,/aɪ teɪk ə səˈbɜːbən treɪn/,ai teik a surban trein,Tomo un tren de cercanías.
This is an express train.,/ðɪs ɪz æn ɪkˈsprɛs treɪn/,dis is an eks-pres trein,Este es un tren exprés.
That is a diesel locomotive.,/ðæt ɪz ə ˈdiːzəl ləʊkəˈməʊtɪv/,dat is a diesel lokomotiv,Esa es una locomotora diésel.
I like the steam engine.,/aɪ laɪk ðə stiːm ˈɛndʒɪn/,ai laik de stim endyin,Me gusta la máquina de vapor.
We sit in a passenger car.,/wiː sɪt ɪn ə ˈpæsɪndʒə kɑː/,ju sit in a pasenger kar,Nos sentamos en un vagón de pasajeros.
We eat in the dining car.,/wiː iːt ɪn ðə ˈdaɪnɪŋ kɑː/,ju it in de daining kar,Comemos en el coche comedor.
The train runs on rails.,/ðə treɪn rʌnz ɒn reɪlz/,delein rans on reils,El tren corre sobre raíles.
The railroad is old.,/ðə ˈreɪlrəʊd ɪz əʊld/,de reilroud is old,El ferrocarril es antiguo.
Look at the railway tie.,/lʊk æt ðə ˈreɪlweɪ taɪ/,luk at de reiluei tai,Mira la traviesa del ferrocarril.
We stand on the platform.,/wiː stænd ɒn ðə ˈplætfɔːm/,ju stand on de plat-form,Estamos de pie en el andén.
It is on track two.,/ɪt ɪz ɒn træk tuː/,it is on trak tu,Está en la vía dos.
The semaphore is red.,/ðə ˈsɛməfɔː ɪz rɛd/,de semafor is red,El semáforo está en rojo.
This is the station.,/ðɪs ɪz ðə ˈsteɪʃən/,dis is de steishon,Esta es la estación.
The engineer is here.,/ðə ˌɛndʒɪˈnɪə ɪz hɪə/,de endyin-ir is jier,El maquinista está aquí.
The engineer is not here.,/ðə ˌɛndʒɪˈnɪə ɪz nɒt hɪə/,de endyin-ir is not jier.,El maquinista no está aquí.
Is the engineer here?,/ɪz ðə ˌɛndʒɪˈnɪə hɪə/,is de endyin-ir jier?,¿Está aquí el maquinista?
Who is the engineer?,/huː ɪz ðə ˌɛndʒɪˈnɪə/,ju is de endyin-ir?,¿Quién es el maquinista?
The engineer was here.,/ðə ˌɛndʒɪˈnɪə wəz hɪə/,de endyin-ir uas jier.,El maquinista estuvo aquí.
The porter carries the bags.,/ðə ˈpɔːrtər ˈkæriz ðə bægz/,de porter karriz de bags.,El portero lleva las bolsas.
The train steward helps passengers.,/ðə treɪn ˈstjuːərd helps ˈpæsəndʒərz/,de trein stiuard jelps pasenchers.,El auxiliar de tren ayuda a los pasajeros.
The passenger has a ticket.,/ðə ˈpæsəndʒər hæz a ˈtɪkɪt/,de pasencher jas a tikit.,El pasajero tiene un billete.
The conductor checks tickets.,/ðə kənˈdʌktər tʃekts ˈtɪkɪts/,de konduktor cheks tikits.,El revisor comprueba los billetes.
The corridor is long.,/ðə ˈkɒrɪdɔːr ɪz lɒŋ/,de koridor iz long.,El pasillo es largo.
The emergency break is here.,/ði ɪˈmɜːrdʒənsi breɪk ɪz hɪər/,di imerchensi breik iz jier.,El freno de emergencia está aquí.
This compartment is empty.,/ðɪs kəmˈpɑːrtmənt ɪz ˈempti/,dis kompartment iz emti.,Este compartimento está vacío.
The berth is comfortable.,/ðə bɜːrθ ɪs ˈkʌmfərtəbl/,de berz iz komfortabl.,El catre es cómodo.
The upper berth is for sleeping.,/ðə ˈʌpər bɜːrθ ɪz fɔːr ˈsliːpɪŋ/,de aper berz iz for sliping.,El upper berth es para dormir.
The lower berth is easy to reach.,/ðə ˈloʊər bɜːrθ ˈizi tuː riːtʃ/,de lover berz izi tu rich.,El lower berth es fácil de alcanzar.
The bed linen is clean.,/ðə bɛd ˈlɪnɪn ɪz kliːn/,de bed lini iz klin.,La ropa de cama está limpia.
I need a ticket.,/aɪ niːd a ˈtɪkɪt/,ai nid a tikit.,Necesito un billete.
The schedule is on the wall.,/ðə ˈskɛdʒʊl ɪz ɒn ðə wɔːl/,de scheiyul iz on de uol.,El horario está en la pared.
The information display shows the time.,/ðə ˌɪnfərˈmeɪʃən dɪˈspleɪ ʃoʊz ðə taɪm/,de informeishon displé shouz de taim.,El tablero de información muestra la hora.
The train leaves at nine.,/ðə treɪn liːvz æt naɪn/,de trein livs at nain.,El tren sale a las nueve.
The departure is at ten.,/ðə dɪˈpɑːrtʃər ɪz æt tɛn/,de diparcher iz at ten.,La salida es a las diez.
The train arrives at eight.,/ðə treɪn əˈraɪvz æt eɪt/,de trein araivs at eit.,El tren llega a las ocho.
The arrival is on time.,/ðə əˈraɪvəl ɪz ɒn taɪm/,de araival iz on taim.,La llegada es puntual.
I arrive by train every day.,/aɪ əˈraɪv baɪ treɪn ˈevri deɪ/,ai araiv bai trein evri dei.,Llegue en tren todos los días.
I get on the train at the station.,/aɪ gɛt ɒn ðə treɪn æt ðə ˈsteɪʃən/,ai get on de trein at de steishon.,Subo al tren en la estación.
I get off the train here.,/aɪ gɛt ɒf ðə treɪn hɪər/,ai get of de trein jier.,Bajo del tren aquí.
The train wreck happened last night.,/ðə treɪn rɛk ˈhæpənd læst naɪt/,de trein rek jappend last nait.,El accidente de tren ocurrió anoche.
The train is derailed.,/ðə treɪn ɪz dɪˈreɪld/,de trein iz direild.,El tren está descarrilado.
The stoker feeds the fire.,/ðə ˈstoʊkər fiːdz ðə ˈfaɪər/,de stoker fiddz de faier.,El fogonero alimenta el fuego.
The firebox is very hot.,/ðə ˈfaɪərbɒks ɪz ˈvɛri hɒt/,de faierboks iz veri jot.,La caja de fuego está muy caliente.
The coal is black.,/ðə kəʊl ɪz blæk/,de coal is black.,El carbón es negro.
I see a big ship.,/aɪ siː ə bɪɡ ʃɪp/,ai si a big ship.,Veo un barco grande.
I do not see a big ship.,/aɪ duː nɒt siː ə bɪɡ ʃɪp/,ai du not si a big ship.,Yo no veo un barco grande.
Do you see a big ship?,/duː juː siː ə bɪɡ ʃɪp/,du iu si a big ship?,¿Ves un barco grande?
When do you see a big ship?,/wɛn duː juː siː ə bɪɡ ʃɪp/,guen du iu si a big ship?,¿Cuándo ves un barco grande?
I saw a big ship.,/aɪ sɔː ə bɪɡ ʃɪp/,ai so a big ship.,Vi un barco grande.
That vessel is fast.,/ðæt ˈvɛsəl ɪz fæst/,dat vessel is fast.,Ese barco es rápido.
The steamship is old.,/ðə ˈstiːmʃɪp ɪz əʊld/,de steamship is old.,El barco de vapor es viejo.
We go on a riverboat.,/wiː ɡəʊ ɒn ə ˈrɪvəbəʊt/,ui go on a riverboat.,Vamos en un barco de río.
The ocean liner is here.,/ðə ˈəʊʃən ˈlaɪnə ɪz hɪə/,de ocean liner is jier.,El transatlántico está aquí.
The cruiser moves fast.,/ðə ˈkruːzə muːvz fæst/,de cruiser moves fast.,El crucero se mueve rápido.
That yacht is white.,/ðæt jɒt ɪz waɪt/,dat yacht is wait.,Ese yate es blanco.
The tugboat helps the ship.,/ðə ˈtʌɡbəʊt hɛlps ðə ʃɪp/,de tugboat jelps de ship.,El remolcador ayuda al barco.
The barge carries boxes.,/ðə bɑːdʒ ˈkæriz ˈbɒksiz/,de barge carries boxis.,La barcaza lleva cajas.
We take the ferry.,/wiː teɪk ðə ˈfɛri/,ui teik de ferry.,Tomamos el ferry.
The sailing ship is nice.,/ðə ˈseɪlɪŋ ʃɪp ɪz naɪs/,de sailing ship is nais.,El velero es bonito.
That brigantine has two sails.,/ðæt ˈbrɪɡəntiːn hæz tuː seɪlz/,dat brigantine jas tu seils.,Esa bergantina tiene dos velas.
The ice breaker is strong.,/ðə aɪs ˈbreɪkə ɪz strɒŋ/,de ice breaker is stron.,El rompehielos es fuerte.
The submarine is in the sea.,/ðə ˈsʌbməriːn ɪz ɪn ðə siː/,de submarine is in de si.,El submarino está en el mar.
The boat has a flat bottom.,/ðə bəʊt hæz ə flæt ˈbɒtəm/,de boat jas a flat botom.,El barco tiene un fondo plano.
I sit in the dinghy.,/aɪ sɪt ɪn ðə ˈdɪŋi/,ai sit in de dinghy.,Me siento en el bote.
Get in the lifeboat.,/ɡɛt ɪn ðə ˈlaɪfbəʊt/,get in de lifeboat.,Sube al bote salvavidas.
The motorboat is loud.,/ðə ˈməʊtəbəʊt ɪz laʊd/,de motorboat is laud.,El lancha es ruidosa.
The captain is here.,/ðə ˈkæptɪn ɪz hɪə/,de captain is jier.,El capitán está aquí.
He is a seaman.,/hiː ɪz ə ˈsiːmən/,ji is a siman.,Él es marino.
The sailor looks at the sea.,/ðə ˈseɪlə lʊks æt ðə siː/,de sailor luks at de si.,El marinero mira el mar.
The crew is happy.,/ðə kruː ɪz ˈhæpi/,de crew is japi.,La tripulación está feliz.
The boatswain works hard.,/ðə ˈbəʊsən wɜːks hɑːd/,de boatswain works jard.,El contramaestre trabaja duro.
The ship's boy runs fast.,/ðə ʃɪps bɔɪ rʌnz fæst/,de ships boy runs fast.,El grumete corre rápido.
I cook food for you.,/aɪ kʊk fʊd fɔː juː/,ai cook fud for yu.,Cocino comida para ti.
The ship's doctor is here.,/ðə ʃɪps ˈdɒktər ɪz hɪə/,de ships doctor is jier.,El médico del barco está aquí.
He stands on the deck.,/hiː stændz ɒn ðə dɛk/,ji stands on de deck.,Él está de pie en la cubierta.
The mast is very tall.,/ðə mæst ɪz ˈvɛri tɔːl/,de mast is veri tol.,El mástil es muy alto.
The sail is white.,/ðə seɪl ɪz waɪt/,de sail is uait.,La vela es blanca.
The box is in the hold.,/ðə bɒks ɪz ɪn ðə həʊld/,de boks is in de jold.,La caja está en la bodega.
I stand at the bow.,/aɪ stænd æt ðə baʊ/,ai stand at de bao.,Estoy de pie en la proa.
The bird is at the stern.,/ðə bɜːd ɪz æt ðə stɜːn/,de berd is at de starn.,El pájaro está en la popa.
He uses an oar.,/hiː ˈjuːzɪz æn ɔː/,ji yuses an or.,Él usa un remo.
The screw propeller turns fast.,/ðə skruː prəˈpɛlə tɜːnz fæst/,de skru propeler tarns fast.,La hélice gira rápido.
This is my cabin.,/ðɪs ɪz maɪ ˈkæbɪn/,dis is mai cabin.,Esta es mi cabina.
The wardroom is very big.,/ðə ˈwɔːdruːm ɪz ˈvɛri bɪg/,de wardrum is veri big.,El camarote de oficiales es muy grande.
The wardroom is not very big.,/ðə ˈwɔːdruːm ɪz nɒt ˈvɛri bɪg/,de wardrum is not veri big.,El camarote de oficiales no es muy grande.
Is the wardroom very big?,/ɪz ðə ˈwɔːdruːm ˈvɛri bɪg/,is de wardrum veri big?,¿Es el camarote de oficiales muy grande?
How big is the wardroom?,/haʊ ˈbɪɡ ɪz ðə ˈwɔːdruːm/,jau big iz de wuadrum?,¿Qué tan grande es la sala de oficiales?
The wardroom was very big.,/ðə ˈwɔːdruːm wəz ˈvɛri bɪg/,de wardrum uas veri big.,El camarote de oficiales era muy grande.
He works in the engine room.,/hiː wɜːks ɪn ðə ˈɛndʒɪn ruːm/,ji uorks in de enchin rum.,Él trabaja en la sala de máquinas.
She goes to the bridge.,/ʃiː gəʊz tuː ðə brɪdʒ/,shi gous tu de bridch.,Ella va al puente de mando.
The radio room is quiet.,/ðə ˈreɪdiəʊ ruːm ɪz ˈkwaɪət/,de reidio rum is kuaiet.,La sala de radio está tranquila.
The radio wave is here.,/ðə ˈreɪdiəʊ weɪv ɪz hɪə/,de reidio ueiv is jier.,La onda de radio está aquí.
Write it in the logbook.,/raɪt ɪt ɪn ðə ˈlɒgbʊk/,rait it in de logbuk.,Escríbelo en el diario de bitácora.
Look at the spyglass.,/lʊk æt ðə ˈspaɪɡlɑːs/,luk at de spaiglas.,Mira el catalejo.
The bell is loud.,/ðə bɛl ɪz laʊd/,de bel is laud.,La campana es ruidosa.
We see the flag.,/wiː siː ðə flæɡ/,ui si de flag.,Vemos la bandera.
The rope is long.,/ðə rəʊp ɪz lɒŋ/,de rop is long.,La cuerda es larga.
Tie a knot in the rope.,/taɪ ə nɒt ɪn ðə rəʊp/,tai a not in de rop.,Haz un nudo en la cuerda.
Hold the deckrail.,/həʊld ðə ˈdɛkreɪl/,jold de deckreil.,Sostén la barandilla de la cubierta.
Walk on the gangway.,/wɔːk ɒn ðə ˈɡæŋweɪ/,uok on de ganguei.,Camina por la pasarela.
The ship drops the anchor.,/ðə ʃɪp drɒps ðə ˈæŋkə/,de ship drops de anker.,El barco suelta el ancla.
The ship will weigh anchor.,/ðə ʃɪp wɪl weɪ æŋkə/,de ship uil ei ankor.,El barco levantará el ancla.
We drop anchor in the water.,/wiː drɒp æŋkər ɪn ðə ˈwɔːtə/,ui drop ankor in de uoter.,Lanzamos el ancla al agua.
The anchor chain is very long.,/ðiː æŋkə tʃeɪn ɪz ˈvɛri lɒŋ/,de ankor chein is beri long.,La cadena del ancla es muy larga.
The ship is at the port.,/ðə ʃɪp ɪz æt ðə pɔːt/,de ship is at de port.,El barco está en el puerto.
The boat is at the berth.,/ðə bəʊt ɪz æt ðə bɜːθ/,de bote is at de berz.,El bote está en el muelle.
They berth the big ship.,/ðeɪ bɜːθ ðə bɪg ʃɪp/,dei berz de big ship.,Atracan el barco grande.
They cast off the line.,/ðeɪ kɑːst ɒf ðə laɪn/,dei cast of de lain.,Sueltan la cuerda.
The trip is very short.,/ðə trɪp ɪz ˈvɛri ʃɔːt/,de trip is beri short.,El viaje es muy corto.
We like the sea cruise.,/wiː laɪk ðə siː kruːz/,ui laik de si cruse.,Nos gusta el crucero.
The ship is on course.,/ðə ʃɪp ɪz ɒn kɔːs/,de ship is on cors.,El barco está en ruta.
This is the right route.,/ðɪs ɪz ðə raɪt ruːt/,dis is de rait rute.,Esta es la ruta correcta.
The ship is in the fairway.,/ðə ʃɪp ɪz ɪn ðə ˈfɛəweɪ/,de ship is in de feir-uei.,El barco está en el canal.
We see the shallows here.,/wiː siː ðə ʃæləʊz hɪə/,ui si de shalows jier.,Vemos los bajos aquí.
We do not see the shallows here.,/wiː duː nɒt siː ðə ʃæləʊz hɪə/,ui du not si de shalows jier.,No vemos los bajos aquí.
Do you see the shallows here?,/duː juː siː ðə ʃæləʊz hɪə/,du iu si de shalows jier?,¿Ven los bajos aquí?
How often do you see the shallows here?,/haʊ ˈɒfən duː juː siː ðə ʃæləʊz hɪə/,jau ofen du iu si de shalows jier?,¿Con qué frecuencia ven los bajos aquí?
We saw the shallows here.,/wiː sɔː ðə ʃæləʊz hɪə/,ui so de shalows jier.,Vimos los bajos aquí.
The boat did not run aground.,/ðə bəʊt dɪd nɒt rʌn əˈɡraʊnd/,de bote did not run a-graund.,El bote no encalló.
The storm is very strong.,/ðə stɔːm ɪz ˈvɛri strɒŋ/,de storm is beri strong.,La tormenta es muy fuerte.
He gives a clear signal.,/hiː gɪvz ə klɪə ˈsɪɡnəl/,ji givs a clir sinal.,Él da una señal clara.
The small boat will sink.,/ðə smɔːl bəʊt wɪl sɪŋk/,de small bote uil sink.,El bote pequeño se hundirá.
Help! Man overboard!,/hɛlp mæn ˈəʊvəbɔːd/,jelp man over-bord.,¡Ayuda! ¡Hombre al agua!
They send the SOS signal.,/ðeɪ sɛnd ðiː ɛs-oʊ-ɛs ˈsɪɡnəl/,dei send de es-ou-es sinal.,Envían la señal SOS.
Throw the ring buoy to him.,/θrəʊ ðə rɪŋ bɔɪ tuː hɪm/,zro de ring boi tu jim.,Lánzale el salvavidas.
We go to the airport.,/wiː gəʊ tuː ðiː ˈɛəpɔːt/,ui gou tu de air-port.,Vamos al aeropuerto.
The airplane is very fast.,/ðiː ˈɛəpleɪn ɪz ˈvɛri fɑːst/,de air-plane is beri fast.,El avión es muy rápido.
The airplane is not very fast.,/ðiː ˈɛəpleɪn ɪz nɒt ˈvɛri fɑːst/,de air-plane is not beri fast.,El avión no es muy rápido.
Is the airplane very fast?,/ɪz ðiː ˈɛəpleɪn ˈvɛri fɑːst/,is de air-plane beri fast.,¿Es el avión muy rápido?
How fast is the airplane?,/haʊ fɑːst ɪz ðiː ˈɛəpleɪn/,jau fast is de air-plane.,¿Qué tan rápido es el avión?
The airplane was very fast.,/ðiː ˈɛəpleɪn wɒz ˈvɛri fɑːst/,de air-plane uoz beri fast.,El avión era muy rápido.
This airline is good.,/ðɪs ˈɛəlaɪn ɪz gʊd/,dis air-lain is gud.,Esta aerolínea es buena.
The air-traffic controller looks at the screen.,/ðə ɛə ˈtræfɪk kənˈtrəʊlə lʊks æt ðə skriːn/,de air-trafic can-troler lüks at de skrin.,El controlador aéreo mira la pantalla.
The departure is at noon.,/ðə dɪˈpɑːtʃə ɪz æt nuːn/,de de-partur is at nun.,La salida es al mediodía.
I see the arrival time.,/aɪ siː ðiː əˈraɪvəl taɪm/,ai si de arraival taim.,Veo la hora de llegada.
We arrive by plane today.,/wiː əˈraɪv baɪ pleɪn təˈdeɪ/,ui arraiv bai plein tudei.,Llegamos por avión hoy.
The departure time is late.,/ðə dɪˈpɑːtʃə taɪm ɪz leɪt/,de departchur taim iz leit.,La hora de salida es tarde.
The arrival time is now.,/ðiː əˈraɪvəl taɪm ɪz naʊ/,de arraival taim iz nau.,La hora de llegada es ahora.
The train is delayed today.,/ðə treɪn ɪz dɪˈleɪd təˈdeɪ/,de trein iz dileid tudei.,El tren está retrasado hoy.
We have a flight delay.,/wiː hæv ə flaɪt dɪˈleɪ/,ui jav a flaith dilei.,Tenemos un retraso en el vuelo.
Look at the information board.,/lʊk æt ðiː ɪnfəˈmeɪʃən bɔːd/,luk at de informeishon bord.,Mira el tablón de información.
I need some information.,/aɪ niːd sʌm ɪnfəˈmeɪʃən/,ai nid som informeishon.,Necesito alguna información.
They announce the flight now.,/ðeɪ əˈnaʊns ðə flaɪt naʊ/,dei anauns de flaith nau.,Anuncian el vuelo ahora.
The flight is very long.,/ðə flaɪt ɪz ˈvɛri lɒŋ/,de flaith iz beri long.,El vuelo es muy largo.
We go to customs now.,/wiː gəʊ tuː ˈkʌstəmz naʊ/,ui gou tu customz nau.,Vamos a aduana ahora.
The customs officer is here.,/ðə ˈkʌstəmz ˈɒfɪsə ɪz hɪə/,de customz ofiser iz jia.,El oficial de aduanas está aquí.
This is a customs declaration.,/ðɪs ɪz ə ˈkʌstəmz ˌdɛkləˈreɪʃən/,dis iz a customz deklareishon.,Esta es una declaración de aduana.
Please fill out this form.,/pliːz fɪl aʊt ðɪs fɔːm/,pliz fil aut dis form.,Por favor rellene este formulario.
I fill out the declaration.,/aɪ fɪl aʊt ðə ˌdɛkləˈreɪʃən/,ai fil aut de deklareishon.,Relleno la declaración.
Where is passport control?,/weə ɪz ˈpɑːspɔːt kənˈtrəʊl/,uer iz pasport control?,¿Dónde está el control de pasaportes?
I have my luggage here.,/aɪ hæv maɪ ˈlʌɡɪdʒ hɪə/,ai jav mai laguej jia.,Tengo mi equipaje aquí.
I don't have my luggage here.,/aɪ dəʊnt hæv maɪ ˈlʌɡɪdʒ hɪə/,ai dont jav mai laguej jia.,No tengo mi equipaje aquí.
Do you have your luggage here?,/duː juː hæv jɔː ˈlʌɡɪdʒ hɪə/,du iu jav ior laguej jia.,¿Tienes tu equipaje aquí?
Where is your luggage?,/wɛər ɪz jɔː ˈlʌɡɪdʒ/,guer is ior laguej.,¿Dónde está tu equipaje?
I had my luggage here.,/aɪ hæd maɪ ˈlʌɡɪdʒ hɪə/,ai jad mai laguej jia.,Tenía mi equipaje aquí.
This is my hand luggage.,/ðɪs ɪz maɪ hænd ˈlʌɡɪdʒ/,dis iz mai jand laguej.,Este es mi equipaje de mano.
Go to the Lost Luggage Desk.,/gəʊ tuː ðə lɒst ˈlʌɡɪdʒ dɛsk/,gou tu de lost laguej desk.,Vaya al mostrador de equipaje perdido.
Use the luggage cart.,/juːz ðə ˈlʌɡɪdʒ kɑːt/,iuz de laguej cart.,Use el carrito para el equipaje.
The landing was very good.,/ðə ˈlændɪŋ wɒz ˈvɛri gʊd/,de landing uoz beri gud.,El aterrizaje fue muy bueno.
The landing wasn't very good.,/ðə ˈlændɪŋ ˈwɒznt ˈvɛri gʊd/,de landing uozent beri gud.,El aterrizaje no fue muy bueno.
Was the landing very good?,/wɒz ðə ˈlændɪŋ ˈvɛri gʊd/,uoz de landing beri gud.,¿Fue muy bueno el aterrizaje?
When was the landing?,/wɛn wɒz ðə ˈlændɪŋ/,guen uoz de landing.,¿Cuándo fue el aterrizaje?
The plane is on the landing strip.,/ðə pleɪn ɪz ɒn ðə ˈlændɪŋ strɪp/,de plein iz on de landing strip.,El avión está en la pista de aterrizaje.
We land in one hour.,/wiː lænd ɪn wʌn ˈaʊə/,ui land in wan auer.,Aterrizamos en una hora.
I use the airstairs.,/aɪ juːz ðiː ˈeəsteəz/,ai iuz de erstairs.,Uso las escaleras del avión.
Where is check-in?,/weə ɪz ˈtʃɛk ɪn/,uer iz chek in?,¿Dónde está el check-in?
The check-in desk is open.,/ðə ʧekɪn dɛsk ɪz ˈoʊpən/,de chekin desk is open.,El mostrador de facturación está abierto.
I check-in at the airport.,/aɪ ʧekˈɪn æt ði ˈerpɔrt/,ai chekin at de airport.,Facturo en el aeropuerto.
I have a boarding pass.,/aɪ hæv ə ˈbɔrdɪŋ pæs/,ai jav a boarding pas.,Tengo una tarjeta de embarque.
The departure gate is number five.,/ðə dɪˈpɛrʃər geɪt ɪz ˈnʌmbər faɪv/,de departure geit is number faiv.,La puerta de embarque es la número cinco.
I am in transit.,/aɪ æm ɪn ˈtrænzɪt/,ai em in transit.,Estoy en tránsito.
I wait for the bus.,/aɪ weɪt fɔr ðə bʌs/,ai ueit for de bus.,Espero el autobús.
The departure lounge is big.,/ðə dɪˈpɛrʃər laʊnʤ ɪz bɪɡ/,de departure lounch is big.,La sala de embarque es grande.
My mother sees me off.,/maɪ ˈmʌðər siːz mi ˈɔf/,mai moda siis mi of.,Mi madre me despide.
I say goodbye to my friend.,/aɪ seɪ ɡʊdˈbaɪ tu maɪ frɛnd/,ai sei gudbai tu mai frend.,Le digo adiós a mi amigo.
I have a bicycle.,/aɪ hæv ə ˈbaɪsɪkəl/,ai jav a baisikol.,Tengo una bicicleta.
He rides a scooter.,/hi raɪdz ə ˈskuːtər/,ji raids a scuter.,Él conduce un patinillo.
He has a motorcycle.,/hi hæz ə ˈmoʊtərsaɪkəl/,ji jas a motorsaicol.,Tiene una motocicletas.
He does not have a motorcycle.,/hi dʌz nɒt hæv ə ˈmoʊtərsaɪkəl/,ji das not jav a motorsaicol.,Él no tiene una motocicleta.
Does he have a motorcycle?,/dʌz hi hæv ə ˈmoʊtərsaɪkəl/,das ji jav a motorsaicol?,¿Él tiene una motocicleta?
Which motorcycle does he have?,/wɪtʃ ˈmoʊtərsaɪkəl dʌz hi hæv/,guich motorsaicol das ji jav?,¿Qué motocicleta tiene él?
He had a motorcycle.,/hi hæd ə ˈmoʊtərsaɪkəl/,ji jad a motorsaicol.,Él tenía una motocicleta.
I go to work by bicycle.,/aɪ ɡoʊ tu wɜrk baɪ ˈbaɪsɪkəl/,ai go tu uerk bai baisikol.,Voy al trabajo en bicicleta.
The handlebars are straight.,/ðə ˈhændəlbɑrz ɑr streɪt/,de hendelbars ar streit.,El manillar es recto.
The pedal turns round.,/ðə ˈpɛdəl tɜrnz raʊnd/,de pedal terns raund.,El pedal gira.
The brakes work well.,/ðə breɪks wɜrk wɛl/,de breiks uerk uel.,Los frenos funcionan bien.
The bicycle seat is comfortable.,/ðə ˈbaɪsɪkəl siːt ɪz ˈkʌmfərtəbəl/,de baisikol sit is comfartabol.,El sillín es cómodo.
I need a pump for tires.,/aɪ niːd ə pʌmp fɔr ˈtaɪərz/,ai nida a pamp for taiers.,Necesito una bomba para los neumáticos.
The luggage rack is on the bike.,/ðə ˈlʌɡɪʤ ræk ɪz ɑn ðə baɪk/,de lagid rak is on de baik.,El portaequipajes está en la bicicleta.
The front lamp shines bright.,/ðə frʌnt læm ʃaɪns braɪt/,de front lam shains brait.,La luz frontal brilla intensamente.
The helmet protects my head.,/ðə ˈhɛlmɪt prəˈtɛkts maɪ hɛd/,de helmet protekts mai hed.,El casco protege mi cabeza.
The wheel turns fast.,/ðə wiːl tɜrnz fæst/,de uil terns fast.,La rueda gira rápido.
The fender covers the wheel.,/ðə ˈfɛndər ˈkʌvərz ðə wiːl/,de fender kaverz de uil.,El guardabarros cubre la rueda.
The rim is metal.,/ðə rɪm ɪz ˈmɛtəl/,de rim is metal.,El borde es de metal.
A spoke is broken.,/ə spoʊk ɪz ˈbroʊkən/,a spouk is broquen.,Un radio está roto.
The car is red.,/ðə kɑːr ɪz rɛd/,de car is red.,El coche es rojo.
I like the fast sports car.,/aɪ laɪk ðə fæst spɔːrts kɑːr/,ai laik de fast sports car.,Me gusta el coche deportivo rápido.
I don't like the fast sports car.,/aɪ dəʊnt laɪk ðə fæst spɔːrts kɑːr/,ai dont laik de fast sports car.,No me gusta el coche deportivo rápido.
Do you like the fast sports car?,/duː juː laɪk ðə fæst spɔːrts kɑːr/,du iu laik de fast sports car.,¿Te gusta el coche deportivo rápido?
Why do you like the fast sports car?,/waɪ duː juː laɪk ðə fæst spɔːrts kɑːr/,guai du iu laik de fast sports car.,¿Por qué te gusta el coche deportivo rápido?
I liked the fast sports car.,/aɪ laɪkt ðə fæst spɔːrts kɑːr/,ai laikt de fast sports car.,Me gustó el coche deportivo rápido.
The limousine is very long.,/ðə ˈlɪməziːn ɪz ˈvɛri lɔːŋ/,de limuzin is beri long.,La limusina es muy larga.
The limousine isn't very long.,/ðə ˈlɪməziːn ˈɪznt ˈvɛri lɔːŋ/,de limuzin isent beri long.,La limusina no es muy larga.
Is the limousine very long?,/ɪz ðə ˈlɪməziːn ˈvɛri lɔːŋ/,is de limuzin beri long.,¿Es la limusina muy larga?
Which limousine is very long?,/wɪʧ ˈlɪməziːn ɪz ˈvɛri lɔːŋ/,guich limuzin is beri long.,¿Cuál limusina es muy larga?
The limousine was very long.,/ðə ˈlɪməziːn wɒz ˈvɛri lɔːŋ/,de limuzin uoz beri long.,La limusina era muy larga.
This is an off-road vehicle.,/ðɪs ɪz æn ɔːf roʊd ˈviːhɪkəl/,dis is an of-road vihicol.,Este es un vehículo todoterreno.
The convertible has no roof.,/ðə kənˈvɜːrtəbəl hæz noʊ ruːf/,de convertible jas no ruf.,El descapotable no tiene techo.
We go in the minibus.,/wi ɡoʊ ɪn ðə ˈmɪnibʌs/,ui gou in de minibus.,Vamos en el minibus.
The ambulance is here.,/ðə ˈæmbjələns ɪz hɪr/,de ambulans is jir.,La ambulancia está aquí.
The ambulance isn't here.,/ðə ˈæmbjələns ˈɪznt hɪə/,de ambulans isent jir.,La ambulancia no está aquí.
Is the ambulance here?,/ɪz ðə ˈæmbjələns hɪə/,is de ambulans jir.,¿Está la ambulancia aquí?
Who is in the ambulance?,/huː ɪz ɪn ðə ˈæmbjələns/,ju is in de ambulans.,¿Quién está en la ambulancia?
The ambulance was here.,/ðə ˈæmbjələns wɒz hɪə/,de ambulans uoz jir.,La ambulancia estaba aquí.
The snowplow moves the snow.,/ðə ˈsnoʊplaʊ muːvz ðə snoʊ/,de snoplau muvs de sno.,La quitanieves mueve la nieve.
He drives a big truck.,/hi draɪvz ə bɪɡ trʌk/,ji draivs a big trak.,Él conduce un camión grande.
The tank truck carries water.,/ðə tæŋk trʌk ˈkæriz ˈwɔːtər/,de tank trak caries uater.,El camión cisterna transporta agua.
The van is white.,/ðə væn ɪz waɪt/,de van is uait.,La furgoneta es blanca.
The tractor is very strong.,/ðə ˈtræktər ɪz ˈvɛri strɔːŋ/,de tractor is beri strong.,El tractor es muy fuerte.
The car pulls the trailer.,/ðə kɑːr pʊlz ðə ˈtreɪlər/,de car puls de trailer.,El coche arrastra el remolque.
The seat is comfortable.,/ðə siːt ɪz ˈkʌmfərtəbəl/,de sit is comftabol.,El asiento es cómodo.
It is a second hand car.,/ɪt ɪz ə ˈsɛkənd hænd kɑːr/,it is a second hand car.,Es un coche de segunda mano.
Open the hood of the car.,/ˈoʊpən ðə hʊd ʌv ðə kɑːr/,open de jod ov de car.,Abre el capó del coche.
The fender is black.,/ðə ˈfɛndər ɪz blæk/,de fender is black.,El guardabarros es negro.
The roof is green.,/ðə ruːf ɪz ɡriːn/,de ruf is grin.,El techo es verde.
Clean the windshield now.,/kliːn ðə ˈwɪndʃiːld naʊ/,clin de uindshild nau.,Limpia el parabrisas ahora.
Look in the rear-view mirror.,/lʊk ɪn ðə ˈrɪr vjuː ˈmɪrər/,luk in de rir-viu miror.,Mira en el retrovisor.
Add some windshield washer.,/æd sʌm ˈwɪndʃiːld ˈwɒʃər/,ad som uindshild uasher.,Añade algo de líquido limpiaparabrisas.
The wipers are fast.,/ðə ˈwaɪpərz ɑːr fæst/,de uaipers ar fast.,Los limpiaparabrisas son rápidos.
Open the side window.,/ˈoʊpən ðə saɪd ˈwɪndoʊ/,open de said uindou.,Abre la ventana lateral.
Use the window lift.,/juːz ðə ˈwɪndoʊ lɪft/,iuz de uindou lift.,Usa el elevador de ventanas.
The antenna is short.,/ðə ænˈtɛnə ɪz ʃɔːrt/,de antena is short.,La antena es corta.
The sun roof is open.,/ðə sʌn ruːf ɪz ˈoʊpən/,de san ruk iz open,El techo solar está abierto.
The bumper is on the car.,/ðə ˈbʌmpər ɪz ɒn ðə kɑːr/,de bomber iz on de kar,El parachoque está en el auto.
The trunk is at the back.,/ðə trʌŋk ɪz æt ðə bæk/,de trank iz at de bak,El maletero está atrás.
The roof luggage rack is on top.,/ðə ruːf ˈlʌgɪʤ ræk ɪz ɒn tɒp/,de ruk lagich rak iz on top,El portaequipajes de techo está arriba.
The door is closed.,/ðə dɔːr ɪz kloʊzd/,de dor iz clozd,La puerta está cerrada.
The door handle is new.,/ðə dɔːr ˈhændl ɪz njuː/,de dor jandl iz niu,La manija de la puerta es nueva.
The door lock is broken.,/ðə dɔːr lɒk ɪz ˈbroʊkən/,de dor lok iz broquen,La cerradura de la puerta está rota.
The license plate is clean.,/ðə ˈlaɪsns pleɪt ɪz kliːn/,de laisens pleit iz klin,La matrícula está limpia.
The muffler is under the car.,/ðə ˈmʌflər ɪz ˈʌndər ðə kɑːr/,de mafler iz ander de kar,El silenciador está debajo del auto.
The gas tank is full.,/ðə ɡæs tæŋk ɪz fʊl/,de gas tank iz ful,El tanque de gasolina está lleno.
The tail pipe is at the back.,/ðə teɪl paɪp ɪz æt ðə bæk/,de teil paip iz at de bak,El tubo de escape está atrás.
The gas is on the right.,/ðə ɡæs ɪz ɒn ðə raɪt/,de gas iz on de rait,El acelerador está a la derecha.
The pedal is on the floor.,/ðə ˈpɛdəl ɪz ɒn ðə flɔːr/,de pedal iz on de flor,El pedal está en el piso.
The gas pedal is on the floor.,/ðə ɡæs ˈpɛdəl ɪz ɒn ðə flɔːr/,de gas pedal iz on de flor,El pedal del acelerador está en el piso.
The brake is on the left.,/ðə breɪk ɪz ɒn ðə lɛft/,de breik iz on de left,El freno está a la izquierda.
The brake pedal is on the floor.,/ðə breɪk ˈpɛdəl ɪz ɒn ðə flɔːr/,de breik pedal iz on de flor,El pedal del freno está en el piso.
I need to slow down.,/aɪ niːd tuː sloʊ daʊn/,ai nid tu slo daun,Necesito reducir la velocidad.
The parking brake is on.,/ðə ˈpɑːrɪŋ breɪk ɪz ɒn/,de parking breik iz on,El freno de estacionamiento está puesto.
The clutch is in the middle.,/ðə klʌtʃ ɪz ɪn ðə ˈmɪdəl/,de klach iz in de midel,El embrague está en el medio.
The clutch pedal is on the left.,/ðə klʌtʃ ˈpɛdəl ɪz ɒn ðə lɛft/,de klach pedal iz on de left,El pedal del embrague está a la izquierda.
The clutch plate is worn.,/ðə klʌtʃ pleɪt ɪz wɔːrn/,de klach pleit iz uorn,El disco del embrague está gastado.
The shock absorber is old.,/ðə ʃɒk əbˈzɔːrbər ɪz oʊld/,de shok abzorber iz old,El amortiguador es viejo.
The wheel is round.,/ðə wiːl ɪz raʊnd/,de uil iz raund,La rueda es redonda.
The spare tire is in the trunk.,/ðə spɛr ˈtaɪər ɪz ɪn ðə trʌŋk/,de sper taiar iz in de trank,La rueda de repuesto está en el maletero.
The tire is flat.,/ðə ˈtaɪər ɪz flæt/,de taiar iz flat,La rueda está desinflada.
The hubcap is on the wheel.,/ðə ˈhæbkæp ɪz ɒn ðə wiːl/,de jkap is on de uil.,El cubo de la rueda está en la rueda.
The car has four driving wheels.,/ðə kɑːr hæz fɔːr ˈdraɪvɪŋ wiːlz/,de car jaz for draibing uils.,El coche tiene cuatro ruedas motrices.
It is a front-wheel drive car.,/ɪt ɪz ə frʌnt wiːl draɪv kɑːr/,it is a front uil draiv car.,Es un coche de tracción delantera.
It is a rear-wheel drive car.,/ɪt ɪz ə rɪr wiːl draɪv kɑːr/,it is a rir uil draiv car.,Es un coche de tracción trasera.
It is an all-wheel drive car.,/ɪt ɪz ən ɔːl wiːl draɪv kɑːr/,it is an ol uil draiv car.,Es un coche de tracción total.
The gearbox is in the car.,/ðə ˈɡɪərbɒks ɪz ɪn ðə kɑːr/,de giboks is in de car.,La caja de cambios está en el coche.
The car is automatic.,/ðə kɑːr ɪz ˌɔːtəˈmætɪk/,de car is otomatik.,El coche es automático.
It is a mechanical part.,/ɪt ɪz ə məˈkænɪkəl pɑːrt/,it is a mekanikal part.,Es una pieza mecánica.
Use the gear shift to drive.,/juːz ðə ɡɪər ʃɪft tuː draɪv/,yus de gibraltar shif tu draiv.,Usa la palanca de cambios para conducir.
The headlight is very bright.,/ðə ˈhɛdlaɪt ɪz ˈvɛri braɪt/,de jedlait is very brait.,El faro delantero es muy brillante.
The headlight isn't very bright.,/ðə ˈhɛdlaɪt ˈɪznt ˈvɛri braɪt/,de jedlait isnt veri brait.,El faro delantero no es muy brillante.
Is the headlight very bright?,/ɪz ðə ˈhɛdlaɪt ˈvɛri braɪt/,is de jedlait veri brait?,¿El faro delantero es muy brillante?
When is the headlight very bright?,/wɛn ɪz ðə ˈhɛdlaɪt ˈvɛri braɪt/,guen is de jedlait veri brait?,¿Cuándo está el faro delantero muy brillante?
The headlight was very bright.,/ðə ˈhɛdlaɪt wɒz ˈvɛri braɪt/,de jedlait woz veri brait.,El faro delantero era muy brillante.
Use the low beam at night.,/juːz ðə loʊ biːm æt naɪt/,yus de lo bim at nait.,Usa la luz corta de noche.
The high beam is too bright.,/ðə haɪ biːm ɪz tuː braɪt/,de jai bim is tu brait.,La luz larga es demasiado brillante.
The brake light is red.,/ðə breɪk laɪt ɪz rɛd/,de breik lait is red.,La luz de freno es roja.
Turn on the parking lights.,/tɜːrn ɒn ðə ˈpɑːrkɪŋ laɪts/,torn on de parkin laits.,Enciende las luces de estacionamiento.
Use the hazard lights now.,/juːz ðə ˈhæzərd laɪts naʊ/,yus de jazard laits nau.,Usa las luces de emergencia ahora.
The fog lights help you see.,/ðə fɒɡ laɪts hɛlp juː siː/,de fog laits jelp yu si.,Las luces antiniebla te ayudan a ver.
Use the turn signal to turn.,/juːz ðə tɜːrn ˈsɪɡnəl tuː tɜːrn/,yus de torn sinal tu torn.,Usa el intermitente para girar.
The back-up light is white.,/ðə bæk ʌp laɪt ɪz waɪt/,de bak ap lait is uait.,La luz de marcha atrás es blanca.
The car inside is clean.,/ðə kɑːr ɪnˈsaɪd ɪz kliːn/,de car inside is klin.,El interior del coche está limpio.
The seat is made of leather.,/ðə siːt ɪz meɪd ɒv ˈlɛðər/,de sit is meid ov leder.,El asiento está hecho de cuero.
I like the velour seat.,/aɪ laɪk ðə vəˈlʊr siːt/,ai laik de velur sit.,Me gusta el asiento de raso.
The car upholstery is nice.,/ðə kɑːr əpˈhoʊlstəri ɪz naɪs/,de car apjolstri is nais.,La tapicería del coche es bonita.
Look at the instrument gage.,/lʊk æt ðə ˈɪnstrəmənt ɡeɪdʒ/,luk at de instrument geilch.,Mira el indicador del panel.
The dashboard is in front.,/ðə ˈdæʃbɔːrd ɪz ɪn frʌnt/,de dashbord is in front.,El tablero está al frente.
Check the speedometer often.,/tʃɛk ðə spiːˈdɒmɪtər ˈɔfən/,chek de spedomitir ofen.,Revisa el velocímetro a menudo.
The needle points to the number.,/ðə ˈniːdl pɔɪnts tuː ðə ˈnʌmbə/,de nidl points tu de namber.,La aguja apunta al número.
The odometer shows the distance.,/ðə oʊˈdɒmɪtər ʃoʊz ðə ˈdɪstəns/,de odometer shoz de distance.,El odómetro muestra la distancia.
The indicator lights up now.,/ði ˈɪndɪkeɪtər laɪts ʌp naʊ/,de indicator laits up nau.,El indicador se enciende ahora.
Check the fuel level carefully.,/tʃɛk ðə fjuːəl ˈlɛvəl ˈkɛərfəli/,chek de fiuel level kerfuli.,Revisa el nivel de combustible.
The warning light is red.,/ðə ˈwɔːrnɪŋ laɪt ɪz rɛd/,de warning light is red.,La luz de advertencia es roja.
Hold the steering wheel tight.,/hoʊld ðə ˈstɪərɪŋ wiːl taɪt/,jold de stiling wuil tait.,Sostén el volante con fuerza.
Press the horn to signal.,/prɛs ðə hɔːrn tuː ˈsɪgnəl/,pres de horn tu signal.,Presiona la bocina para señalizar.
Push the button down.,/pʊʃ ðə ˈbʌtn daʊn/,push de boton daun.,Empuja el botón hacia abajo.
Flip the switch on.,/flɪp ðə swɪtʃ ɒn/,flip de swich on.,Cambia el interruptor a encendido.
This seat is very soft.,/ðɪs siːt ɪz ˈvɛri sɒft/,dis sit is beri soft.,Este asiento es muy suave.
This seat isn't very soft.,/ðɪs siːt ˈɪznt ˈvɛri sɒft/,dis sit isnt veri soft.,Este asiento no es muy suave.
Is this seat very soft?,/ɪz ðɪs siːt ˈvɛri sɒft/,is dis sit veri soft?,¿Este asiento es muy suave?
What material makes this seat very soft?,/wɒt məˈtɪəriəl meɪks ðɪs siːt ˈvɛri sɒft/,wot material meiks dis sit veri soft?,¿Qué material hace que este asiento sea muy suave?
This seat was very soft.,/ðɪs siːt wɒz ˈvɛri sɒft/,dis sit woz veri soft.,Este asiento era muy suave.
Lean on the backrest.,/liːn ɒn ðə ˈbækrɛst/,lin on de bakrest.,Apóyate en el respaldo.
The headrest is high.,/ðə ˈhɛdrɛst ɪz haɪ/,de jedrest is jai.,El reposacabezas está alto.
Wear your seat belt always.,/wɛr jɔːr siːt bɛlt ˈɔːlweɪz/,wer yuor sit belt olweiz.,Usa siempre el cinturón de seguridad.
Fasten the belt please.,/ˈfæsn ðə bɛlt pliːz/,fasen de belt plis.,Abróchate el cinturón por favor.
The adjustment is easy.,/ðə əˈdʒʌstmənt ɪz ˈiːzi/,de ayachment is isi.,El ajuste es fácil.
The airbag is hidden.,/ði ˈɛrbæɡ ɪz ˈhɪdən/,de airbag is jiden.,El airbag está oculto.
The air-conditioner is cold.,/ði ˈɛrkəndɪʃənər ɪz koʊld/,de airconditioner is cold.,El aire acondicionado está frío.
Listen to the radio.,/ˈlɪsn tuː ðə ˈreɪdiˌoʊ/,lisen tu de reidio.,Escucha la radio.
The CD player works.,/ðə siːdiː ˈpleɪər wɜːrks/,de cdi player works.,El reproductor de CD funciona.
Turn on the light.,/tɜːrn ɒn ðə laɪt/,torn on de lait.,Enciende la luz.
The antenna is long.,/ði ænˈtɛnə ɪz lɒŋ/,de antena is long.,La antena es larga.
Open the glove box.,/ˈoʊpən ðə ɡlʌv bɒks/,open de glov box.,Abre la guantera.
The ashtray is empty.,/ði ˈæʃtreɪ ɪz ˈɛmpti/,de ashtray is emti.,El cenicero está vacío.
The engine is loud.,/ðə ˈɛndʒɪn ɪz laʊd/,de enyain is laud.,El motor es ruidoso.
The motor is strong.,/ðə ˈmoʊtər ɪz strɒŋ/,de motor is strong.,El motor es potente.
This is a diesel car.,/ðɪs ɪz ə ˈdiːzəl kɑːr/,dis is a dizol car.,Este es un coche diésel.
It is a gasoline engine.,/ɪt ɪz ə ˈɡæsəliːn ˈɛndʒɪn/,it is a gasolin enyinyin.,Es un motor de gasolina.
The engine volume is big.,/ðə ˈɛndʒɪn ˈvɒljuːm ɪz bɪɡ/,de enyinyin volyum is big.,El volumen del motor es grande.
The power is strong.,/ðə ˈpaʊər ɪz strɒŋ/,de pauer is stron.,La potencia es fuerte.
It has high horsepower.,/ɪt hæz haɪ ˈhɔːrsaʊər/,it has jai jorsaues.,Tiene mucha potencia.
It doesn't have high horsepower.,/ɪt ˈdʌznt hæv haɪ ˈhɔːrsaʊər/,it dasnt jav jai jorsaues.,No tiene mucha potencia.
Does it have high horsepower?,/dʌz ɪt hæv haɪ ˈhɔːrsaʊər/,das it jav jai jorsaues?,¿Tiene mucha potencia?
Why does it have high horsepower?,/waɪ dʌz ɪt hæv haɪ ˈhɔːrsaʊər/,wai das it jav jai jorsaues?,¿Por qué tiene mucha potencia?
It had high horsepower.,/ɪt hæd haɪ ˈhɔːrsaʊər/,it had jai jorsaues.,Tenía mucha potencia.
The piston moves up.,/ðə ˈpɪstən muːvz ʌp/,de piston muvs ap.,El pistón se mueve hacia arriba.
The cylinder is inside.,/ðə ˈsɪlɪndər ɪz ɪnˈsaɪd/,de silinder is insaid.,El cilindro está adentro.
The valve is open.,/ðə vælv ɪz ˈəʊpən/,de valv is open.,La válvula está abierta.
The injector works well.,/ðə ɪnˈdʒɛktər wɜːrks wɛl/,de inyector uerks uel.,El inyector funciona bien.
The generator runs now.,/ðə ˈdʒɛnəreɪtər rʌnz naʊ/,de yeneretor rans nau.,El generador funciona ahora.
The carburetor is old.,/ðə ˈkɑːrbəreɪtər ɪz oʊld/,de karburetor is old.,El carburador es viejo.
Add some engine oil.,/æd sʌm ˈɛndʒɪn ɔɪl/,ad som enyinyin oil.,Agrega un poco de aceite.
Check the radiator water.,/tʃɛk ðə ˈreɪdieɪtər ˈwɔːtər/,chek de reidieitor uater.,Revisa el agua del radiador.
The coolant is blue.,/ðə ˈkuːlənt ɪz bluː/,de coolant is blu.,El refrigerante es azul.
The cooling fan spins.,/ðə ˈkuːlɪŋ fæn spɪnz/,de coolin fan spins.,El ventilador gira.
The battery is dead.,/ðə ˈbætəri ɪz dɛd/,de bateri is ded.,La batería está muerta.
The starter is loud.,/ðə ˈstɑːrtər ɪz laʊd/,de starter is laud.,El motor de arranque es ruidoso.
Turn on the ignition.,/tɜːrn ɒn ðə ɪɡˈnɪʃən/,tern on de ig-nicion.,Enciende el motor.
Change the spark plug.,/tʃeɪndʒ ðə spɑːrk plʌɡ/,cheinch de sparg plag.,Cambia la bujía.
Clean the battery terminal.,/kliːn ðə ˈbætəri ˈtɜːrmɪnəl/,clin de bateri terminal.,Limpia el terminal de la batería.
Connect the positive terminal.,/kəˈnɛkt ðə ˈpɑːzətɪv ˈtɜːrmɪnəl/,conect de positiv terminal.,Conecta el terminal positivo.
Find the negative terminal.,/faɪnd ðə ˈnɛɡətɪv ˈtɜːrmɪnəl/,faind de negativ terminal.,Encuentra el terminal negativo.
Check the car fuse.,/tʃɛk ðə kɑːr fjuːz/,chek de car fius.,Revisa el fusible del coche.
The air filter is clean.,/ðə ɛr ˈfɪltər ɪz kliːn/,de er filter is clin.,El filtro de aire está limpio.
Fix the old oil filter.,/fɪks ðə oʊld ɔɪl ˈfɪltər/,fiks de old oil filter.,Arregla el filtro de aceite viejo.
The fuel filter is new.,/ðə fjʊl ˈfɪltər ɪz njuː/,de fiul filter is niu,El filtro de combustible es nuevo.
The car accident was bad.,/ðə kær ˈæksɪdənt wəz bæd/,de kar aksident uer bad,El accidente de coche fue malo.
The road accident happened today.,/ðə rəʊd ˈæksɪdənt ˈhæpənd təˈdeɪ/,de rod aksident jappened tudei,El accidente de carretera ocurrió hoy.
The car ran into the tree.,/ðə kær ræn ˈɪntə ðə triː/,de kar ran intu de tri,El coche chocó contra el árbol.
She had an accident yesterday.,/ʃiː hæd ən ˈæksɪdənt ˈjɛstədeɪ/,shi jad an aksident yestardei,Ella tuvo un accidente ayer.
The damage is serious.,/ðə ˈdæmɪʤ ɪz ˈsɪəriəs/,de damich uer siries,El daño es grave.
The glass stayed intact.,/ðə ɡlɑːs teɪd ɪnˈtækt/,de glas teid intakt,El vidrio se mantuvo intacto.
The car had a breakdown.,/ðə kær hæd ə ˈbreɪkdaʊn/,de kar jad a breikdaun,El coche tuvo una avería.
The truck broke down on road.,/ðə trʌk brəʊk daʊn ɒn rəʊd/,de trak brok daun on rod,El camión se averió en la carretera.
The toprope is very strong.,/ðə ˈtəʊrəʊp ɪz ˈvɛri strɒŋ/,de toproip uer veri strong,La cuerda de remolque es muy fuerte.
The toprope isn't very strong.,/ðə ˈtəʊrəʊp ˈɪznt ˈvɛri strɒŋ/,de toproip isnt veri strong.,La cuerda de remolque no es muy fuerte.
Is the toprope very strong?,/ɪz ðə ˈtəʊrəʊp ˈvɛri strɒŋ/,is de toproip veri strong?,¿La cuerda de remolque es muy fuerte?
How strong is the toprope?,/haʊ strɒŋ ɪz ðə ˈtəʊrəʊp/,jau strong is de toproip?,¿Qué tan fuerte es la cuerda de remolque?
The toprope was very strong.,/ðə ˈtəʊrəʊp wɒz ˈvɛri strɒŋ/,de toproip woz veri strong.,La cuerda de remolque era muy fuerte.
The tire has a puncture.,/ðə ˈtaɪər hæz ə ˈpʌŋkʧər/,de taiar jaz a puncher,El neumático tiene un pinchazo.
The tire doesn't have a puncture.,/ðə ˈtaɪər ˈdʌznt hæv ə ˈpʌŋkʧər/,de taiar dasnt jav a puncher.,El neumático no tiene un pinchazo.
Does the tire have a puncture?,/dʌz ðə ˈtaɪər hæv ə ˈpʌŋkʧər/,das de taiar jav a puncher?,¿El neumático tiene un pinchazo?
Which tire has a puncture?,/wɪʧ ˈtaɪər hæz ə ˈpʌŋkʧər/,guich taiar jas a puncher?,¿Qué neumático tiene un pinchazo?
The tire had a puncture.,/ðə ˈtaɪər hæd ə ˈpʌŋkʧər/,de taiar had a puncher.,El neumático tenía un pinchazo.
The tire is flat.,/ðə ˈtaɪər ɪz flæt/,de taiar uer flat,El neumáticos está desinflado.
I pump up the tire.,/aɪ pʌmp ʌp ðə ˈtaɪər/,ai pump ap de taiar,Yo inflo el neumático.
The pressure is good.,/ðə ˈprɛʃər ɪz ɡʊd/,de presher uer gud,La presión es buena.
I check the oil level.,/aɪ ʧek ðə ɔɪl ˈlɛvəl/,ai chek de oil level,Yo verifico el nivel de aceite.
The repair costs money.,/ðə rɪˈpeər kɒsts ˈmʌni/,de riper kosts moni,La reparación cuesta dinero.
The auto repair shop is open.,/ðə ˈɔːtəʊ rɪˈpeər ʃɒp ɪz ˈəʊpən/,de oto riper sxop uer open,El taller de reparaciones está abierto.
I need a spare part.,/aɪ niːd ə speər pɑːrt/,ai nid a spear part,Necesito una pieza de repuesto.
This part is important.,/ðɪs pɑːrt ɪz ɪmˈpɔːtənt/,dis part uer impotent,Esta pieza es importante.
The bolt needs a wrench.,/ðə bəʊlt niːdz ə rɛnʧ/,de bolt nids a rench,El tornillo necesita una llave.
The screw bolt is loose.,/ðə skruː bəʊlt ɪz luːs/,de skru bolt uer lus,El tornillo está flojo.
The nut fits the bolt.,/ðə nʌt fɪts ðə bəʊlt/,de nat fits de bolt,La tuerca encaja en el tornillo.
The washer is metal.,/ðə ˈwɒʃər ɪz ˈmɛtəl/,de uosher uer metal,La arandela es de metal.
The bearing is worn out.,/ðə ˈbeərɪŋ ɪz wɔːrn aʊt/,de bearing uer uorn aut,El rodamiento está gastado.
The tube has air inside.,/ðə tjuːb hæz eər ɪnˈsaɪd/,de tiub jaz er insaid,El tubo tiene aire dentro.
The gasket is in the engine.,/ðə ˈɡæskɪt ɪz ɪn ði ˈɛndʒɪn/,de gasket is in de enyín.,La junta está en el motor.
The wire is on the floor.,/ðə waɪər ɪz ɒn ðə flɔːr/,de uair is on de floor.,El cable está en el suelo.
I use the jack for the car.,/aɪ juːz ðə dʒæk fɔːr ðə kɑːr/,ai yus de yack for de car.,Uso el gato para el coche.
"Give me the wrench, please.",/ɡɪv miː ðə rɛntʃ pliːz/,"giv mi de rench, plis.","Dame la llave, por favor."
He hits the nail with the hammer.,/hiː hɪts ðə neɪl wɪð ðə ˈhæmər/,ji hits de neil wid de jamer.,Él clava el clavo con el martillo.
The pump is old.,/ðə pʌmp ɪz əʊld/,de pomp is old.,La bomba es vieja.
I need a screwdriver.,/aɪ niːd ə ˈskruːdraɪvər/,ai nid a scrudraiver.,Necesito un destornillador.
The fire extinguisher is red.,/ðə ˈfaɪər ɪkˈstɪŋɡwɪʃər ɪz rɛd/,de fayer iksstinguisher is red.,El extintor es rojo.
Put the warning triangle on the road.,/pʊt ðə ˈwɔːrnɪŋ ˈtraɪæŋɡəl ɒn ðə roʊd/,put de uarning traiangl on de rold.,Pon el triángulo de peligro en la carretera.
The car will stall.,/ðə kɑːr wɪl stɔːl/,de car uil estol.,El coche se calará.
The stalling is bad.,/ðə ˈstɔːlɪŋ ɪz bæd/,de estoling is bad.,El calado es malo.
The door is broken.,/ðə dɔːr ɪz ˈbroʊkən/,de dor is broken.,La puerta está rota.
The engine will overheat.,/ði ˈɛndʒɪn wɪl ˌoʊvərˈhiːt/,de enyín uil overjit.,El motor se sobrecalentará.
The sink is clogged up.,/ðə sɪŋk ɪz klɒɡd ʌp/,de sink is clod op.,El fregadero está atascado.
The pipes will freeze up.,/ðə paɪps wɪl friːz ʌp/,de paips uil friz op.,Las tuberías se congelarán.
The tube will burst.,/ðə tuːb wɪl bɜːrst/,de tub uil berst.,El tubo estallará.
There is a dent in the car.,/ðɛər ɪz ə dɛnt ɪn ðə kɑːr/,der is a dent in de car.,Hay un abolladura en el coche.
I hear an abnormal noise.,/aɪ hɪər æn æbˈnɔːrməl nɔɪz/,ai jiir an abnormal nois.,Oigo un ruido anormal.
The crack is small.,/ðə kræk ɪz smɔːl/,de crak is esmol.,La grieta es pequeña.
He has a scratch on his hand.,/hiː hæz ə skrætʃ ɒn hɪz hænd/,ji jas a scrach on is jand.,Tiene un rasguño en la mano.
He doesn't have a scratch on his hand.,/hiː ˈdʌznt hæv ə skrætʃ ɒn hɪz hænd/,ji dasnt jav a scrach on is jand.,Él no tiene un rasguño en la mano.
Does he have a scratch on his hand?,/dʌz hiː hæv ə skrætʃ ɒn hɪz hænd/,das ji jav a scrach on is jand?,¿Él tiene un rasguño en la mano?
Who has a scratch on his hand?,/huː hæz ə skrætʃ ɒn hɪz hænd/,ju jas a scrach on is jand?,¿Quién tiene un rasguño en la mano?
He had a scratch on his hand.,/hiː hæd ə skrætʃ ɒn hɪz hænd/,ji had a scrach on is jand.,Él tenía un rasguño en la mano.
The road is long.,/ðə roʊd ɪz lɔːŋ/,de rold is long.,La carretera es larga.
We drive on the highway.,/wiː draɪv ɒn ðə ˈhaɪweɪ/,ui draiv on de jaiuei.,Conducimos en la autopista.
The freeway is fast.,/ðə ˈfriːweɪ ɪz fæst/,de friuei is fast.,La autovía es rápida.
What is the direction?,/wɒt ɪz ðə dəˈrɛkʃən/,uot is de direkshion?,¿Cuál es la dirección?
The distance is short.,/ðə ˈdɪstəns ɪz ʃɔːrt/,de distans is eshort.,La distancia es corta.
The bridge is long.,/ðə brɪʤ ɪz lɒŋ/,de bridch is long.,El puente es largo.
The car is in the parking lot.,/ðə kɑːr ɪz ɪn ðə ˈpɑːrkɪŋ lɒt/,de kar is in de parkin lot.,El carro está en el estacionamiento.
The square is big.,/ðə skwɛər ɪz bɪɡ/,de skuer is big.,La plaza es grande.
The square isn't big.,/ðə skwɛər ˈɪznt bɪɡ/,de skuer isent big.,La plaza no es grande.
Is the square big?,/ɪz ðə skwɛər bɪɡ/,is de skuer big.,¿Es grande la plaza?
How big is the square?,/haʊ bɪɡ ɪz ðə skwɛər/,jau big is de skuer.,¿Qué tan grande es la plaza?
The square was big.,/ðə skwɛər wɒz bɪɡ/,de skuer uoz big.,La plaza era grande.
The interchange is complex.,/ðə ˈɪntərʧeɪnʤ ɪz kəmˈplɛks/,de intercheynch is komplex.,El intercambio es complejo.
The tunnel is dark.,/ðə ˈtʌnl ɪz dɑːrk/,de tunel is dark.,El túnel es oscuro.
I go to the gas station.,/aɪ ɡoʊ tu ðə ˈɡæs ˈsteɪʃən/,ai go tu de gas steishon.,Yo voy a la gasolinera.
The gas pump works.,/ðə ˈɡæs pʌmp wɜːrks/,de gas pomp works.,La bomba de gasolina funciona.
The auto repair shop is open.,/ði ˈɔːtoʊ rɪˈpɛər ʃɒp ɪz ˈoʊpən/,de oto repair shop is open.,El taller de reparación de autos está abierto.
I need to get gas.,/aɪ niːd tu ɡɛt ˈɡæs/,ai nid tu get gas.,Necesito cargar gasolina.
Fuel is expensive.,/ˈfjuːəl ɪz ɪksˈpɛnsɪv/,fiuel is expansive.,El combustible es caro.
The jerrycan is full.,/ðə ˈʤɛrikæn ɪz fʊl/,de yerrikan is ful.,La lata de gasolina está llena.
The asphalt is hot.,/ðə ˈæsfɔːlt ɪz hɒt/,de asfoult is jot.,El asfalto está caliente.
The road markings are clear.,/ðə roʊd ˈmɑːrkɪŋz ɑːr ˈklɪr/,de rod markings ar klir.,Las marcas en el camino están claras.
The curb is high.,/ðə kɜːrb ɪz haɪ/,de kerb isjai.,El bordillo es alto.
The guardrail protects the road.,/ðə ˈɡɑːrdreɪl prəˈtɛkts ðə roʊd/,de guardreil protekts de rod.,La barrera protege el camino.
The ditch has water.,/ðə dɪʧ hæz ˈwɔːtər/,de dich jas woter.,La zanja tiene agua.
The ditch doesn't have water.,/ðə dɪʧ ˈdʌznt hæv ˈwɔːtər/,de dich dasent jav woter.,La zanja no tiene agua.
Does the ditch have water?,/dʌz ðə dɪʧ hæv ˈwɔːtər/,das de dich jav woter.,¿La zanja tiene agua?
What does the ditch have?,/wɒt dʌz ðə dɪtʃ hæv/,guot daz dich hav?,¿Qué tiene la zanja?
The ditch had water.,/ðə dɪʧ hæd ˈwɔːtər/,de dich jad woter.,La zanja tenía agua.
The car stopped on the roadside.,/ðə kɑːr ˈstɑːpt ɒn ðə ˈroʊdsaɪd/,de kar stopt on de rodsaid.,El carro se detuvo en el lado de la carretera.
The lamppost has a light.,/ðə ˈlæmpoʊst hæz aɪ laɪt/,de lampost jas a lait.,El poste de luz tiene una luz.
The lamppost doesn't have a light.,/ðə ˈlæmpoʊst ˈdʌznt hæv aɪ laɪt/,de lampost dasnt jav a lait.,El poste de luz no tiene una luz.
Does the lamppost have a light?,/dʌz ðə ˈlæmpoʊst hæv aɪ laɪt/,das de lampost jav a lait?,¿El poste de luz tiene una luz?
Where is the lamppost with a light?,/wɛər ɪz ðə ˈlæmpoʊst wɪð aɪ laɪt/,guer is de lampost uid a lait?,¿Dónde está el poste de luz con una luz?
The lamppost had a light.,/ðə ˈlæmpoʊst hæd aɪ laɪt/,de lampost had a lait.,El poste de luz tenía una luz.
I drive a car.,/aɪ draɪv ɑːr kɑːr/,ai draiv a kar.,Yo manejo un carro.
I turn to the left.,/aɪ tɜːrn tu ðə lɛft/,ai tern tu de left.,Yo giro a la izquierda.
I make a U-turn.,/aɪ meɪk ə ˈjuːtɜːrn/,ai meik a iu tern.,Yo hago un giro en U.
The car is in reverse.,/ðə kɑːr ɪz ɪn rɪˈvɜːrs/,de kar is in rivers.,El carro está en reversa.
The driver honks.,/ðə ˈdraɪvər hɒŋks/,de draiver jonks.,El conductor toca el claxon.
I hear a honk.,/aɪ hɪr ɑːr hɒŋk/,ai jir a jonck.,Escucho un claxon.
The car gets stuck.,/ðə kɑːr ɡɛts stʌk/,de kar gets stuk.,El carro se atasca.
The car spins in the mud.,/ðə kɑːr spɪnz ɪn ðə mʌd/,de car spins in de mad.,El coche gira en el barro.
Please cut the engine now.,/pliːz kʌt ðɪ ˈɛndʒɪn naʊ/,pliz cat de enyin nau.,"Por favor, corta el motor ahora."
The car has high speed.,/ðə kɑːr hæz haɪ spiːd/,de car jas jai espid.,El coche tiene alta velocidad.
The car doesn't have high speed.,/ðə kɑːr ˈdʌznt hæv haɪ spiːd/,de car dasnt jav jai espid.,El coche no tiene alta velocidad.
Does the car have high speed?,/dʌz ðə kɑːr hæv haɪ spiːd/,das de car jav jai espid?,¿El coche tiene alta velocidad?
How often does the car reach high speed?,/haʊ ˈɒfən dʌz ðə kɑːr riːʧ haɪ spiːd/,jau ofen das de car rich jai espid?,¿Con qué frecuencia alcanza el coche alta velocidad?
The car had high speed.,/ðə kɑːr hæd haɪ spiːd/,de car had jai espid.,El coche tenía alta velocidad.
Do not exceed the speed limit.,/duː nɒt ɪkˈsiːd ðə spiːd ˈlɪmɪt/,du not eksid de espid limit.,No excedas el límite de velocidad.
They give me a ticket.,/ðeɪ ɡɪv miː ə ˈtɪkɪt/,dei guiv mi a tiket.,Me ponen una multa.
Look at the traffic lights.,/lʊk æt ðə ˈtræfɪk laɪts/,luk at de trafic laits.,Mira los semáforos.
I have my driver's license.,/aɪ hæv maɪ ˈdraɪvərz ˈlaɪsəns/,ai jav mai draivers laisens.,Tengo mi licencia de conducir.
Stop at the grade crossing.,/stɒp æt ðə ɡreɪd ˈkrɒsɪŋ/,stop at de greid crosing.,Para en el paso a nivel.
We are at the intersection.,/wiː ɑːr æt ðɪ ˌɪntərˈsɛkʃən/,ui ar at de intersecshon.,Estamos en el cruce.
Walk in the crosswalk.,/wɔːk ɪn ðə ˈkrɒswɔːk/,uok in de crosuok.,Camina por el paso de peatones.
There is a bend in road.,/ðeər ɪz ə bɛnd ɪn roʊd/,der is a bend in roud.,Hay una curva en la carretera.
This is a pedestrian zone.,/ðɪs ɪz ə pəˈdɛstriən zoʊn/,dis is a pedestrian zon.,Esta es una zona peatonal.
Follow the rules of the road.,/ˈfɒloʊ ðə ruːlz ɒv ðə roʊd/,folow de ruls ov de roud.,Sigue las normas de circulación.
Read the traffic sign.,/riːd ðə ˈtræfɪk saɪn/,rid de trafic sain.,Lee la señal de tráfico.
Passing is dangerous here.,/ˈpæsɪŋ ɪz ˈdeɪndʒərəs hɪər/,pasing is einderer jier.,Adelantar es peligroso aquí.
The road has a curve.,/ðə roʊd hæz ə kɜːrv/,de roud jas a curv.,La carretera tiene una curva.
Make a U-turn here.,/meɪk ə juː tɜːrn hɪər/,meik a iu tern jier.,Haz un cambio de sentido aquí.
Enter the traffic circle.,/ˈɛntər ðə ˈtræfɪk ˈsɜːrkəl/,enter de trafic sorkel.,Entra en la rotonda.
You see the no entry sign.,/juː siː ðə noʊ ˈɛntri saɪn/,iu si de no entri sain.,Ves la señal de entrada prohibida.
It says no vehicles allowed.,/ɪt seɪz noʊ ˈviːɪkəlz əˈlaʊd/,it seis no vicles alaoud.,Dice prohibido el paso de vehículos.
There is no passing here.,/ðeər ɪz noʊ ˈpæsɪŋ hɪər/,der is no pasing jier.,Aquí está prohibido adelantar.
This is a no parking area.,/ðɪs ɪz ə noʊ ˈpɑːrkɪŋ ˈɛriə/,dis is no parking aria.,Esta es una zona de no estacionamiento.
Do not stop here.,/duː nɒt stɒp hɪər/,du not stop jier.,No pares aquí.
The turn is dangerous.,/ðə tɜːrn ɪz ˈdeɪndʒərəs/,de tern is einderer.,El giro es peligroso.
The car goes down steep descent.,/ðə kɑːr ɡoʊz daʊn stiːp dɪˈsɛnt/,de car gos daun stip disent.,El coche baja la pendiente pronunciada.
This is a one-way street.,/ðɪs ɪz ə wʌn weɪ striːt/,dis is a wan wei striit.,Esta es una calle de sentido único.
Use the crosswalk to cross.,/juːz ðə krɒswɔːk tuː krɒs/,yus de crosswalk tu cross.,Usa el paso de cebra para cruzar.
The road is slippery today.,/ðə rəʊd ɪz slɪpəri tədeɪ/,de rood is slippery tidei.,La carretera está resbaladiza hoy.
You must yield to them.,/juː mʌst jiːld tuː ðem/,yu mast yild tu dem.,Debes cederles el paso.
It is a fun celebration.,/ɪt ɪz ə fʌn sɛlɪbreɪʃən/,it is a fan selebreishon.,Es una celebración divertida.
Today is our national day.,/tədeɪ ɪz aʊə næʃənl deɪ/,tidei is ar nashonal dei.,Hoy es nuestro día nacional.
Tomorrow is a public holiday.,/təmɒrəʊ ɪz ə pʌblɪk hɒlɪdeɪ/,tumorrow is a public joliday.,Mañana es festivo.
We commemorate this day.,/wiː kəmɛməreɪt ðɪs deɪ/,wi commemorate deis dei.,Conmemoramos este día.
The event was very big.,/ðɪ ɪvɛnt wɒz vɛri bɪg/,de event was veri big.,El evento fue muy grande.
The event was not very big.,/ðɪ ɪvɛnt wɒz nɒt vɛri bɪg/,de event was not veri big.,El evento no fue muy grande.
Was the event very big?,/wɒz ðɪ ɪvɛnt vɛri bɪg/,was de event veri big?,¿Fue muy grande el evento?
When was the event?,/wɛn wɒz ðɪ ɪvɛnt/,guen was de event?,¿Cuándo fue el evento?
She likes the event.,/ʃiː laɪks ðə ɪvɛnt/,shi laiks de event.,A ella le gusta el evento.
We go to the banquet.,/wiː gəʊ tuː ðə bæŋkwɪt/,wi gou tu de banquet.,Vamos al banquete.
The reception is at night.,/ðə rɪsɛpʃən ɪz æt naɪt/,de reception is at nait.,La recepción es por la noche.
We eat a big feast.,/wiː iːt ə bɪg fiːst/,wi iit a big fiist.,Comemos un gran festín.
We don't eat a big feast.,/wiː dəʊnt iːt ə bɪg fiːst/,wi dount iit a big fiist.,No comemos un gran festín.
Do you eat a big feast?,/duː juː iːt ə bɪg fiːst/,du yu iit a big fiist?,¿Comen un gran festín?
Why do we eat a big feast?,/waɪ duː wiː iːt ə bɪg fiːst/,uai du wi iit a big fiist?,¿Por qué comemos un gran festín?
We ate a big feast.,/wiː eɪt ə bɪg fiːst/,wi eit a big fiist.,Comimos un gran festín.
It is our anniversary.,/ɪt ɪz aʊə ænɪvɜːsəri/,it is ar anibersari.,Es nuestro aniversario.
The jubilee is here.,/ðə dʒuːbɪliː ɪz hɪə/,de yubili is jia.,El jubileo está aquí.
The jubilee isn't here.,/ðə dʒuːbɪliː ˈɪznt hɪə/,de yubili iznt jia.,El jubileo no está aquí.
Is the jubilee here?,/ɪz ðə dʒuːbɪliː hɪə/,iz de yubili jia?,¿Está aquí el jubileo?
Where is the jubilee?,/weər ɪz ðə dʒuːbɪliː/,uer iz de yubili?,¿Dónde está el jubileo?
The jubilee was here.,/ðə dʒuːbɪliː wɒz hɪə/,de yubili woz jia.,El jubileo estaba aquí.
We celebrate with you.,/wiː sɛlɪbreɪt wɪð juː/,wi selebrate wid yu.,Celebramos contigo.
Happy New Year to you.,/hæpi njuː jɪə tuː juː/,japi nu yiar tu yu.,Feliz Año Nuevo.
Happy New Year to you.,/hæpi njuː jɪə tuː juː/,japi nu yiar tu yu.,Feliz Año Nuevo.
Santa Claus is here.,/sæntə klɔːz ɪz hɪə/,santa claus is jia.,Santa Claus está aquí.
It is Christmas today.,/ɪt ɪz krɪsməs tədeɪ/,it is christmas tidei.,Hoy es Navidad.
We say Merry Christmas.,/wiː seɪ mɛri krɪsməs/,wi sei meri christmas.,Decimos Feliz Navidad.
The tree is a Christmas tree.,/ðə triː ɪz ə krɪsməs triː/,de tri is a christmas tri.,El árbol es un árbol de Navidad.
I like the fireworks.,/aɪ laɪk ðə faɪəwɜːks/,ai laik de fueiruorks.,Me gustan los fuegos artificiales.
I do not like the fireworks.,/aɪ dʌz nɒt laɪk ðə faɪəwɜːks/,ai das not laik de fueiruorks.,No me gustan los fuegos artificiales.
Do you like the fireworks?,/duː juː laɪk ðə faɪəwɜːks/,du iu laik de fueiruorks?,¿Te gustan los fuegos artificiales?
Why do you like the fireworks?,/waɪ duː juː laɪk ðə faɪəwɜːks/,guai du iu laik de fueiruorks?,¿Por qué te gustan los fuegos artificiales?
I liked the fireworks.,/aɪ laɪkt ðə faɪəwɜːks/,ai laikt de fueiruorks.,Me gustaron los fuegos artificiales.
The wedding is nice.,/ðə wɛdɪŋ ɪz naɪs/,de ueding is nais.,La boda es bonita.
He is the groom.,/hiː ɪz ðə gruːm/,ji is de grum.,Él es el novio.
The bride is very happy today.,/ðə braɪd ɪz vɛri ˈhæpi təˈdeɪ/,de braid is veri japi tudei.,La novia está muy feliz hoy.
I invite my friend to my house.,/aɪ ɪnˈvaɪt maɪ frɛnd tuː maɪ haʊs/,ai invait mai frend tu mai jaus.,Invito a mi amigo a mi casa.
This is a nice invitation card.,/ðɪs ɪz ə naɪs ˌɪnvɪˈteɪʃən kɑːd/,dis is a nais inveiteishon card.,Esta es una bonita tarjeta de invitación.
The guest is at the door.,/ðə ɡɛst ɪz æt ðə dɔː/,de gest is at de dor.,El invitado está en la puerta.
We visit our grandparents every week.,/wiː ˈvɪzɪt aʊər ˈɡrændˌpɛərənts ˈɛvri wiːk/,u visit auar grandparentsevri uik.,Visitamos a nuestros abuelos cada semana.
She likes to greet the guests.,/ʃiː laɪks tuː ɡriːt ðə ɡɛsts/,shi laiks tu grit de gests.,A ella le gusta saludar a los invitados.
This gift is for you.,/ðɪs ɡɪft ɪz fɔː juː/,dis gift is for yu.,Este regalo es para ti.
I give a book to my brother.,/aɪ ɡɪv ə bʊk tuː maɪ ˈbrʌðə/,ai giv a buk tu mai brader.,Le doy un libro a mi hermano.
They receive gifts on Christmas.,/ðeɪ rɪˈsiːv ɡɪfts ɒn ˈkrɪsməs/,dei risiv gifts on crismas.,Ellos reciben regalos en Navidad.
He buys a bouquet of flowers.,/hiː baɪz ə buːˈkeɪ ɒv ˈflaʊərz/,ji bais a bukei ov flaouers.,Él compra un ramo de flores.
Congratulations on your new job!,/kənˌɡrætʃəˈleɪʃənz ɒn jɔː njuː dʒɒb/,congratuleishons on yur niu yob.,¡Felicidades por tu nuevo trabajo!
I want to congratulate you.,/aɪ wɒnt tuː kənˈɡrætʃəleɪt juː/,ai uant tu congratulate yu.,Quiero felicitarte.
She sends a greeting card.,/ʃiː sɛnds ə ˈɡriːtɪŋ kɑːd/,shi sends a griting card.,Ella manda una tarjeta de saludo.
I send a postcard to my mom.,/aɪ sɛnd ə ˈpəʊstkɑːd tuː maɪ mɒm/,ai send a postcard tu mai mom.,Envío una postal a mi mamá.
You get a postcard from him.,/juː ɡɛt ə ˈpəʊstkɑːd frɒm hɪm/,yu get a postcard from jim.,Recibes una postal de él.
We make a toast to the couple.,/wiː meɪk ə təʊst tuː ðə ˈkʌpəl/,u meik a tost tu de copl.,Brindamos por la pareja.
Please offer a drink to him.,/pliːz ˈɒfər ə drɪŋk tuː hɪm/,pliz ofer a drink tu jim.,"Por favor, ofrécele una bebida."
She likes to drink champagne.,/ʃiː laɪks tuː drɪŋk ʃæmˈpeɪn/,shi laiks tu drink shampéin.,A ella le gusta beber champán.
We have fun at the party.,/wiː hæv fʌn æt ðə ˈpɑːti/,u jav fan at de parti.,Nos divertimos en la fiesta.
The fun is here with us.,/ðə fʌn ɪz hɪə wɪð ʌs/,de fan is jiir wid as.,La diversión está aquí con nosotros.
She feels a lot of joy.,/ʃiː fiːlz ə lɒt ɒv dʒɔɪ/,shi fils a lot of yoy.,Ella siente mucha alegría.
This dance is very beautiful.,/ðɪs dɑːns ɪz vɛri ˈbjuːtɪfəl/,dis dans is veri bautiful.,Este baile es muy hermoso.
They like to dance together.,/ðeɪ laɪk tuː dɑːns təˈɡɛðə/,dei laik tu dance togeder.,Les gusta bailar juntos.
The music is a waltz.,/ðə ˈmjuːzɪk ɪz ə wɔːlts/,de miuzic is a uolts.,La música es un vals.
We dance the tango very well.,/wiː dɑːns ðə ˈtæŋɡəʊ vɛri wɛl/,u dance de tango veri uel.,Bailamos el tango muy bien.
I see the cemetery.,/aɪ siː ðə ˈsɛmɪt(ə)ri/,ai si de semiteri.,Veo el cementerio.
This is a grave.,/ðɪs ɪz ə ɡreɪv/,dis is a greiv.,Esta es una tumba.
He has a cross.,/hiː hæz ə krɒs/,ji jas a cros.,Él tiene una cruz.
He does not have a cross.,/hiː dʌz nɒt hæv ə krɒs/,ji das not jav a cros.,Él no tiene una cruz.
Does he have a cross?,/dʌz hiː hæv ə krɒs/,das ji jav a cros?,¿Tiene él una cruz?
What kind of cross does he have?,/wɒt kaɪnd əv krɒs dʌz hiː hæv/,guot kaind ov cros das ji jav?,¿Qué tipo de cruz tiene él?
He had a cross.,/hiː hæd ə krɒs/,ji jad a cros.,Él tenía una cruz.
The gravestone is old.,/ðə ˈɡreɪvˌstəʊn ɪz əʊld/,de greivston is old.,La lápida es vieja.
Open the fence.,/ˈəʊpən ðə fɛns/,open de fens.,Abre la cerca.
We go to the chapel.,/wiː ɡəʊ tuː ðə ˈtʃæpəl/,ui go tu de chapel.,Vamos a la capilla.
Death is sad.,/dɛθ ɪz sæd/,daz is sad.,La muerte es triste.
They die young.,/ðeɪ daɪ jʌŋ/,dei dai yang.,Ellos mueren jóvenes.
We see the deceased.,/wiː siː ðə dɪˈsiːst/,ui si de disist.,Vemos al difunto.
She is in mourning.,/ʃiː ɪz ɪn ˈmɔːnɪŋ/,shi is in morning.,Ella está de luto.
Bury it here.,/ˈbɛri ɪt hɪə/,beri it jia.,Entiérralo aquí.
This is a funeral home.,/ðɪs ɪz ə ˈfjuːnərəl həʊm/,dis is a fiuneral jom.,Esta es una funeraria.
The funeral is today.,/ðə ˈfjuːnərəl ɪz təˈdeɪ/,de fiuneral is tudei.,El funeral es hoy.
The wreath is big.,/ðə riːθ ɪz bɪɡ/,de riz is big.,La corona es grande.
The wreath is not big.,/ðə riːθ ɪz nɒt bɪɡ/,de riz is not big.,La corona no es grande.
Is the wreath big?,/ɪz ðə riːθ bɪɡ/,is de riz big?,¿Es grande la corona?
Where is the big wreath?,/wɛər ɪz ðə bɪɡ riːθ/,guer is de big riz?,¿Dónde está la corona grande?
The wreath was big.,/ðə riːθ wɒz bɪɡ/,de riz was big.,La corona era grande.
The casket is wood.,/ðə ˈkæskɪt ɪz wʊd/,de caskit is wud.,El ataúd es de madera.
I see the hearse.,/aɪ siː ðə hɜːs/,ai si de jers.,Veo el coche fúnebre.
Use a shroud.,/juːz ə ʃraʊd/,iuz a shraud.,Usa una mortaja.
The procession is slow.,/ðə prəˈsɛʃən ɪz sləʊ/,de prosesion is slou.,La procesión es lenta.
The urn is here.,/ðə ɜːn ɪz hɪə/,de ern is jia.,La urna está aquí.
Go to the crematory.,/ɡəʊ tuː ðə ˈkriːmət(ə)ri/,go tu de crematori.,Ve al crematorio.
Read the obituary.,/riːd ðə əˈbɪtjʊəri/,rid de obituary.,Lee la esquela.
She will cry.,/ʃiː wɪl kraɪ/,shi uil crai.,Ella llorará.
He starts to sob.,/hiː stɑːts tuː sɒb/,ji starts tu sob.,Él empieza a sollozar.
The platoon waits.,/ðə pləˈtuːn weɪts/,de platun waits.,El pelotón espera.
The company is big.,/ðə ˈkʌmp(ə)ni ɪz bɪɡ/,de compani is big.,La compañía es grande.
He is in the regiment.,/hiː ɪz ɪn ðə ˈrɛdʒɪmənt/,ji is in de redyiment.,Él está en el regimiento.
The army is very big.,/ðə ˈɑːmi ɪz ˈvɛri bɪg/,de ar-mi is beri big.,El ejército es muy grande.
The army is not very big.,/ðə ˈɑːmi ɪz nɒt ˈvɛri bɪg/,de ar-mi is not beri big.,El ejército no es muy grande.
Is the army very big?,/ɪz ðə ˈɑːmi ˈvɛri bɪg/,is de ar-mi beri big?,¿Es muy grande el ejército?
How big is the army?,/haʊ bɪg ɪz ðə ˈɑːmi/,jau big is de ar-mi?,¿Qué tan grande es el ejército?
The army was very big.,/ðə ˈɑːmi wɒz ˈvɛri bɪg/,de ar-mi was beri big.,El ejército era muy grande.
She leads the division.,/ʃiː liːdz ðə dɪˈvɪʒən/,shi lids de divizion.,Ella lidera la división.
The squad is here.,/ðə skwɒd ɪz hɪə/,de skuod is jier.,El escuadrón está aquí.
We saw a host of men.,/wiː sɔː ə həʊst ɒv mɛn/,ui sor a jost ov men.,Vimos una multitud de hombres.
The soldier is my friend.,/ðə ˈsəʊldʒə ɪz maɪ frɛnd/,de solyer is mai frend.,El soldado es mi amigo.
The officer helps him.,/ðə ˈɒfɪsə hɛlps hɪm/,de ofiser jelps jim.,El oficial lo ayuda.
He is a private.,/hiː ɪz ə ˈpraɪvɪt/,ji is a praivit.,Él es un soldado raso.
Call the sergeant.,/kɔːl ðə ˈsɑːdʒənt/,kol de saryent.,Llama al sargento.
The lieutenant is young.,/ðə lɛfˈtɛnənt ɪz jʌŋ/,de leften-ant is yang.,El teniente es joven.
The captain waits there.,/ðə ˈkæptɪn weɪts ðɛə/,de kaptein ueits der.,El capitán espera allí.
He is a major.,/hiː ɪz ə ˈmeɪdʒə/,ji is a meiyor.,Él es un mayor.
The colonel said no.,/ðə ˈkɜːnl sɛd nəʊ/,de kornel sed no.,El coronel dijo que no.
The general is here.,/ðə ˈdʒɛnərəl ɪz hɪə/,de yener-al is jier.,El general está aquí.
The general is not here.,/ðə ˈdʒɛnərəl ɪz nɒt hɪə/,de yener-al is not jier.,El general no está aquí.
Is the general here?,/ɪz ðə ˈdʒɛnərəl hɪə/,is de yener-al jier?,¿Está aquí el general?
Which general is here?,/wɪtʃ ˈdʒɛnərəl ɪz hɪə/,guich yener-al is jier?,¿Qué general está aquí?
The general was here.,/ðə ˈdʒɛnərəl wɒz hɪə/,de yener-al was jier.,El general estaba aquí.
The sailor loves the sea.,/ðə ˈseɪlə lʌvz ðə siː/,de seiler lavs de si.,El marinero ama el mar.
The captain has a map.,/ðə ˈkæptɪn hæz ə mæp/,de kaptein jas a map.,El capitán tiene un mapa.
The boatswain works hard.,/ðə ˈboʊsən wɜːrks hɑːrd/,de bousein uerds jard.,El contramaestre trabaja duro.
The artilleryman is strong.,/ðə ɑːˈtɪlərimən ɪz strɒŋ/,de artileriman is strong.,El artillero es fuerte.
The paratrooper jumps down.,/ðə ˈpærətruːpər dʒʌmps daʊn/,de paratruper yamps daun.,El paracaidista salta hacia abajo.
The pilot flies a jet.,/ðə ˈpaɪlət flaɪz ə dʒɛt/,de pailot flaies a yet.,El piloto vuela un jet.
The navigator looks out.,/ðə ˈnævɪɡeɪtər lʊks aʊt/,de naveigador luks aut.,El navegador mira afuera.
The mechanic fixes it.,/ðə mɪˈkænɪk ˈfɪksɪz ɪt/,de mekanik fiks it.,El mecánico lo arregla.
The pioneer digs here.,/ðə ˌpaɪəˈnɪə dɪɡz hɪə/,de paioner digs jier.,El zapador excava aquí.
The parachutist is ready.,/ðə ˈpærəʃuːtɪst ɪz ˈrɛdi/,de parachutist is redi.,El paracaidista está listo.
The scout walks fast.,/ðə skaʊt wɔːks fæst/,de skaut uoks fast.,El explorador camina rápido.
The sniper is in the tree.,/ðə ˈsnaɪpər ɪz ɪn ðə triː/,de sniper is in de tri.,El francotirador está en el árbol.
The patrol is here.,/ðə pəˈtroʊl ɪz hɪər/,de patrol is jir.,La patrulla está aquí.
The patrol is not here.,/ðə pəˈtroʊl ɪz nɒt hɪər/,de patrol is not jir.,La patrulla no está aquí.
Is the patrol here?,/ɪz ðə pəˈtroʊl hɪər/,is de patrol jir?,¿Está aquí la patrulla?
Whose patrol is here?,/huːz pəˈtroʊl ɪz hɪər/,jus patrol is jir?,¿De quién es la patrulla que está aquí?
The patrol was here.,/ðə pəˈtroʊl wɒz hɪər/,de patrol was jir.,La patrulla estaba aquí.
They patrol the street.,/ðeɪ pəˈtroʊl ðə striːt/,dei patrol de strit.,Ellos patrullan la calle.
The sentry is at the door.,/ðə ˈsɛntri ɪz æt ðə dɔːr/,de sentri is at de dor.,El centinela está en la puerta.
He is a strong warrior.,/hiː ɪz ə strɒŋ ˈwɔːriər/,ji is a stron warrior.,Él es un guerrero fuerte.
He is a hero.,/hiː ɪz ə ˈhɪroʊ/,ji is a jiro.,Él es un héroe.
She is a heroine.,/ʃiː ɪz ə ˈhɛroʊɪn/,shi is a heroin.,Ella es una heroína.
He is a patriot.,/hiː ɪz ə ˈpeɪtriət/,ji is a peitriot.,Él es un patriota.
He is a traitor.,/hiː ɪz ə ˈtreɪtər/,ji is a treitor.,Él es un traidor.
He will betray his friend.,/hiː wɪl bɪˈtreɪ hɪz frɛnd/,ji wil betray jis frend.,Él traicionará a su amigo.
The deserter ran away.,/ðə dɪˈzɜːrtər ræn əˈweɪ/,de deserter ran awei.,El desertor huyó.
They did not desert.,/ðeɪ dɪd nɒt dɪˈzɜːrt/,dei did not desert.,Ellos no desertaron.
The mercenary is rich.,/ðə ˈmɜːrsəneri ɪz rɪtʃ/,de mercenary is rich.,El mercenario es rico.
The recruit is young.,/ðə ˈrkruːt ɪz jʌŋ/,de recruit is yang.,El recluta es joven.
She is a volunteer.,/ʃiː ɪz ə ˌvɑːlənˈtɪr/,shi is a volunteer.,Ella es voluntaria.
The dead are here.,/ðə dɛd ɑːr hɪər/,de ded ar jir.,Los muertos están aquí.
The dead are not here.,/ðə dɛd ɑːr nɒt hɪər/,de ded ar not jir.,Los muertos no están aquí.
Are the dead here?,/ɑːr ðə dɛd hɪər/,ar de ded jir?,¿Están aquí los muertos?
Who are the dead here?,/huː ɑːr ðə dɛd hɪər/,ju ar de ded jir?,¿Quiénes son los muertos de aquí?
The dead were here.,/ðə dɛd wɜːr hɪər/,de ded wer jir.,Los muertos estaban aquí.
The wounded need help.,/ðə ˈwuːndɪd niːd hɛlp/,de wounded nid jelp.,Los heridos necesitan ayuda.
He is a prisoner of war.,/hiː ɪz ə ˈprɪzənər ɒv wɔːr/,ji is a prisoner of war.,Él es prisionero de guerra.
The war is bad.,/ðə wɔːr ɪz bæd/,de war is bad.,La guerra es mala.
They are at war.,/ðeɪ ɑːr æt wɔːr/,dei ar at war.,Ellos están en guerra.
The civil war ended.,/ðə ˈsɪvəl wɔːr ˈɛndɪd/,de civil war ended.,La guerra civil terminó.
He acted treacherously.,/hiː ˈæktɪd ˈtrɛtʃərəsli/,ji actid trecherously.,Él actuó traicioneramente.
The declaration of war is here.,/ðə ˌdɛkləˈreɪʃən ɒv wɔːr ɪz hɪər/,de declaration of war is jir.,La declaración de guerra está aquí.
They will declare war.,/ðeɪ wɪl dɪˈklɛər wɔːr/,dei wil declir war.,Ellos declararán la guerra.
The aggression is wrong.,/ðə əˈɡrɛʃən ɪz rɒŋ/,de aggression is rong.,La agresión está mal.
The dog will attack the cat.,/ðə dɒɡ wɪl əˈtæk ðə kæt/,de dog guil atak de cat.,El perro atacará al gato.
They will invade the big house.,/ðeɪ wɪl ɪnˈveɪd ðə bɪɡ haʊs/,dei guil invade de big jaus.,Ellos invadirán la casa grande.
The invader is at the door.,/ðə ɪnˈveɪdər ɪz æt ðə dɔːr/,de invader is at de dor.,El invasor está en la puerta.
He is a great conqueror.,/hiː ɪz ə ɡreɪt ˈkɒŋkərər/,ji is a greit conqueror.,Él es un gran conquistador.
The defense is very strong.,/ðə dɪˈfens ɪz ˈvɛri strɒŋ/,de defense is beri strong.,La defensa es muy fuerte.
We will defend our home.,/wiː wɪl dɪˈfend aʊər hoʊm/,ui guil defend auar jom.,Defenderemos nuestro hogar.
He is my enemy.,/hiː ɪz maɪ ˈɛnəmi/,ji is mai enemy.,Él es mi enemigo.
She is a strong foe.,/ʃiː ɪz ə strɒŋ foʊ/,shi is a strong fo.,Ella es una oponente fuerte.
The enemy plane is fast.,/ðə ˈɛnəmi pleɪn ɪz fæst/,de enemy plein is fast.,El avión enemigo es rápido.
This is a good strategy.,/ðɪs ɪz ə ɡʊd ˈstrætədʒi/,dis is a gud strategy.,Esta es una buena estrategia.
They use new tactics.,/ðeɪ juːz nuː ˈtæktɪks/,dei yus niu tactics.,Ellos usan nuevas tácticas.
The order is clear.,/ðə ˈɔːrdər ɪz klɪr/,de order is clir.,La orden es clara.
He gave a command.,/hiː ɡeɪv ə kəˈmænd/,ji geiv a command.,Él dio un comando.
I order you to go.,/aɪ ˈɔːrdər juː tuː ɡoʊ/,ai order yu tu gou.,Te ordeno que vayas.
It is a hard mission.,/ɪt ɪz ə hɑːrd ˈmɪʃən/,it is a jard mision.,Es una misión difícil.
This is a secret plan.,/ðɪs ɪz ə ˈsiːkrət plæn/,dis is a secret plan.,Este es un plan secreto.
The battle was big.,/ðə ˈbætl wʌz bɪɡ/,de batle guas big.,La batalla fue grande.
They are in combat.,/ðeɪ ɑːr ɪn ˈkɒmbæt/,dei ar in combat.,Ellos están en combate.
The attack was fast.,/ðə əˈtæk wʌz fæst/,de atack guas fast.,El ataque fue rápido.
The storming started now.,/ðə ˈstɔːrmɪŋ ˈstɑːrtɪd naʊ/,de storming startid nau.,El asalto empezó ahora.
We will storm the fort.,/wiː wɪl stɔːrm ðə fɔːrt/,ui guil storm de fort.,Tomaremos el fuerte a la fuerza.
The city is under siege.,/ðə ˈsɪti ɪz ˈʌndər siːdʒ/,de city is under siege.,La ciudad está bajo sitio.
They start a big offensive.,/ðeɪ stɑːrt ə bɪɡ əˈfɛnsɪv/,dei start a big offensive.,Ellos inician una gran ofensiva.
We go on the offensive.,/wiː ɡoʊ ɒn ðiː əˈfɛnsɪv/,ui gou on de offensive.,Pasamos a la ofensiva.
The army will retreat.,/ðə ˈɑːrmi wɪl rɪˈtriːt/,de armi guil ritrit.,El ejército se retirará.
They run back to retreat.,/ðeɪ rʌn bæk tuː rɪˈtriːt/,dei ran bak tu ritrit.,Ellos corren hacia atrás para retirarse.
The circle is an encirclement.,/ðə ˈsɜːrkəl ɪz ən ɪnˈsɜːrkəlmənt/,de serkl is an ensirklement.,El círculo es un cerco.
He will encircle the car.,/hiː wɪl ɪnˈsɜːrkəl ðə kɑːr/,ji wil ensirkel de kar.,Él rodeará el coche.
The bombing happens at night.,/ðə ˈbɒmɪŋ ˈhæpənz æt naɪt/,de boming japons at nait.,El bombardeo ocurre de noche.
They drop a bomb today.,/ðeɪ drɒp ə bɒm təˈdeɪ/,dei drop a bom tudei.,Ellos sueltan una bomba hoy.
We bomb the big city.,/wiː bɒm ðə bɪg ˈsɪti/,ui bom de big siti.,Bombardeamos la gran ciudad.
The explosion is very loud.,/ðə ɪkˈsploʊʒən ɪz ˈvɛri laʊd/,de iksploushen is beri laud.,La explosión es muy ruidosa.
I hear a loud shot.,/aɪ hɪər ə laʊd ʃɒt/,ai jir a laud shot.,Oigo un disparo ruidoso.
He will fire a shot.,/hiː wɪl faɪər ə ʃɒt/,ji wil faier a shot.,Él disparará un tiro.
The firing stops quickly.,/ðə ˈfaɪərɪŋ stɒps ˈkwɪkli/,de faiering stops kuikli.,El disparo para rápido.
She takes aim at him.,/ʃiː teɪks eɪm æt hɪm/,shi teiks eim at jim.,Ella apunta a él.
Do not point the gun.,/duː nɒt pɔɪnt ðə ɡʌn/,du not point de gan.,No apuntes el arma.
I hit the red target.,/aɪ hɪt ðə rɛd ˈtɑːrɡɪt/,ai hit de red targit.,Doy en el objetivo rojo.
The big ships sink fast.,/ðə bɪg ʃɪps sɪŋk fæst/,de big ships sink fast.,Los barcos grandes hunden rápido.
The hole is in the ship.,/ðə hoʊl ɪz ɪn ðə ʃɪp/,de jhol is in de ship.,El agujero está en el barco.
The boat starts to founder.,/ðə boʊt stɑːrts tuː ˈfaʊndər/,de boit starts tu faunder.,El barco empieza a hundirse.
The front is very far.,/ðə frʌnt ɪz ˈvɛri fɑːr/,de front is beri far.,El frente está muy lejos.
I live in the rear.,/aɪ lɪv ɪn ðə rɪər/,ai liv in de rir.,Vivo en la retaguardia.
The evacuation is done now.,/ðɪ ɪˌvækjuˈeɪʃən ɪz dʌn naʊ/,di iuakiueishon is dan nau.,La evacuación está hecha ahora.
They evacuate the small town.,/ðeɪ ɪˈvækjueɪt ðə smɔːl taʊn/,dei iuakiueit de smol taun.,Ellos evacúan el pequeño pueblo.
He stands in the trench.,/hiː stændz ɪn ðə trɛntʃ/,hi stands in de trench.,Él está de pie en la trinchera.
The barbwire cuts my hand.,/ðə ˈbɑːrbaɪər kʌts maɪ hænd/,de barbaier cuts mai jand.,El alambre de púas corta mi mano.
The barrier stops the car.,/ðə ˈbæriər stɒps ðə kɑːr/,de bariar stops de kar.,La barrera detiene el coche.
I see the tall watchtower.,/aɪ siː ðə tɔːl ˈwɒtʃˌtaʊər/,ai si de tol uochtauər.,Veo la torre de vigilancia alta.
She works at the hospital.,/ʃiː wɜːrks æt ðə ˈhɒspɪtəl/,shi works at de jospital.,Ella trabaja en el hospital.
The bad men wound him.,/ðə bæd mɛn wuːnd hɪm/,de bad men juind him.,Los hombres malos lo hieren.
She has a big wound.,/ʃiː hæz ə bɪɡ wuːnd/,shi jas a big juind.,Ella tiene una herida grande.
She doesn't have a big wound.,/ʃiː ˈdʌznt hæv ə bɪɡ wuːnd/,shi daznt jav a big juind.,Ella no tiene una herida grande.
Does she have a big wound?,/dʌz ʃiː hæv ə bɪɡ wuːnd/,daz shi jav a big juind?,¿Tiene ella una herida grande?
How big is her wound?,/haʊ ˈbɪɡ ɪz hɜː wuːnd/,jau big iz jer wund?,¿Qué tan grande es su herida?
She had a big wound.,/ʃiː hæd ə bɪɡ wuːnd/,shi jad a big juind.,Ella tenía una herida grande.
The doctor helps the wounded.,/ðə ˈdɒktə hɛlps ðə ˈwuːndɪd/,de doctor jelps de juindid.,El médico ayuda a los heridos.
He was in the war.,/hiː wɒz ɪn ðə wɔː/,ji uoz in de uor.,Él estuvo en la guerra.
It is a serious problem.,/ɪt ɪz ə ˈsɪəriəs ˈprɒbləm/,it is a siriós problem.,Es un problema grave.
The bird is in captivity.,/ðə bɜːd ɪz ɪn kæpˈtɪvɪti/,de berd is in captiviti.,El pájaro está en cautividad.
They take the men away.,/ðeɪ teɪk ðə mɛn əˈweɪ/,dei teik de men awei.,Ellos se llevan a los hombres.
I do not like this place.,/aɪ dəʊ nɒt laɪk ðɪs pleɪs/,ai dou not laik dis pleis.,No me gusta este lugar.
He is a prisoner now.,/hiː ɪz ə ˈprɪzənə naʊ/,ji is a prisioner nau.,Él es un prisionero ahora.
The camp is very bad.,/ðə kæmp ɪz ˈvɛri bæd/,de camp is beri bad.,El campo es muy malo.
He is a soldier.,/hiː ɪz ə ˈsəʊldʒə/,ji is a soldyer.,Él es un soldado.
We want to escape today.,/wiː wɒnt tuː ɪˈskeɪp təˈdeɪ/,ui guant tu esqueip tudei.,Queremos escapar hoy.
Please do not betray me.,/pliːz dəʊ nɒt bɪˈtreɪ miː/,pliz dou not bitrei mi.,"Por favor, no me traiciones."
He is a bad friend.,/hiː ɪz ə bæd frɛnd/,ji is a bad frend.,Él es un mal amigo.
I feel sad about it.,/aɪ fiːl sæd əˈbaʊt ɪt/,ai fil sad abaut it.,Me siento triste por eso.
The gun makes a loud sound.,/ðə ɡʌn meɪks ə laʊd saʊnd/,de gan meiks a laud saund.,El arma hace un ruido fuerte.
The men stand in a line.,/ðə mɛn stænd ɪn ə laɪn/,de men stan in a lain.,Los hombres están en una fila.
This is heavy equipment.,/ðɪs ɪz ˈhɛvi ɪˈkwɪpmənt/,dis is jebi ekipment.,Este es equipo pesado.
He puts it on his shoulder.,/hiː pʊts ɪt ɒn hɪz ˈʃəʊldə/,ji puts it on jis sholder.,Él lo pone en su hombro.
She wears a gas mask.,/ʃiː weəz ə ɡæs mɑːsk/,shi uers a gas mask.,Ella lleva una máscara de gas.
I use the radio at night.,/aɪ juːz ðə ˈreɪdiəʊ æt naɪt/,ai yuz de reidio at nait.,Uso la radio por la noche.
I can not read the code.,/aɪ kæn nɒt riːd ðə kəʊd/,ai can not rid de cod.,No puedo leer el código.
This is for your eyes only.,/ðɪs ɪz fɔː jɔː aɪz ˈəʊnli/,dis is for yor ais only.,Esto es solo para tus ojos.
What is the password today?,/wɒt ɪz ðə ˈpɑːswɜːd təˈdeɪ/,guot is de pasuord tudei?,¿Cuál es la contraseña hoy?
Do not walk on the ground.,/duː nɒt wɔːk ɒn ðə ɡraʊnd/,du not uok on de graund.,No camines por el suelo.
They mine the road.,/ðeɪ maɪn ðə rəʊd/,dei main de rold.,Ellos minan el camino.
The field is a minefield.,/ðə fiːld ɪz ə maɪnfiːld/,de field is a mainfield.,El campo es un campo minado.
We hear the air-raid warning.,/wiː hɪə ðə eə reɪd wɔːnɪŋ/,ui jir de eir reid worning.,Oímos la alarma de ataque aéreo.
The alarm is loud.,/ðə əˈlɑːm ɪz laʊd/,de alarm is laud.,La alarma es ruidosa.
He gives a signal.,/hiː ɡɪvz ə ˈsɪɡnəl/,ji givs a signal.,Él da una señal.
I see the signal flare.,/aɪ siː ðə ˈsɪɡnəl fleə/,ai si de signal fleir.,Veo la bengala.
We go to headquarters.,/wiː ɡəʊ tuː ˈhɛd kwɔːtəz/,ui gou tu head kuorters.,Vamos al cuartel general.
They do a reconnaissance.,/ðeɪ duː ə rɪˈkɒnɪsəns/,dei du a reconnisance.,Ellos hacen un reconocimiento.
The situation is bad.,/ðə ˌsɪtʃuˈeɪʃən ɪz bæd/,de sichueision is bad.,La situación es mala.
Write the report.,/raɪt ðə rɪˈpɔːt/,rait de report.,Escribe el reporte.
It is an ambush.,/ɪt ɪz æn ˈæmbʊʃ/,it is an ambush.,Es una emboscada.
The reinforcement comes.,/ðə ˌriːɪnˈfɔːsmənt kʌmz/,de riinforcement cams.,El refuerzo llega.
See the target.,/siː ðə ˈtɑːɡɪt/,si de target.,Mira el objetivo.
It is a proving ground.,/ɪt ɪz ə ˈpruːvɪŋ ɡraʊnd/,it is a pruaiving graund.,Es un campo de pruebas.
We do a military exercise.,/wiː duː ə ˈmɪlɪtəri ˈeksəsaɪz/,ui du a militeri exersais.,Hacemos un ejercicio militar.
I feel panic.,/aɪ fiːl ˈpænɪk/,ai fil panik.,Siento pánico.
The war causes devastation.,/ðə wɔː ˈkɔːzɪz ˌdɛvəsˈteɪʃən/,de uor causes devastation.,La guerra causa devastación.
We see the destruction.,/wiː siː ðə dɪsˈtrʌkʃən/,ui si de destruction.,Vemos la destrucción.
Fire can destroy it.,/faɪə kæn dɪsˈtrɔɪ ɪt/,faier can destroy it.,El fuego puede destruirlo.
They survive the war.,/ðeɪ səˈvaɪv ðə wɔː/,dei survive de uor.,Ellos sobreviven la guerra.
We must disarm him.,/wiː mʌst dɪsˈɑːm hɪm/,ui mast disarm jim.,Debemos desarmarlo.
He can handle the gun.,/hiː kæn ˈhændl ðə ɡʌn/,ji can handle de gan.,Él puede manejar el arma.
"Attention, please!",/əˈtɛnʃən pliːz/,"atention, plis!","¡Atención, por favor!"
Stay at ease.,/steɪ ət iːz/,stei at is.,Descansen.
It is a great feat.,/ɪt ɪz ə ɡreɪt fiːt/,it is a greit fit.,Es una gran hazaña.
He makes an oath today.,/hiː meɪks ən əʊθ təˈdeɪ/,ji meiks an ouz tudei.,Él hace un juramento hoy.
They swear to tell the truth.,/ðeə sweə tuː tel ðə truːθ/,dei swer tu tel de truuz.,Ellos juran decir la verdad.
She has a decoration.,/ʃiː hæz ə dɛkəˈreɪʃən/,shi jas a dekoréishon.,Ella tiene una condecoración.
She doesn't have a decoration.,/ʃiː ˈdʌznt hæv ə dɛkəˈreɪʃən/,shi daznt jav a dekoréishon.,Ella no tiene una condecoración.
Does she have a decoration?,/dʌz ʃiː hæv ə dɛkəˈreɪʃən/,daz shi jav a dekoréishon?,¿Tiene ella una condecoración?
Who has a decoration?,/huː hæz ə dɛkəˈreɪʃən/,ju jas a dekoréishon?,¿Quién tiene una condecoración?
She had a decoration.,/ʃiː hæd ə dɛkəˈreɪʃən/,shi jad a dekoréishon.,Ella tenía una condecoración.
We award him a prize.,/wiː əˈwɔːd hɪm ə praɪz/,ui uord jim am praiz.,Le damos un premio.
This is a gold medal.,/ðɪs ɪz ə gəʊld mɛdəl/,dis is a gould medol.,Esta es una medalla de oro.
He is in the order.,/hiː ɪz ɪn ðiː ˈɔːdə/,ji is in de oder.,Él está en la orden.
The team wants a victory.,/ðə tiːm wɒnts ə ˈvɪktəri/,de tim uants a víktori.,El equipo quiere una victoria.
I do not like defeat.,/aɪ dʊ nɒt laɪk dɪˈfiːt/,ai du not laik difit.,No me gusta la derrota.
They sign an armistice.,/ðeɪ saɪn ən ˈɑːmɪstɪs/,dei sain an ármistis.,Ellos firman un armisticio.
See the red banner.,/siː ðə rɛd ˈbænə/,si de red baner.,Mira la bandera roja.
She seeks glory and fame.,/ʃiː siːks ˈɡlɔːri ænd feɪm/,shi siks glori and feim.,Ella busca gloria y fama.
We watch the big parade.,/wiː wɒtʃ ðə bɪg pəˈreɪd/,ui uoch de big paréid.,Vemos el desfile grande.
They march in the street.,/ðeɪ mɑːtʃ ɪn ðə striːt/,dei march in de strit.,Ellos marchan por la calle.
These are old weapons.,/ðiːz ɑːr əʊld ˈwɛpənz/,diz ar old uépans.,Estas son armas viejas.
He holds a firearm.,/hiː həʊlds ə ˈfaɪərɑːm/,ji jolds a áiriarm.,Él sostiene un arma de fuego.
He uses a cold weapon.,/hiː ˈjuːzɪz ə kəʊld ˈwɛpən/,ji yusis a cold uépan.,Él usa un arma blanca.
We ban chemical weapons.,/wiː bæn ˈkɛmɪkəl ˈwɛpənz/,ui ban kémikol uépans.,Prohibimos las armas químicas.
It is a nuclear plant.,/ɪt ɪz ə ˈnjuːkliə plɑːnt/,it is a núclear plant.,Es una planta nuclear.
They stop nuclear weapons.,/ðeɪ stɒp ˈnjuːkliə ˈwɛpənz/,dei stop núclear uépans.,Ellos detienen las armas nucleares.
This is a big bomb.,/ðɪs ɪz ə bɪg bɒm/,dis is a big bom.,Esta es una bomba grande.
This is not a big bomb.,/ðɪs ɪz nɒt ə bɪg bɒm/,dis is nat a big bom.,Esta no es una bomba grande.
Is this a big bomb?,/ɪz ðɪs ə bɪg bɒm/,is dis a big bom?,¿Es esta una bomba grande?
Where is the big bomb?,/weər ɪz ðə bɪg bɒm/,guer is de big bom?,¿Dónde está la bomba grande?
This was a big bomb.,/ðɪs wɒz ə bɪg bɒm/,dis woz a big bom.,Esta era una bomba grande.
The atomic bomb is bad.,/ðə əˈtɒmɪk bɒm ɪz bæd/,de atómic bom is bad.,La bomba atómica es mala.
She has a pistol.,/ʃiː hæz ə ˈpɪstəl/,shi jas a pistól.,Ella tiene una pistola.
She doesn't have a pistol.,/ʃiː ˈdʌznt hæv ə ˈpɪstəl/,shi daznt jav a pistól.,Ella no tiene una pistola.
Does she have a pistol?,/dʌz ʃiː hæv ə ˈpɪstəl/,daz shi jav a pistól?,¿Tiene ella una pistola?
Why does she have a pistol?,/waɪ dʌz ʃiː hæv ə ˈpɪstəl/,uai daz shi jav a pistól?,¿Por qué tiene ella una pistola?
She had a pistol.,/ʃiː hæd ə ˈpɪstəl/,shi jad a pistól.,Ella tenía una pistola.
He shoots the rifle.,/hiː ʃuːts ðə ˈraɪfəl/,ji shuts de ráifol.,Él dispara el rifle.
This is a submachine gun.,/ðɪs ɪz ə sʌbməˈʃiːn ɡʌn/,dis is a submashín gan.,Este es un subfusil.
The machine gun is loud.,/ðə məˈʃiːn ɡʌn ɪz laʊd/,de mashín gan is laud.,La ametralladora es ruidosa.
The dog wears a black muzzle.,/ðə dɒg weəz ə blæk mʌzəl/,de dog guerz a blak masol.,El perro usa un bozal negro.
There is a blue barrel.,/ðeə ɪz ə bluː bærəl/,der iz a blu barerol.,Hay un barril azul.
The gun has a big caliber.,/ðə gʌn hæz ə bɪg kælɪbə/,de gan jas a big caliber.,El arma tiene un gran calibre.
The gun does not have a big caliber.,/ðə gʌn dʌz nɒt hæv ə bɪg kælɪbə/,de gan das nat jav a big caliber.,El arma no tiene un gran calibre.
Does the gun have a big caliber?,/dʌz ðə gʌn hæv ə bɪg kælɪbə/,das de gan jav a big caliber?,¿El arma tiene un gran calibre?
Why does the gun have a big caliber?,/waɪ dʌz ðə gʌn hæv ə bɪg kælɪbə/,guai das de gan jav a big caliber?,¿Por qué el arma tiene un gran calibre?
The gun had a big caliber.,/ðə gʌn hæd ə bɪg kælɪbə/,de gan jad a big caliber.,El arma tenía un gran calibre.
Do not pull the trigger.,/duː nɒt pʊl ðə trɪgə/,du nat pul de trigger.,No tires del gatillo.
Use the sight to see.,/juːz ðə saɪt tuː siː/,yus de sait tu si.,Usa la mira para ver.
Put the magazine in the gun.,/pʊt ðə mægəziːn ɪn ðə gʌn/,put de magazine in de gan.,Pon el cargador en el arma.
He holds the gun by the butt.,/hiː həʊldz ðə gʌn baɪ ðə bʌt/,ji jolds de gan bai de bat.,Él sostiene el arma por la culata.
The hand grenade is small.,/ðə hænd grɪdeɪd ɪz smɔːl/,de jand greneid iz esmol.,La granada de mano es pequeña.
The box has an explosive.,/ðə bɒks hæz ən ɪksploʊsɪv/,de boks jas an explosiv.,La caja tiene un explosivo.
The bullet moves very fast.,/ðə bʊlɪt muːvz vɛri fæst/,de bullet muvs very fast.,La bala se mueve muy rápido.
Load the cartridge into the gun.,/ləʊd ðə kɑːtrɪdʒ ɪntuː ðə gʌn/,loud de cartridge intu de gan.,Carga el cartucho en el arma.
The charge is very strong.,/ðə tʃɑːrdʒ ɪz vɛri strɒŋ/,de charge iz very strong.,La carga es muy fuerte.
They need more ammunition.,/ðeɪ niːd mɔːr æmjənɪʃən/,dei nid mor ammunition.,Ellos necesitan más municiones.
The bomber flies in the sky.,/ðə bɒmə flaɪz ɪn ðə skaɪ/,de bomer flaiz in de skai.,El bombardero vuela en el cielo.
The fighter is very fast.,/ðə faɪtə ɪz vɛri fæst/,de faider iz very fast.,El caza es muy rápido.
The helicopter goes up.,/ðə hɛlɪkɒptə gəʊz ʌp/,de helicoter gouz ap.,El helicóptero sube.
The anti-aircraft gun is big.,/ðə ænti eəkrɑːft gʌn ɪz bɪg/,de anti-aircraft gan iz big.,El arma antiaérea es grande.
The tank has a big gun.,/ðə tæŋk hæz ə bɪg gʌn/,de tanck jas a big gan.,El tanque tiene un arma grande.
The tank does not have a big gun.,/ðə tæŋk dʌz nɒt hæv ə bɪg gʌn/,de tanck das nat jav a big gan.,El tanque no tiene un arma grande.
Does the tank have a big gun?,/dʌz ðə tæŋk hæv ə bɪg gʌn/,das de tanck jav a big gan?,¿El tanque tiene un arma grande?
What kind of gun does the tank have?,/wɒt kaɪnd ɒv gʌn dʌz ðə tæŋk hæv/,guot kaind ov gan das de tanck jav?,¿Qué tipo de arma tiene el tanque?
The tank had a big gun.,/ðə tæŋk hæd ə bɪg gʌn/,de tanck jad a big gan.,El tanque tenía un arma grande.
He looks at the tank gun.,/hiː lʊks æt ðə tæŋk gʌn/,ji luks at de tanck gan.,Él mira el cañón del tanque.
The artillery is very loud.,/ðɑːrtɪləri ɪz vɛri laʊd/,de artillery iz very laud.,La artillería es muy ruidosa.
The cannon fires a ball.,/ðə kænən faɪərz ə bɔːl/,de canon fairz a bol.,El cañón dispara una bola.
They lay the gun now.,/ðeɪ leɪ ðə gʌn naʊ/,dei lei de gan nau.,Ellos apuntan el arma ahora.
The shell hits the wall.,/ðə ʃɛl hɪts ðə wɔːl/,de shiel jits de uol.,El obús golpea la pared.
The mortar bomb falls here.,/ðə mɔːrtə bɒm fɔːlz hɪə/,de mortar bom forls jier.,La bomba de mortero cae aquí.
The soldier uses the mortar.,/ðə səʊldʒə juːzɪz ðə mɔːrtə/,de soldier yusis de mortar.,El soldado usa el mortero.
I see a splinter on the floor.,/aɪ siː ə ˈsplɪntər ɒn ðə flɔːr/,ai si a splinter on de flor.,Veo una astilla en el suelo.
The submarine is under the water.,/ðə ˈsʌbməriːn ɪz ˈʌndər ðə ˈwɔːtər/,de submarine is ander de uater.,El submarino está bajo el agua.
The torpedo hits the ship.,/ðə tɔːrˈpiːdoʊ hɪts ðə ʃɪp/,de torpedo hits de ship.,El torpedo golpea el barco.
The missile flies fast.,/ðə ˈmɪsaɪl flaɪz fæst/,de missile flies fast.,El misil vuela rápido.
I load the gun.,/aɪ loʊd ðə ɡʌn/,ai lod de gan.,Cargo el arma.
They shoot at the target.,/ðeɪ ʃuːt æt ðə ˈtɑːrɡɪt/,dei shuit at de target.,Ellos disparan al objetivo.
He points at the cannon.,/hiː pɔɪnts æt ðə ˈkænən/,ji points at de canon.,Él señala el cañón.
The bayonet is sharp.,/ðə ˈbeɪənət ɪz ʃɑːrp/,de bayonet is sharp.,La bayoneta es afilada.
She uses an epee.,/ʃiː ˈjuːzɪz ən eɪˈpeɪ/,shi yuses an eipei.,Ella usa una espada.
The cavalry has a saber.,/ðə ˈkævəlri hæz ə ˈseɪbər/,de cavalry jas a saber.,La caballería tiene un sable.
He holds a spear.,/hiː hoʊldz ə spɪr/,ji jolds a spear.,Él sostiene una lanza.
I shoot the bow.,/aɪ ʃuːt ðə boʊ/,ai shuit de bo.,Disparo el arco.
The arrow flies.,/ðə ˈæroʊ flaɪz/,de arro flies.,La flecha vuela.
He has a musket.,/hiː hæz ə ˈmʌskɪt/,i jas a musket.,Él tiene un mosquete.
He doesn't have a musket.,/hiː ˈdʌznt hæv ə ˈmʌskɪt/,i daznt jav a musket.,Él no tiene un mosquete.
Does he have a musket?,/dʌz hiː hæv ə ˈmʌskɪt/,daz i jav a musket?,¿Tiene él un mosquete?
Whose musket does he have?,/huːz ˈmʌskɪt dʌz hiː hæv/,jus musket daz i jav?,¿De quién es el mosquete que tiene él?
He had a musket.,/hiː hæd ə ˈmʌskɪt/,i jad a musket.,Él tenía un mosquete.
The crossbow is strong.,/ðə ˈkrɔːsboʊ ɪz strɔːŋ/,de crossbos is stron.,La ballesta es fuerte.
The tool is primitive.,/ðə tuːl ɪz ˈprɪmətɪv/,de tul is primitiv.,La herramienta es primitiva.
It is a prehistoric animal.,/ɪt ɪz ə ˌpriːhɪˈstɔːrɪk ˈænɪməl/,it is a preistoric animal.,Es un animal prehistórico.
They live in an ancient city.,/ðeɪ lɪv ɪn ən ˈeɪnʃənt ˈsɪti/,dei liv in an eincient siti.,Ellos viven en una ciudad antigua.
This is from the Stone Age.,/ðɪs ɪz frɒm ðə stoʊn eɪdʒ/,dis is from de stone eidch.,Esto es de la Edad de Piedra.
He likes the Bronze Age.,/hiː laɪks ðə brɑːnz eɪdʒ/,i laiks de brons eidch.,A él le gusta la Edad de Bronce.
The Ice Age was cold.,/ðə aɪs eɪdʒ wɒz koʊld/,de ais eidch uos cold.,La Edad de Hielo estaba fría.
The tribe is big.,/ðə traɪb ɪz bɪɡ/,de tribe is big.,La tribu es grande.
The tribe is not big.,/ðə traɪb ɪz nɒt bɪɡ/,de tribe is nat big.,La tribu no es grande.
Is the tribe big?,/ɪz ðə traɪb bɪɡ/,is de tribe big?,¿Es grande la tribu?
How big is the tribe?,/haʊ bɪɡ ɪz ðə traɪb/,jau big is de tribe?,¿Qué tan grande es la tribu?
The tribe was big.,/ðə traɪb wɒz bɪɡ/,de tribe woz big.,La tribu era grande.
The story has a cannibal.,/ðə ˈstɔːri hæz ə ˈkænɪbəl/,de stori jas a canibal.,La historia tiene un caníbal.
The hunter is fast.,/ðə ˈhʌntər ɪz fæst/,de jantér is fast.,El cazador es rápido.
We hunt for food.,/wiː hʌnt fɔːr fuːd/,ui jant for fud.,Cazamos comida.
The mammoth is very big.,/ðə ˈmæməθ ɪz ˈvɛri bɪɡ/,de mamoz iz veri big.,El mamut es muy grande.
The mammoth isn't very big.,/ðə ˈmæməθ ˈɪznt ˈvɛri bɪɡ/,de mamoz iznt veri big.,El mamut no es muy grande.
Is the mammoth very big?,/ɪz ðə ˈmæməθ ˈvɛri bɪɡ/,iz de mamoz veri big?,¿Es el mamut muy grande?
Which mammoth is very big?,/wɪtʃ ˈmæməθ ɪz ˈvɛri bɪɡ/,guich mamoz iz veri big?,¿Qué mamut es muy grande?
The mammoth was very big.,/ðə ˈmæməθ wɒz ˈvɛri bɪɡ/,de mamoz woz veri big.,El mamut era muy grande.
We see a cave.,/wiː siː ə keɪv/,wi si ei keiv.,Vemos una cueva.
The fire is hot.,/ðə ˈfaɪər ɪz hɒt/,de faier is jot.,El fuego está caliente.
We sit by the campfire.,/wiː sɪt baɪ ðə ˈkæmpˌfaɪər/,wi sit bai de campfaier.,Nos sentamos junto a la fogata.
I like the rock painting.,/aɪ laɪk ðə rɒk ˈpeɪntɪŋ/,ai laik de rok peinting.,Me gusta la pintura rupestre.
He has a tool.,/hiː hæz ə tuːl/,ji jas a tul.,Él tiene una herramienta.
He doesn't have a tool.,/hiː ˈdʌznt hæv ə tuːl/,ji daznt jav a tul.,Él no tiene una herramienta.
Does he have a tool?,/dʌz hiː hæv ə tuːl/,daz ji jav a tul?,¿Tiene él una herramienta?
What tool does he have?,/wɒt tuːl dʌz hiː hæv/,guot tul daz ji jav?,¿Qué herramienta tiene él?
He had a tool.,/hiː hæd ə tuːl/,ji jad a tul.,Él tenía una herramienta.
He uses a spear.,/hiː ˈjuːzɪz ə spɪər/,ji yusis a espir.,Él usa una lanza.
This is a stone ax.,/ðɪs ɪz ə stoʊn æks/,dis is a ston aks.,Este es un hacha de piedra.
They are at war.,/ðeɪ ɑːr æt wɔːr/,dei ar at uor.,Ellos están en guerra.
We domesticate the dog.,/wiː dəˈmɛstɪkeɪt ðə dɒɡ/,ui domestikeit de dog.,Domesticamos al perro.
She sees the idol.,/ʃiː siːz ðə ˈaɪdəl/,shi sis de aidol.,Ella ve el ídolo.
We worship the sun.,/wiː ˈwɜːʃɪp ðə sʌn/,ui uership de san.,Adoramos al sol.
It is a superstition.,/ɪt ɪz ə ˌsuːpərˈstɪʃən/,it is a superstishon.,Es una superstición.
They do a rite.,/ðeɪ duː ə raɪt/,dei du e rait.,Ellos hacen un rito.
Evolution is slow.,/ˌiːvəˈluːʃən ɪz sloʊ/,evolushon is eslo.,La evolución es lenta.
We see development.,/wiː siː dɪˈvɛləpmənt/,wi si dilopment.,Vemos el desarrollo.
It is a disappearance.,/ɪt ɪz ə ˌdɪsəˈpɪərəns/,it is e disapiirans.,Es una desaparición.
I adapt to the cold.,/aɪ əˈdæpt tuː ðə koʊld/,ai adapt tu de cold.,Me adapto al frío.
He likes archeology.,/hiː laɪks ˌɑːrkiːˈɒlədʒi/,ji laiks arquiolochi.,A él le gusta la arqueología.
She is an archeologist.,/ʃiː ɪz æn ˌɑːrkiːˈɒlədʒɪst/,shi is an arquiolochist.,Ella es arqueóloga.
It is an archeological site.,/ɪt ɪz æn ˌɑːrkiːəˈlɒdʒɪkəl saɪt/,it is an arquiolochical sait.,Es un sitio arqueológico.
This is an excavation site.,/ðɪs ɪz æn ˌɛkskəˈveɪʃən saɪt/,dis is an excavéishon sait.,Este es un sitio de excavación.
We see the excavations.,/wiː siː ðiː ˌɛkskəˈveɪʃənz/,wi si di excavéishons.,Vemos las excavaciones.
It is a good find.,/ɪt ɪz ə ɡʊd faɪnd/,it is e gud faind.,Es un buen hallazgo.
This is a fragment.,/ðɪs ɪz ə ˈfræɡmənt/,dis is e fragment.,Este es un fragmento.
The people are here.,/ðə ˈpiːpl ɑː hɪə/,de pipol ar jir.,La gente está aquí.
The people are not here.,/ðə ˈpiːpl ɑː nɒt hɪə/,de pipol ar nat jir.,La gente no está aquí.
Are the people here?,/ɑː ðə ˈpiːpl hɪə/,ar de pipol jir?,¿Está la gente aquí?
Why are the people here?,/waɪ ɑː ðə ˈpiːpl hɪə/,guai ar de pipol jir?,¿Por qué está la gente aquí?
The people were here.,/ðə ˈpiːpl wɜː hɪə/,de pipol guer jir.,La gente estaba aquí.
Many peoples live here.,/ˈmɛni ˈpiːplz lɪv hɪə/,meni pipols lib jir.,Muchas pueblos viven aquí.
The tribe is big.,/ðə traɪb ɪz bɪɡ/,de traib is big.,La tribu es grande.
I see two tribes.,/aɪ siː tuː traɪbz/,ai si tu traibs.,Veo dos tribus.
The barbarians are loud.,/ðə bɑːˈbɛəriənz ɑː laʊd/,de barbarians ar laud.,Los bárbaros son ruidosos.
The Gauls live there.,/ðə ɡɔːlz lɪv ðɛə/,de gols lib der.,Los galos viven allí.
The Goths go home.,/ðə ɡɒθs ɡəʊ həʊm/,de gots go jom.,Los godos van a casa.
The Slavs are nice.,/ðə slɑːvz ɑː naɪs/,de slavs ar nais.,Los eslavos son amables.
Vikings have big ships.,/ˈvaɪkɪŋz hæv bɪɡ ʃɪps/,vaikings jav big ships.,Los vikingos tienen barcos grandes.
The Romans are here.,/ðə ˈrəʊmənz ɑː hɪə/,de romans ar jir.,Los romanos están aquí.
The Romans are not here.,/ðə ˈrəʊmənz ɑː nɒt hɪə/,de romans ar not jir.,Los romanos no están aquí.
Are the Romans here?,/ɑː ðə ˈrəʊmənz hɪə/,ar de romans jir?,¿Están aquí los romanos?
When are the Romans here?,/wɛn ɑː ðə ˈrəʊmənz hɪə/,guen ar de romans jir?,¿Cuándo están aquí los romanos?
The Romans were here.,/ðə ˈrəʊmənz wɜː hɪə/,de romans uer jir.,Los romanos estaban aquí.
It is a Roman coin.,/ɪt ɪz ə ˈrəʊmən kɔɪn/,it is a roman coin.,Es una moneda romana.
The Byzantines pray now.,/ðə bɪˈzæntiːnz preɪ naʊ/,de bizantines prei nau.,Los bizantinos rezan ahora.
Byzantium is a city.,/bɪˈzæntiəm ɪz ə ˈsɪti/,bizantium is a siti.,Bizancio es una ciudad.
He likes Byzantine art.,/hiː laɪks bɪˈzæntiːn ɑːt/,ji laiks bizantin art.,A él le gusta el arte bizantino.
The emperor is old.,/ðə ˈɛmpərər ɪz əʊld/,de emperor is old.,El emperador es viejo.
The leader is good.,/ðə ˈliːdər ɪz ɡʊd/,de lider is gud.,El líder es bueno.
He is a powerful man.,/hiː ɪz ə ˈpaʊəfʊl mæn/,ji is a paueful man.,Él es un hombre poderoso.
The king sits down.,/ðə kɪŋ sɪts daʊn/,de king sits daun.,El rey se sienta.
The ruler is kind.,/ðə ˈruːlər ɪz kaɪnd/,de ruler is kaind.,El gobernante es amable.
The knight rides fast.,/ðə naɪt raɪds fɑːst/,de knight raids fast.,El caballero monta rápido.
The feudal lord eats.,/ðə ˈfjuːdl lɔːd iːts/,de fiudal lord its.,El señor feudal come.
It was a feudal time.,/ɪt wɒz ə ˈfjuːdl taɪm/,it was a fiudal taim.,Era una época feudal.
The vassal works hard.,/ðə ˈvæsəl wɜːks hɑːd/,de vassel works jard.,El vasallo trabaja duro.
The duke is rich.,/ðə djuːk ɪz rɪtʃ/,de duke is rich.,El duque es rico.
The earl sees you.,/ðɜːl siːz juː/,de erl sis yu.,El conde te ve.
The baron lives in a big house.,/ðə ˈbærən lɪvz ɪn ə bɪg haʊs/,de baron livs in a big jaus.,El barón vive en una casa grande.
The bishop is in the church.,/ðə ˈbɪʃəp ɪz ɪn ðə tʃɜːrtʃ/,de bishop is in de church.,El obispo está en la iglesia.
He wears old armor.,/hiː wɛərz oʊld ˈɑːrmər/,ji uers old armor.,Él usa una armadura vieja.
The shield is on the wall.,/ðə ʃiːld ɪz ɒn ðə wɔːl/,de shiild is on de uol.,El escudo está en la pared.
I see a long sword.,/aɪ siː ə lɒŋ sɔːrd/,ai si a long sword.,Veo una espada larga.
The visor is down.,/ðə ˈvaɪzər ɪz daʊn/,de visor is daun.,El visor está abajo.
This chainmail is very heavy.,/ðɪs ˈtʃeɪnmeɪl ɪz ˈvɛri ˈhɛvi/,dis chainmail is jery jevi.,Esta cota de malla es muy pesada.
They go on a crusade.,/ðeɪ goʊ ɒn ə kruːˈseɪd/,dei gou on a crusade.,Ellos van a una cruzada.
The crusader rides a horse.,/ðə kruːˈseɪdər raɪdz ə hɔːrs/,de crusader raids a jors.,El cruzado monta un caballo.
This is my territory.,/ðɪs ɪz maɪ ˈtɛrəˌtɔːri/,dis is mai territory.,Este es mi territorio.
Dogs attack the cat.,/dɔːgz əˈtæk ðə kæt/,dogs atak de kat.,Los perros atacan al gato.
He wants to conquer the land.,/hiː wɒnts tuː ˈkɒŋkər ðə lænd/,ji uants tu conquer de land.,Él quiere conquistar la tierra.
They occupy the old house.,/ðeɪ ˈɒkjupaɪ ðə oʊld haʊs/,dei okiupai de old jaus.,Ellos ocupan la casa vieja.
The city is under siege.,/ðə ˈsɪti ɪz ˈʌndər siːdʒ/,de city is under siege.,La ciudad está bajo asedio.
The fort is besieged.,/ðə fɔːrt ɪz bɪˈsiːdʒd/,de fort is bisidchd.,El fuerte está asediado.
The army will besiege the fort.,/ðə ˈɑːrmi wɪl bɪˈsiːdʒ ðə fɔːrt/,de armi uil bisidch de fort.,El ejército asediará el fuerte.
The Inquisition was long.,/ðə ˌɪnkwɪˈzɪʃən wʌz lɒŋ/,de inkuision uas long.,La Inquisición fue larga.
The inquisitor looks at him.,/ðə ɪnˈkwɪzɪtər lʊks æt hɪm/,de inquisitor luks at jim.,El inquisidor lo mira.
That torture is very bad.,/ðæt ˈtɔːrtʃər ɪz ˈvɛri bæd/,dat torturer is jeri bad.,Esa tortura es muy mala.
That torture is not very bad.,/ðæt ˈtɔːrtʃər ɪz nɒt ˈvɛri bæd/,dat torturer is not jeri bad.,Esa tortura no es muy mala.
Is that torture very bad?,/ɪz ðæt ˈtɔːrtʃər ˈvɛri bæd/,is dat torturer jeri bad?,¿Es muy mala esa tortura?
Why is that torture so bad?,/waɪ ɪz ðæt ˈtɔːtʃə səʊ bæd/,guai iz dat torcher sou bad?,¿Por qué está tan mala esa tortura?
That torture was very bad.,/ðæt ˈtɔːrtʃər wɒz ˈvɛri bæd/,dat torturer uoz jeri bad.,Esa tortura era muy mala.
He is a cruel man.,/hiː ɪz ə ˈkruːəl mæn/,ji is a cruel man.,Él es un hombre cruel.
The heretic runs away.,/ðə ˈhɛrətɪk rʌnz əˈweɪ/,de heretic runs auei.,El hereje huye.
They speak of heresy.,/ðeɪ spiːk ʌv ˈhɛrəsi/,dei spik av heresi.,Ellos hablan de herejía.
He likes seafaring life.,/hiː laɪks ˈsiːfɛərɪŋ laɪf/,ji laiks seafaring laif.,A él le gusta la vida marinera.
The pirate has a map.,/ðə ˈpaɪrət hæz ə mæp/,de pirate jas a map.,El pirata tiene un mapa.
Piracy is a crime.,/ˈpaɪrəsi ɪz ə kraɪm/,piracy is a craim.,La piratería es un crimen.
The boarding happens at night.,/ðə ˈbɔːdɪŋ ˈhæpənz æt naɪt/,de bording jajpens at nait.,El abordaje ocurre en la noche.
They hid the loot well.,/ðeɪ hɪd ðə luːt wɛl/,dei jid de lut uel.,Ellos escondieron el botín bien.
I like old treasures.,/aɪ laɪk əʊld ˈtrɛʒəz/,ai laik old treshers.,Me gustan los tesoros antiguos.
I do not like old treasures.,/aɪ duː nɒt laɪk əʊld ˈtrɛʒəz/,ai du not laik old treshers.,No me gustan los tesoros antiguos.
Do you like old treasures?,/duː juː laɪk əʊld ˈtrɛʒəz/,du iu laik old treshers?,¿Te gustan los tesoros antiguos?
What old treasures do you like?,/wɒt əʊld ˈtrɛʒəz duː juː laɪk/,guot old treshers du iu laik?,¿Qué tesoros antiguos te gustan?
I liked old treasures.,/aɪ laɪkt əʊld ˈtrɛʒəz/,ai laikt old treshers.,Me gustaban los tesoros antiguos.
This is a big discovery.,/ðɪs ɪz ə bɪg dɪsˈkʌvəri/,dis is a big discavari.,Este es un gran descubrimiento.
This is not a big discovery.,/ðɪs ɪz nɒt ə bɪg dɪsˈkʌvəri/,dis is nat a big discavari.,Este no es un gran descubrimiento.
Is this a big discovery?,/ɪz ðɪs ə bɪg dɪsˈkʌvəri/,is dis a big discavari?,¿Es este un gran descubrimiento?
Whose big discovery is this?,/huːz ˈbɪɡ dɪˈskʌvəri ɪz ðɪs/,jus big diskaveri is dis?,¿De quién es este gran descubrimiento?
This was a big discovery.,/ðɪs wɒz ə bɪg dɪsˈkʌvəri/,dis woz a big discavari.,Este fue un gran descubrimiento.
We go to discover things.,/wiː ɡəʊ tuː dɪsˈkʌvə θɪŋz/,ui gou tu discaver zings.,Vamos a descubrir cosas.
The expedition starts soon.,/ðə ˌɛkspɪˈdɪʃən stɑːts suːn/,de ekspedishion starts sun.,La expedición comienza pronto.
He is a brave musketeer.,/hiː ɪz ə breɪv ˌmʌskɪˈtɪə/,ji is a breiv maskitir.,Él es un mosquetero valiente.
The cardinal wears red.,/ðə ˈkɑːdɪnəl weəz rɛd/,de kardinal uers red.,El cardenal viste de rojo.
She studies old heraldry.,/ʃiː ˈstʌdiz əʊld ˈhɛrəldri/,shi stadis old jereldri.,Ella estudia heráldica antigua.
This is a heraldic sign.,/ðɪs ɪz ə hɛˈrældɪk saɪn/,dis is a jereldic sain.,Esta es una señal heráldica.
The king is very old.,/ðə kɪŋ ɪz ˈvɛri əʊld/,de king is beri old.,El rey es muy viejo.
The king is not very old.,/ðə kɪŋ ɪz nɒt ˈvɛri əʊld/,de king is not beri old.,El rey no es muy viejo.
Is the king very old?,/ɪz ðə kɪŋ ˈvɛri əʊld/,is de king beri old?,¿Es muy viejo el rey?
How old is the king?,/haʊ əʊld ɪz ðə kɪŋ/,jau old is de king?,¿Qué edad tiene el rey?
The king was very old.,/ðə kɪŋ wɒz ˈvɛri əʊld/,de king uoz beri old.,El rey era muy viejo.
The queen is kind today.,/ðə kwiːn ɪz kaɪnd təˈdeɪ/,de kuin is kain tudei.,La reina es amable hoy.
We see a royal car.,/wiː siː ə ˈrɔɪəl kɑː/,ui si a roial car.,Vemos un coche real.
He loves his kingdom.,/hiː lʌvz hɪz ˈkɪŋdəm/,ji javs jis kindom.,Él ama su reino.
The prince is very young.,/ðə prɪns ɪz ˈvɛri jʌŋ/,de prins is beri yong.,El príncipe es muy joven.
The princess has a dog.,/ðə prɪnˈsɛs hæz ə dɒɡ/,de prinses jas a dog.,La princesa tiene un perro.
The princess does not have a dog.,/ðə prɪnˈsɛs dʌz nɒt hæv ə dɒɡ/,de prinses das nat jav a dog.,La princesa no tiene un perro.
Does the princess have a dog?,/dʌz ðə prɪnˈsɛs hæv ə dɒɡ/,das de prinses jav a dog?,¿La princesa tiene un perro?
Who has a dog?,/huː hæz ə dɒɡ/,ju jas a dog?,¿Quién tiene un perro?
The princess had a dog.,/ðə prɪnˈsɛs hæd ə dɒɡ/,de prinses jad a dog.,La princesa tenía un perro.
The president speaks well.,/ðə ˈprɛzɪdənt spiːks wɛl/,de president spikes uel.,El presidente habla bien.
He is the vice-president.,/hiː ɪz ðə ˈvaɪsˈprɛzɪdənt/,ji is de vais-president.,Él es el vicepresidente.
The senator is here.,/ðə ˈsɛnətər ɪz hɪə/,de senator is jier.,El senador está aquí.
The senator is not here.,/ðə ˈsɛnətər ɪz nɒt hɪə/,de senator is not jier.,El senador no está aquí.
Is the senator here?,/ɪz ðə ˈsɛnətər hɪə/,is de senator jier?,¿Está aquí el senador?
Why is the senator here?,/waɪ ɪz ðə ˈsenətə hɪə/,guai iz de senater jir?,¿Por qué está aquí el senador?
The senator was here.,/ðə ˈsɛnətər wɒz hɪə/,de senator uoz jier.,El senador estaba aquí.
The monarch rules all.,/ðə ˈmɒnək ruːlz ɔːl/,de monark ruls ol.,El monarca gobierna a todos.
She is a great ruler.,/ʃiː ɪz ə ɡreɪt ˈruːlə/,shi is a greit ruler.,Ella es una gran gobernante.
The dictator was bad.,/ðə ˈdɪkteɪtə wɒz bæd/,de dictator uoz bad.,El dictador era malo.
We fear the tyrant.,/wiː fɪə ðə ˈtaɪərənt/,ui fiar de tayrant.,Tememos al tirano.
He is a rich magnate.,/hiː ɪz ə rɪtʃ ˈmæɡneɪt/,ji is a rich magnate.,Él es un magnate rico.
The director reads a lot.,/ðə dəˈrɛktə riːdz ə lɒt/,de director rids a lot.,El director lee mucho.
The chief is here.,/ðə tʃiːf ɪz hɪə/,de chif is jir.,El jefe está aquí.
The manager is nice.,/ðə ˈmænɪdʒər ɪz naɪs/,de manayer is nais.,El gerente es amable.
My boss is good.,/maɪ bɒs ɪz ɡʊd/,mai bos is gud.,Mi jefe es bueno.
The owner is happy.,/ðə ˈəʊnər ɪz ˈhæpi/,de owner is japi.,El dueño está feliz.
He is a leader.,/hiː ɪz ə ˈliːdər/,ji is a lider.,Él es un líder.
She is the head.,/ʃiː ɪz ðə hɛd/,shi is dejed.,Ella es la jefa.
The authorities help.,/ðə ɔːˈθɒrɪtiz hɛlp/,de zauritis jelp.,Las autoridades ayudan.
Respect your superiors.,/rɪˈspɛkt jɔːr suːˈpɪəriərz/,rispect yur supiriors.,Respeta a tus superiores.
The governor is busy.,/ðə ˈɡʌvərnər ɪz ˈbɪzi/,de gouernor is bisi.,El gobernador está ocupado.
The consul works here.,/ðə ˈkɒnsəl wɜːrks hɪə/,de consol works jir.,El cónsul trabaja aquí.
The diplomat is kind.,/ðə ˈdɪpləmæt ɪz kaɪnd/,de diplomat is kaind.,El diplomático es amable.
The mayor is young.,/ðə ˈmeɪər ɪz jʌŋ/,de meior is yang.,El alcalde es joven.
The sheriff is tall.,/ðə ˈʃɛrɪf ɪz tɔːl/,de sherif is tol.,El sheriff es alto.
The emperor is old.,/ðə ˈɛmpərər ɪz əʊld/,de emperor is old.,El emperador es viejo.
The tsar is rich.,/ðə zɑːr ɪz rɪtʃ/,de zar is rich.,El zar es rico.
The pharaoh is strong.,/ðə ˈfɛroʊ ɪz strɒŋ/,de faro is strong.,El faraón es fuerte.
The khan is wise.,/ðə kɑːn ɪz waɪz/,de kan is uais.,El kan es sabio.
The road is long.,/ðə rəʊd ɪz lɒŋ/,de rold is long.,El camino es largo.
This is the way.,/ðɪs ɪz ðə weɪ/,dis is de uei.,Este es el camino.
The freeway is fast.,/ðə ˈfriːweɪ ɪz fæst/,de friuei is fast.,La autopista es rápida.
We like the highway.,/wiː laɪk ðə ˈhaɪweɪ/,ui laik de jaiuei.,Nos gusta la carretera.
We do not like the highway.,/wiː duː nɒt laɪk ðə ˈhaɪweɪ/,ui du nat laik de jaiuei.,No nos gusta la carretera.
Do you like the highway?,/duː juː laɪk ðə ˈhaɪweɪ/,du iu laik de jaiuei?,¿Les gusta la carretera?
Why do you like the highway?,/waɪ duː juː laɪk ðə ˈhaɪweɪ/,guai du iu laik de jaiwei?,¿Por qué te gusta la autopista?
We liked the highway.,/wiː laɪkt ðə ˈhaɪweɪ/,ui laikt de jaiuei.,Nos gustó la carretera.
The interstate is big.,/ðə ˈɪntərsteɪt ɪz bɪɡ/,de intersteit is big.,La interestatal es grande.
The interstate is not big.,/ðə ˈɪntərsteɪt ɪz nɒt bɪɡ/,de intersteit is not big.,La interestatal no es grande.
Is the interstate big?,/ɪz ðə ˈɪntərsteɪt bɪɡ/,is de intersteit big?,¿Es grande la interestatal?
Where is the big interstate?,/wɛər ɪz ðə bɪɡ ˈɪntərsteɪt/,guer is de big intersteit?,¿Dónde está la gran interestatal?
The interstate was big.,/ðə ˈɪntərsteɪt wɒz bɪɡ/,de intersteit uoz big.,La interestatal era grande.
The main road is wide.,/ðə meɪn rəʊd ɪz waɪd/,de mein rold is uaid.,La carretera principal es ancha.
The dirt road is bad.,/ðə dɜːrt rəʊd ɪz bæd/,de dert rold is bad.,El camino de tierra es malo.
The pathway is short.,/ðə ˈpæθweɪ ɪz ʃɔːrt/,de patuei is shor.,El sendero es corto.
We walk on the footpath.,/wi wɔːk ɒn ðə ˈfʊtpɑːθ/,ui guok on de fut-path,Caminamos por el sendero.
Where is the cat?,/weə r ɪz ðə kæt/,uer is de kat,¿Dónde está el gato?
Where do you go?,/weə duː juː gəʊ/,uer du yu gou,¿A dónde vas?
Where are you from?,/weə ɑː juː frɒm/,uer ar yu from,¿De dónde eres?
Look at the direction.,/lʊk æt ðə dɪˈrɛkʃən/,luk at de di-rek-shion,Mira la dirección.
He points the way.,/hi pɔɪnts ðə weɪ/,ji points de uei,Él señala el camino.
Go to the left.,/gəʊ tuː ðə lɛft/,gou tu de left,Ve a la izquierda.
Go to the right.,/gəʊ tuː ðə raɪt/,gou tu de rait,Ve a la derecha.
Go straight ahead.,/gəʊ streɪt əˈhɛd/,gou streit ajed,Sigue recto.
Go back home now.,/gəʊ bæk həʊm naʊ/,gou bak jom nau,Vuelve a casa ahora.
There is a bend.,/ðeə r ɪz ə bɛnd/,der is a bend,Hay una curva.
Turn to the left.,/tɜːn tuː ðə lɛft/,torn tu de left,Gira a la izquierda.
Make a U-turn here.,/meɪk ə juː tɜːn hɪə/,meik a yu torn jier,Haz un cambio de sentido aquí.
The sun is visible.,/ðə sʌn ɪz ˈvɪzəbəl/,de san is vi-si-ble,El sol es visible.
The cat appears now.,/ðə kæt əˈpɪəz naʊ/,de ket a-piars nau,El gato aparece ahora.
We stop at the shop.,/wi stɒp æt ðə ʃɒp/,ui stop at de shop,Paramos en la tienda.
He needs to rest.,/hi niːdz tuː rɛst/,ji nidz tu rest,Él necesita descansar.
Take a short rest.,/teɪk ə ʃɔːt rɛst/,teik a short rest,Toma un descanso corto.
Do not lose your way.,/duː nɒt luːz jɔː weɪ/,du not lus yor uei,No te pierdas.
This road leads home.,/ðɪs rəʊd liːdz həʊm/,dis rod lids jom,Este camino lleva a casa.
We arrive at the park.,/wi əˈraɪv æt ðə pɑːk/,ui a-raiv at de park,Llegamos al parque.
This road is a long stretch.,/ðɪs rəʊd ɪz ə lɒŋ strɛtʃ/,dis rod is a long strech,Este camino es un tramo largo.
The road is asphalt.,/ðə rəʊd ɪz ˈæsfɛlt/,de rod is as-felt,El camino es asfalto.
He stands on the curb.,/hi stændz ɒn ðə kɜːb/,ji stands on de kerb,Él está en el bordillo.
The water is in the ditch.,/ðə ˈwɔːtə r ɪz ɪn ðə dɪtʃ/,de uo-ter is in de dich,El agua está en la zanja.
The manhole is on the street.,/ðə ˈmænhəʊl ɪz ɒn ðə striːt/,de manjol is on de striit.,La boca de registro está en la calle.
The car stops on the roadside.,/ðə kɑː stɒps ɒn ðə ˈrəʊdsaɪd/,de car stops on de rowsaid.,El coche se detiene en el arcén.
I see a pit in the ground.,/aɪ siː ə pɪt ɪn ðə ɡraʊnd/,ai si a pit in de graund.,Veo un hoyo en el suelo.
I go to the park.,/aɪ ɡəʊ tuː ðə pɑːk/,ai gou tu de park.,Voy al parque.
I pass the slow car.,/aɪ pɑːs ðə sləʊ kɑː/,ai pas de slow car.,Adelanto al coche lento.
I hear a step.,/aɪ hɪər ə stɛp/,ai jir a step.,Oigo un paso.
I go to school on foot.,/aɪ ɡəʊ tuː skuːl ɒn fʊt/,ai gou tu skul on fut.,Voy a la escuela andando.
The tree blocks the road.,/ðə triː blɒks ðə rəʊd/,de tri blaks de rohd.,El árbol bloquea la carretera.
The boom barrier is down.,/ðə buːm ˈbæriə ɪz daʊn/,deum bari-er is daun.,La barrera está bajada.
This road is a dead end.,/ðɪs rəʊd ɪz ə dɛd ɛnd/,dis rohd is a ded end.,Esta calle es un callejón sin salida.
The bandit runs away.,/ðə ˈbændɪt rʌnz əˈweɪ/,de bandit runs awei.,El bandido huye.
He commits a crime.,/hiː kəˈmɪts ə kraɪm/,ji comits a craim.,Él comete un crimen.
The criminal is in jail.,/ðə ˈkrɪmɪnl ɪz ɪn dʒeɪl/,de criminal is in yeil.,El criminal está en la cárcel.
The thief takes the money.,/ðə θiːf teɪks ðə ˈmʌni/,de zif teiks de moni.,El ladrón toma el dinero.
Do not steal the bike.,/duː nɒt stiːl ðə baɪk/,du not stil de baik.,No robes la bicicleta.
Stealing is bad.,/ˈstiːlɪŋ ɪz bæd/,stiling is bad.,Robar es malo.
The theft happens at night.,/ðə θɛft ˈhæpənz æt naɪt/,de zeft japsens at nait.,El robo ocurre de noche.
They want to kidnap him.,/ðeɪ wɒnt tuː ˈkɪdnæp hɪm/,dei want tu kidnab jim.,Ellos quieren secuestrarlo.
The kidnapping is on the news.,/ðə ˈkɪdnæpɪŋ ɪz ɒn ðə njuːz/,de kidnapping is on de niuz.,El secuestro está en las noticias.
The kidnapper asks for money.,/ðə ˈkɪdnæpər ɑːsks fɔːr ˈmʌni/,de kidnaber asks for moni.,El secuestrador pide dinero.
He pays the ransom.,/hiː peɪz ðə ˈrænsəm/,ji peis de ransam.,Él paga el rescate.
They demand ransom from the family.,/ðeɪ dɪˈmɑːnd ˈrænsəm frɒm ðə ˈfæməli/,dei dimand ransam from de famili.,Ellos exigen rescate a la familia.
Do not rob the bank.,/duː nɒt rɒb ðə bæŋk/,du not rob de bank.,No robes el banco.
The robbery happens at noon.,/ðə ˈrɒbəri ˈhæpənz æt nuːn/,de rob-eri japsens at nun.,El robo ocurre al mediodía.
The robber runs fast.,/ðə ˈrɒbər rʌnz fɑːst/,de rob-er runs fast.,El ladrón corre rápido.
They try to extort money from him.,/ðeɪ traɪ tuː ɪkˈstɔːrt ˈmʌni frɒm hɪm/,dei tray tu ikstort mani from jim.,Ellos intentan extorsionar dinero de él.
The extortionist wants the money today.,/ðə ɪkˈstɔːrʃənɪst wɒnts ðə ˈmʌni təˈdeɪ/,de ikstorsionist uants de mani tudei.,El extorsionador quiere el dinero hoy.
Extortion is a very bad crime.,/ɪkˈstɔːrʃən ɪz ə ˈvɛri bæd kraɪm/,ikstorsion is a veri bad kraim.,La extorsión es un crimen muy malo.
They did not murder the man.,/ðeɪ dɪd nɒt ˈmɜːrdər ðə mæn/,dei did not murder de man.,Ellos no asesinaron al hombre.
The murder happened late at night.,/ðə ˈmɜːrdər ˈhæpənd leɪt æt naɪt/,de murderer japend leit at nait.,El asesinato ocurrió tarde en la noche.
The murderer ran away fast.,/ðə ˈmɜːrdərər ræn əˈweɪ fæst/,de murderer ran ruei fast.,El asesino huyó muy rápido.
I hear a loud gunshot.,/aɪ hɪər ə laʊd ˈgʌnʃɒt/,ai jir a laud gunshot.,Oigo un disparo de arma fuerte.
He will fire a shot at me.,/hiː wɪl faɪər ə ʃɒt æt miː/,ji uil faier a shot at mi.,Él me disparará un tiro.
They shoot to death the bad man.,/ðeɪ ʃuːt tuː dɛθ ðə bæd mæn/,dei shut tu ded de bad man.,Ellos matan a tiros al mal hombre.
Do not shoot at the dog.,/duː nɒt ʃuːt æt ðə dɒg/,du not shut at de dog.,No le disparos al perro.
The shooting stops in the park.,/ðə ˈʃuːtɪŋ stɒps ɪn ðə pɑːrk/,de shooting stops in de park.,El tiroteo para en el parque.
The incident was on the street.,/ðə ˈɪnsɪdənt wɒz ɒn ðə striːt/,de incident was on de strit.,El incidente fue en la calle.
The fight is short and loud.,/ðə faɪt ɪz ʃɔːrt ænd laʊd/,de fait is short and laud.,La pelea es corta y ruidosa.
Help! I need you here.,/hɛlp aɪ niːd juː hɪər/,jelp! ai nid yu jir.,¡Ayuda! Te necesito aquí.
The victim is very afraid now.,/ðə ˈvɪktɪm ɪz ˈvɛri əˈfreɪd naʊ/,de victim is veri afreid nau.,La víctima está muy asustada ahora.
Do not damage the nice car.,/duː nɒt ˈdæmɪdʒ ðə naɪs kɑːr/,du not damide de nais car.,No dañes el auto bonito.
The damage is bad for him.,/ðə ˈdæmɪdʒ ɪz bæd fɔːr hɪm/,de damide is bad for jim.,El daño es malo para él.
They see the dead body there.,/ðeɪ siː ðə dɛd ˈbɒdi ðeər/,dei si de ded bodi der.,Ellos ven el cadáver ahí.
It was a grave mistake.,/ɪt wɒz ə ɡreɪv mɪˈsteɪk/,it was a greiv missteik.,Fue un error grave.
The dog will attack the cat.,/ðə dɒg wɪl əˈtæk ðə kæt/,de dog uil atak de kat.,El perro atacará al gato.
He beats the dog every day.,/hiː biːts ðə dɒg ˈɛvri deɪ/,ji bits de dog evri dei.,Él golpea al perro todos los días.
The boys beat up the man.,/ðə bɔɪz biːt ʌp ðə mæn/,de boits bat ap de man.,Los muchachos golpearon al hombre.
They take the money from her.,/ðeɪ teɪk ðə ˈmʌni frɒm hɜːr/,dei teik de mani from jer.,Ellos toman el dinero de ella.
He did not stab to death him.,/hiː dɪd nɒt stæb tuː dɛθ hɪm/,ji did not stab tu ded jim.,Él no lo apuñaló hasta la muerte.
The car crash might maim him.,/ðə kɑːr kræʃ maɪt meɪm hɪm/,de car crash mait meim jim.,El choque del auto podría mutilarlo.
He did not wound the cat.,/hiː dɪd nɒt wuːnd ðə kæt/,ji did not wuund de kat.,El no hirió al gato.
The blackmail is very bad.,/ðə ˈblækmeɪl ɪz ˈvɛri bæd/,de blackmeil iz veri bad.,El chantaje es muy malo.
They blackmail the rich man.,/ðeɪ ˈblækmeɪl ðə rɪtʃ mæn/,dei blackmeil de rich man.,Ellos chantajean al hombre rico.
The blackmailer is in the car.,/ðə ˈblækmeɪlər ɪz ɪn ðə kɑːr/,de blackmeiler is in de car.,El chantajista está en el coche.
It is a protection racket.,/ɪt ɪz ə prəˈtɛkʃən ˈrækɪt/,it is a proteccion racket.,Es una mafia de protección.
The racketeer is very tall.,/ðə ˌrækɪˈtɪr ɪz ˈvɛri tɔːl/,de racketir is veri tol.,El gánster es muy alto.
I see a gangster there.,/aɪ siː ə ˈɡæŋstər ðɛər/,ai si a ganger der.,Veo un gánster ahí.
The mafia is bad here.,/ðə ˈmɑːfiə ɪz bæd hɪər/,de mafia is bad jir.,La mafia es mala aquí.
The pickpocket runs away fast.,/ðə ˈpɪkˌpɒkɪt rʌnz əˈweɪ fæst/,de pickpocket ran avuei fast.,El carterista huye rápido.
The burglar is at the door.,/ðə ˈbɜːrɡlər ɪz æt ðə dɔːr/,de burglar is at de dor.,El ladrón está en la puerta.
Smuggling is a big crime.,/ˈsmʌɡlɪŋ ɪz ə bɪɡ kraɪm/,smugling is a big craim.,El contrabando es un gran crimen.
The smuggler has a boat.,/ðə ˈsmʌɡlər hæz ə boʊt/,de smuggler jas a boat.,El contrabandista tiene un barco.
The forgery is a lie.,/ðə ˈfɔːrdʒəri ɪz ə laɪ/,de forguey is a lai.,La falsificación es una mentira.
He can forge the paper.,/hi kæn fɔːrdʒ ðə ˈpeɪpər/,ji can forge de peiper.,Él puede falsificar el papel.
It is a fake watch.,/ɪt ɪz ə feɪk wɒtʃ/,it is a feik guoch.,Es un reloj falso.
Rape is a terrible crime.,/reɪp ɪz ə ˈtɛrəbl kraɪm/,reip is a terible craim.,La violación es un crimen terrible.
He did not rape her.,/hiː dɪd nɒt reɪp hɜːr/,ji did not reip jar.,Él no la violó.
The rapist is in jail.,/ðə ˈreɪpɪst ɪz ɪn dʒeɪl/,de reipist is in yeil.,El violador está en la cárcel.
The maniac is very loud.,/ðə ˈmeɪniæk ɪz ˈvɛri laʊd/,de maniac is veri laud.,El maníaco es muy ruidoso.
The prostitute is my friend.,/ðə ˈprɒstɪtjuːt ɪz maɪ frɛnd/,de prostitute is mai frend.,La prostituta es mi amiga.
Prostitution is bad work.,/ˌprɒstɪˈtjuːʃən ɪz bæd wɜːrk/,prostitucion is bas uork.,La prostitución es un mal trabajo.
The pimp has the money.,/ðə pɪmp hæz ðə ˈmʌni/,de pimp jas de mani.,El chulo tiene el dinero.
The drug addict needs help.,/ðə drʌɡ ˈædɪkt niːdz hɛlp/,de drog adict nids jelp.,El drogadicto necesita ayuda.
The drug dealer is young.,/ðə drʌɡ ˈdiːlər ɪz jʌŋ/,de drog dealer is yung.,El traficante es joven.
They blow up the house.,/ðeɪ bloʊ ʌp ðə haʊs/,dei blo up de jaus.,Ellos volan la casa.
The explosion was very loud.,/ðə ɪkˈspləʊʒən wɒz ˈvɛri laʊd/,de iks-plo-shion guas beri laud.,La explosión fue muy ruidosa.
He will set fire to the wood.,/hiː wɪl sɛt ˈfaɪə tuː ðə wʊd/,ji wil set faier tu de uud.,Él le prenderá fuego a la madera.
The police found the incendiary.,/ðə pəˈliːs faʊnd ðə ɪnˈsɛndɪəri/,de polis faund de in-sen-diari.,La policía encontró al incendiario.
They fight against terrorism.,/ðeɪ faɪt əˈɡɛnst ˈtɛrərɪzəm/,dei feit a-keinst te-ror-ism.,Ellos luchan contra el terrorismo.
The terrorist ran away.,/ðə ˈtɛrərɪst ræn əˈweɪ/,de te-rorist ran a-uei.,El terrorista huyó.
The man is a hostage.,/ðə mæn ɪz ə ˈhɒstɪdʒ/,de man is a jos-tich.,El hombre es un rehén.
He did swindle his friend.,/hiː dɪd ˈswɪndəl hɪz frɛnd/,ji did swindol jis frend.,Él estafó a su amigo.
It was a bad swindle.,/ɪt wɒz ə bæd ˈswɪndəl/,it guas a bad swindol.,Fue una mala estafa.
The swindler is in jail.,/ðə ˈswɪndlər ɪz ɪn dʒeɪl/,de swindoler is in yeil.,El estafador está en la cárcel.
She will bribe the guard.,/ʃiː wɪl braɪb ðə ɡɑːd/,shi wil braib de gard.,Ella sobornará al guardia.
Bribery is a crime.,/ˈbraɪbəri ɪz ə kraɪm/,braiberi is a kraim.,El soborno es un crimen.
He took a bribe.,/hiː tʊk ə braɪb/,ji tuk a braib.,Él aceptó un soborno.
The poison is in the cup.,/ðə ˈpɔɪzən ɪz ɪn ðə kʌp/,de poison is in de cap.,El veneno está en la taza.
She did poison the cat.,/ʃiː dɪd ˈpɔɪzən ðə kæt/,shi did poison de kat.,Ella envenenó al gato.
He will poison himself.,/hiː wɪl ˈpɔɪzən hɪmˈsɛlf/,ji wil poison jim-self.,Él se envenenará.
Suicide is very sad.,/ˈsuːɪsaɪd ɪz ˈvɛri sæd/,su-i-said is beri sad.,El suicidio es muy triste.
The suicide died late.,/ðə ˈsuːɪsaɪd daɪd leɪt/,de su-i-said daid leit.,El suicida murió tarde.
He did threaten the boy.,/hiː dɪd ˈθrɛtən ðə bɔɪ/,ji did zreten de boi.,Él amenazó al niño.
The threat was bad.,/ðə θrɛt wɒz bæd/,de zret guas bad.,La amenaza fue mala.
She will make an attempt.,/ʃiː wɪl meɪk ən əˈtɛmpt/,shi wil meik an at-empt.,Ella hará un intento.
The attempt failed.,/ðə əˈtɛmpt feɪld/,de at-empt feild.,El intento falló.
They steal cars.,/ðeɪ stiːl kɑːz/,dei stil cars.,Ellos roban coches.
He will hijack the plane.,/hiː wɪl ˈhaɪdʒæk ðə pleɪn/,ji wil jay-jak de plein.,Él secuestrará el avión.
She wants revenge.,/ʃiː wɒnts rɪˈvɛndʒ/,shi guants re-bench.,Ella quiere venganza.
He will revenge his brother.,/hiː wɪl rɪˈvɛndʒ hɪz ˈbrʌðə/,ji wil re-bench jis bra-der.,Él vengará a su hermano.
He is a bad man.,/hiː ɪz ə bæd mæn/,ji is a bad man.,Él es un hombre malo.
It is a bad thing.,/ɪt ɪz ə bæd θɪŋ/,it is a bad zing.,Es una mala cosa.
She likes to play.,/ʃiː laɪks tuː pleɪ/,shi laiks tu plei.,A ella le gusta jugar.
The pirate is here.,/ðə ˈpaɪərət ɪz hɪə/,de pairet is jier.,El pirata está aquí.
He is a bad boy.,/hiː ɪz ə bæd bɔɪ/,ji is a bad boi.,Él es un chico malo.
The man is armed.,/ðə mæn ɪz ɑːrmd/,de man is armd.,El hombre está armado.
We do not like violence.,/wiː duː nɒt laɪk ˈvaɪələns/,ui du not laik vaiolens.,No nos gusta la violencia.
It is illegal here.,/ɪt ɪz ɪˈliːgəl hɪə/,it is ilegal jier.,Es ilegal aquí.
He likes spying.,/hiː laɪks ˈspaɪɪŋ/,ji laiks spaiin.,A él le gusta espiar.
They spy on us.,/ðeɪ spaɪ ɒn ʌs/,dei spai on as.,Ellos nos espían.
We want justice.,/wiː wɒnt ˈdʒʌstɪs/,ui uont yastis.,Queremos justicia.
This is a court.,/ðɪs ɪz ə kɔːt/,dis is a cort.,Este es un tribunal.
The judge is good.,/ðə dʒʌdʒ ɪz ɡʊd/,de yach is gud.,El juez es bueno.
The jurors are here.,/ðə ˈdʒʊərərz ɑːr hɪə/,de yurorz ar jier.,Los jurados están aquí.
It is a jury trial.,/ɪt ɪz ə ˈdʒʊəri ˈtraɪəl/,it is a yuri traiyal.,Es un juicio con jurado.
Do not judge me.,/duː nɒt dʒʌdʒ miː/,du not yach mi.,No me juzgues.
She is my lawyer.,/ʃiː ɪz maɪ ˈlɔːjə/,shi is mai loyer.,Ella es mi abogada.
The accused is sad.,/ðə əˈkjuːzd ɪz sæd/,de aciuz is sad.,El acusado está triste.
He is in the dock.,/hiː ɪz ɪn ðə dɒk/,ji is in de dok.,Él está en el banquillo.
The charge is bad.,/ðə tʃɑːrdʒ ɪz bæd/,de charch is bad.,El cargo es malo.
The sentence is long.,/ðə ˈsɛntəns ɪz lɒŋ/,de sentens is long.,La sentencia es larga.
They sentence him.,/ðeɪ ˈsɛntəns hɪm/,dei sentens jim.,Ellos lo condenan.
He is not guilty.,/hiː ɪz nɒt ˈɡɪlti/,ji is not gilti.,Él no es culpable.
Do not punish him.,/duː nɒt ˈpʌnɪʃ hɪm/,du not panish jim.,No lo castigues.
The punishment is hard.,/ðə ˈpʌnɪʃmənt ɪz hɑːrd/,de panishment is jard.,El castigo es duro.
He pays the fine.,/hiː peɪz ðə faɪn/,ji peis de fain.,Él paga la multa.
He has life imprisonment.,/hiː hæz laɪf ɪmˈprɪzənmənt/,ji jas laif imprizonment.,Él tiene cadena perpetua.
The death penalty is bad.,/ðə dɛθ ˈpɛnəlti ɪz bæd/,de deth penalti is bad.,La pena de muerte es mala.
The chair is electric.,/ðə tʃeər ɪz ɪˈlɛktrɪk/,de cher is ilektric.,La silla es eléctrica.
The gallows are high.,/ðə ˈɡæloʊz ɑː haɪ/,de galoz ar jai.,La horca es alta.
They execute him.,/ðeɪ ˈɛksɪkjuːt hɪm/,dei eksikiut jim.,Ellos lo ejecutan.
The execution is today.,/ðə ˌɛksɪˈkjuːʃən ɪz təˈdeɪ/,de eksikiucion is tudei.,La ejecución es hoy.
He is in jail.,/hiː ɪz ɪn dʒeɪl/,ji is in yeil.,Él está en la cárcel.
The cell is small.,/ðə sɛl ɪz smɔːl/,de sel is esmol.,La celda es pequeña.
I escort him there.,/aɪ ɪˈskɔːt hɪm ðeə/,ai iskort jim der.,Lo acompaño allí.
The guard is here.,/ðə ɡɑːrd ɪz hɪə/,de gard is jier.,El guardia está aquí.
The prisoner is sad.,/ðə ˈprɪzənər ɪz sæd/,de prisoner is sad.,El prisionero está triste.
The handcuffs are tight.,/ðə ˈhændkʌfs ɑː taɪt/,de jandcafs ar tait.,Las esposas están apretadas.
They handcuff him.,/ðeɪ ˈhændkʌf hɪm/,dei jandcaf jim.,Le ponen las esposas.
The break is bad.,/ðə breɪk ɪz bæd/,de breik is bad.,La fuga es mala.
He breaks out.,/hiː breɪks aʊt/,ji breiks aut.,Él se escapa.
The cat disappears.,/ðə kæt ˌdɪsəˈpɪəz/,de kat disapiars.,El gato desaparece.
They release him.,/ðeɪ rɪˈliːs hɪm/,dei rilis jim.,Ellos lo liberan.
Amnesty is good.,/ˈæmnəsti ɪz ɡʊd/,amnesti is gud.,La amnistía es buena.
The police are here.,/ðə pəˈliːs ɑː hɪə/,de polis ar jier.,La policía está aquí.
The officer is kind.,/ðə ˈɒfɪsər ɪz kaɪnd/,de ofiser is kaind.,El oficial es amable.
The station is big.,/ðə ˈsteɪʃən ɪz bɪɡ/,de steishon is big.,La estación es grande.
The station is not big.,/ðə ˈsteɪʃən ɪz nɒt bɪɡ/,de steishon is not big.,La estación no es grande.
Is the station big?,/ɪz ðə ˈsteɪʃən bɪɡ/,iz de steishon big?,¿Es grande la estación?
Where is the big station?,/wɛər ɪz ðə bɪɡ ˈsteɪʃən/,wer is de big steishon?,¿Dónde está la estación grande?
The station was big.,/ðə ˈsteɪʃən wəz bɪɡ/,de steishon woz big.,La estación era grande.
The club is hard.,/ðə klʌb ɪz hɑːrd/,de clab is jard.,El porra es dura.
He uses a bullhorn.,/hiː ˈjuːzɪz ə ˈbʊlhɔːrn/,ji yuses a buljorn.,Él usa un megáfono.
The car is fast.,/ðə kɑːr ɪz fæst/,de car is fast.,El coche es rápido.
The siren is very loud.,/ðə ˈsaɪərən ɪz ˈvɛri laʊd/,de sairen iz veri laud.,La sirena es muy ruidosa.
He will turn on the siren.,/hi wɪl tɜːn ɒn ðə ˈsaɪərən/,ji wil tern on de sairen.,Él encenderá la sirena.
It is a siren call.,/ɪt ɪz ə ˈsaɪərən kɔːl/,it iz a sairen col.,Es un canto de sirena.
This is the crime scene.,/ðɪs ɪz ðə kraɪm siːn/,dis iz de crain sin.,Este es la escena del crimen.
I am a witness.,/aɪ æm ə ˈwɪtnəs/,ai am a uitness.,Soy testigo.
He likes his freedom.,/hi laɪks hɪz ˈfriːdəm/,ji laiks jis fridom.,Le gusta su libertad.
She is his accomplice.,/ʃi ɪz hɪz əˈkʌmplɪs/,shi iz hiz akomplis.,Ella es su cómplice.
They will flee now.,/ðeɪ wɪl fliː naʊ/,dei wil fli nau.,Ellos huirán ahora.
He left a trace.,/hi left ə treɪs/,ji left a treis.,Él dejó un rastro.
It is a search.,/ɪt ɪz ə sɜːtʃ/,it iz a sarch.,Es una búsqueda.
I look for my cat.,/aɪ lʊk fɔː maɪ kæt/,ai luk for mai kat.,Busco a mi gato.
She has a suspicion.,/ʃi hæz ə səˈspɪʃən/,shi jas a saspision.,Ella tiene una sospecha.
She does not have a suspicion.,/ʃiː dʌz nɒt hæv ə səˈspɪʃən/,shi das not jav a saspision.,Ella no tiene una sospecha.
Does she have a suspicion?,/dʌz ʃiː hæv ə səˈspɪʃən/,das shi jav a saspision?,¿Tiene ella una sospecha?
Why does she have a suspicion?,/waɪ dʌz ʃiː hæv ə səˈspɪʃən/,guai daz shi hav e saspishon?,¿Por qué tiene ella una sospecha?
She had a suspicion.,/ʃiː hæd ə səˈspɪʃən/,shi jad a saspision.,Ella tenía una sospecha.
He is very suspicious.,/hi ɪz ˈvɛri səˈspɪʃəs/,ji iz veri saspisios.,Él es muy sospechoso.
He is not very suspicious.,/hi ɪz nɒt ˈvɛri səˈspɪʃəs/,ji iz not veri saspisios.,Él no es muy sospechoso.
Is he very suspicious?,/ɪz hi ˈvɛri səˈspɪʃəs/,iz ji veri saspisios?,¿Él es muy sospechoso?
Why is he very suspicious?,/waɪ ɪz hi ˈvɛri səˈspɪʃəs/,wai iz ji veri saspisios?,¿Por qué él es muy sospechoso?
He was very suspicious.,/hi wəz ˈvɛri səˈspɪʃəs/,ji woz veri saspisios.,Él era muy sospechoso.
Please stop the car.,/pliːz stɒp ðə kɑː/,pliz stop de car.,"Para el coche, por favor."
They will detain him.,/ðeɪ wɪl dɪˈteɪn hɪm/,dei wil ditein jim.,Ellos lo detendrán.
It is a big case.,/ɪt ɪz ə bɪg keɪs/,it iz a big keis.,Es un caso grande.
It is not a big case.,/ɪt ɪz nɒt ə bɪɡ keɪs/,it iz not a big keis.,No es un caso grande.
Is it a big case?,/ɪz ɪt ə bɪɡ keɪs/,iz it a big keis?,¿Es un caso grande?
What is this big case?,/wɒt ɪz ðɪs bɪɡ keɪs/,wot is dis big keis?,¿Cuál es este caso grande?
It was a big case.,/ɪt wəz ə bɪɡ keɪs/,it woz a big keis.,Era un caso grande.
The investigation is long.,/ðə ɪnˌvɛstɪˈɡeɪʃən ɪz lɒŋ/,de investiɡeishon iz lon.,La investigación es larga.
He is a detective.,/hi ɪz ə dɪˈtɛktɪv/,ji iz a detectiv.,Él es detective.
She is an investigator.,/ʃi ɪz ən ɪnˈvɛstɪɡeɪtə/,shi iz an investiɡeitor.,Ella es investigadora.
It is a hypothesis.,/ɪt ɪz ə haɪˈpɒθəsɪs/,it iz a jaipózisis.,Es una hipótesis.
We need a motive.,/wi niːd ə ˈməʊtɪv/,ui nid a moutiv.,Necesitamos un motivo.
This is an interrogation.,/ðɪs ɪz ən ɪnˌtɛrəˈɡeɪʃən/,dis iz an interoɡeishon.,Esto es un interrogatorio.
They interrogate him.,/ðeɪ ɪnˈtɛrəɡeɪt hɪm/,dei interóɡeit jim.,Ellos lo interrogan.
I will question her.,/aɪ wɪl ˈkwɛstʃən hɜː/,ai wil cuestion jer.,La interrogaré.
Please check the door.,/pliːz tʃɛk ðə dɔː/,pliz chek de dor.,"Revisa la puerta, por favor."
We have a round-up today.,/wiː hæv ə ˈraʊnd ʌp təˈdeɪ/,ji jav a raund ap tudei.,Tenemos una reunión hoy.
The search is in the park.,/ðə sɜːtʃ ɪz ɪn ðə pɑːk/,de sorch is in de parc.,La búsqueda es en el parque.
The chase was very fast.,/ðə tʃeɪs wɒz ˈvɛri fɑːst/,de cheis guas beri fast.,La persecución fue muy rápida.
They pursue the bad cat.,/ðeɪ pəˈsjuː ðə bæd kæt/,dei persiu de bad kat.,Ellos persiguen al gato malo.
Dogs track the man well.,/dɒɡz træk ðə mæn wɛl/,dogs track de man uel.,Los perros rastrean al hombre bien.
The arrest is big news.,/ðə əˈrɛst ɪz bɪɡ njuːz/,de arres is big nius.,El arresto es una gran noticia.
Police arrest the thief.,/pəˈliːs əˈrɛst ðə θiːf/,polis arres de zif.,La policía arresta al ladrón.
I catch the ball now.,/aɪ kæʃ ðə bɔːl naʊ/,ai cash de bol nau.,Atrapo la pelota ahora.
We capture the big bug.,/wiː ˈkæptʃə ðə bɪɡ bʌɡ/,wiキャプチャ de big bag.,Capturamos el insecto grande.
This document is for you.,/ðɪs ˈdɒkjʊmənt ɪz fɔː juː/,dis document is for yu.,Este documento es para ti.
I see the proof here.,/aɪ siː ðə pruːf hɪə/,ai si de pruf jia.,Veo la prueba aquí.
I do not see the proof here.,/aɪ də nɒt siː ðə pruːf hɪə/,ai da not si de pruf jia.,No veo la prueba aquí.
Do you see the proof here?,/du juː siː ðə pruːf hɪə/,du yu si de pruf jia?,¿Ves la prueba aquí?
Why is the proof here?,/waɪ ɪz ðə pruːf hɪə/,wai is de pruf jia?,¿Por qué está la prueba aquí?
I saw the proof here.,/aɪ sɔː ðə pruːf hɪə/,ai so de pruf jia.,Vi la prueba aquí.
Can you prove it?,/kæn juː pruːv ɪt/,kan yu pruf it.,¿Puedes probarlo?
The footprint is in mud.,/ðə ˈfʊtprɪnt ɪz ɪn mʌd/,de footprint is in mad.,La huella está en el barro.
He sees fingerprints on glass.,/hiː siːz ˈfɪŋɡəprɪnts ɒn ɡlɑːs/,ji sis fingerprints on glass.,Él ve huellas en el vaso.
This piece of evidence helps.,/ðɪs piːs ɒv ˈɛvɪdəns hɛlps/,dis pis of evidens helps.,Esta pieza de evidencia ayuda.
His alibi is very good.,/hɪz ˈælɪbaɪ ɪz ˈvɛri ɡʊd/,is alibai is beri gud.,Su coartada es muy buena.
His alibi is not very good.,/hɪz ˈælɪbaɪ ɪz nɒt ˈvɛri ɡʊd/,is alibai is not beri gud.,Su coartada no es muy buena.
Is his alibi very good?,/ɪz hɪz ˈælɪbaɪ ˈvɛri ɡʊd/,iz is alibai beri gud?,¿Es su coartada muy buena?
Who has a very good alibi?,/huː hæz ə ˈvɛri ɡʊd ˈælɪbaɪ/,ju jaz a beri gud alibai?,¿Quién tiene una coartada muy buena?
His alibi was very good.,/hɪz ˈælɪbaɪ wəz ˈvɛri ɡʊd/,is alibai woz beri gud.,Su coartada era muy buena.
The boy is innocent now.,/ðə bɔɪ ɪz ˈɪnəsənt naʊ/,de boi is inocent nau.,El niño es inocente ahora.
This is a big injustice.,/ðɪs ɪz ə bɪɡ ɪnˈdʒʌstɪs/,dis is a big inyustis.,Esto es una gran injusticia.
This is not a big injustice.,/ðɪs ɪz nɒt ə bɪɡ ɪnˈdʒʌstɪs/,dis is not a big inyustis.,Esto no es una gran injusticia.
Is this a big injustice?,/ɪz ðɪs ə bɪɡ ɪnˈdʒʌstɪs/,iz dis a big inyustis?,¿Es esto una gran injusticia?
When was this big injustice?,/wɛn wəz ðɪs bɪɡ ɪnˈdʒʌstɪs/,wen woz dis big inyustis?,¿Cuándo fue esta gran injusticia?
This was a big injustice.,/ðɪs wəz ə bɪɡ ɪnˈdʒʌstɪs/,dis woz a big inyustis.,Esto fue una gran injusticia.
That rule is very unfair.,/ðæt ruːl ɪz ˈvɛri ʌnˈfɛə/,dat rul is beri unfair.,Esa regla es muy injusta.
It is a criminal act.,/ɪt ɪz ə ˈkrɪmɪnəl ækt/,it is a criminal act.,Es un acto criminal.
They confiscate the phone.,/ðeɪ ˈkɒnfɪskeɪt ðə fəʊn/,dei confiscate de foun.,Ellos confiscan el teléfono.
The drug is bad for you.,/ðə drʌɡ ɪz bæd fɔː juː/,de drac is bad for yu.,La droga es mala para ti.
He has a big weapon.,/hiː hæz ə bɪɡ ˈwɛpən/,ji jas a big uepon.,Él tiene un arma grande.
He does not have a big weapon.,/hiː dʌz nɒt hæv ə bɪɡ ˈwɛpən/,ji das not jav a big uepon.,Él no tiene un arma grande.
Does he have a big weapon?,/dʌz hiː hæv ə bɪɡ ˈwɛpən/,das ji jav a big uepon?,¿Tiene él un arma grande?
Which big weapon does he have?,/wɪtʃ bɪɡ ˈwɛpən dʌz hiː hæv/,guich big uepon das ji jav?,¿Qué arma grande tiene él?
He had a big weapon.,/hiː hæd ə bɪɡ ˈwɛpən/,ji jad a big uepon.,Él tenía un arma grande.
We must disarm the man.,/wiː mʌst dɪsˈɑːm ðə mæn/,wi most disarm de man.,Debemos desarmar al hombre.
I order you to go.,/aɪ ˈɔːdə juː tuː ɡəʊ/,ai orden yu tu gou.,Te ordeno que vayas.
The cat will disappear soon.,/ðə kæt wɪl dɪsəˈpɪə suːn/,de kat wil disapiar sun.,El gato desaparecerá pronto.
We follow the law.,/wiː ˈfɒləʊ ðə lɔː/,ui folou de lo.,Nosotros seguimos la ley.
It is a legal act.,/ɪt ɪz ə ˈliːgəl ækt/,it is a ligal akt.,Es un acto legal.
That car is illegal.,/ðæt kɑːr ɪz ɪˈliːgəl/,dat car is iligal.,Ese coche es ilegal.
It is my responsibility.,/ɪt ɪz maɪ rɪˌspɒnsəˈbɪləti/,it is mai responsabiliti.,Es mi responsabilidad.
You are a responsible boy.,/juː ɑːr ə rɪˈspɒnsəbəl bɔɪ/,iu ar a responsabol boy.,Tú eres un niño responsable.
I like the cosmos.,/aɪ laɪk ðə ˈkɒzmɒs/,ai laik de cosmos.,Me gusta el cosmos.
I do not like the cosmos.,/aɪ də nɒt laɪk ðə ˈkɒzmɒs/,ai da not laik de cosmos.,No me gusta el cosmos.
Do you like the cosmos?,/du juː laɪk ðə ˈkɒzmɒs/,du yu laik de cosmos?,¿Te gusta el cosmos?
Why do you like the cosmos?,/waɪ duː juː laɪk ðə ˈkɒzmɒs/,uái du yu laik dez kózmos?,¿Por qué te gusta el cosmos?
I liked the cosmos.,/aɪ laɪkt ðə ˈkɒzmɒs/,ai laikt de cosmos.,Me gustó el cosmos.
We see a space ship.,/wiː siː ə speɪs ʃɪp/,ui si a es ship.,Vemos una nave espacial.
He is in outer space.,/hiː ɪz ɪn ˈaʊtə speɪs/,ji is in auter es.,Él está en el espacio exterior.
I love the world.,/aɪ lʌv ðə wɜːrld/,ai lav de uerld.,Yo amo al mundo.
The universe is big.,/ðə ˈjuːnɪvɜːrs ɪz bɪg/,de yuniverz is big.,El universo es grande.
The universe is not big.,/ðə ˈjuːnɪvɜːrs ɪz nɒt bɪɡ/,de yuniverz is not big.,El universo no es grande.
Is the universe big?,/ɪz ðə ˈjuːnɪvɜːrs bɪɡ/,iz de yuniverz big?,¿Es grande el universo?
How big is the universe?,/haʊ bɪɡ ɪz ðə ˈjuːnɪvɜːs/,jau big iz dez yiúnivers?,¿Qué tan grande es el universo?
The universe was big.,/ðə ˈjuːnɪvɜːrs wəz bɪɡ/,de yuniverz woz big.,El universo era grande.
We see a galaxy.,/wiː siː ə ˈgæləksi/,ui si a galaksi.,Vemos una galaxia.
Look at that star.,/lʊk æt ðæt stɑːr/,luk at dat star.,Mira esa estrella.
It is a nice constellation.,/ɪt ɪz ə naɪs ˌkɒnstəˈleɪʃən/,it is a nai constelacion.,Es una constelación bonita.
Earth is a planet.,/ɜːrθ ɪz ə ˈplænɪt/,erz is a planet.,La Tierra es un planeta.
The satellite is fast.,/ðə ˈsætəlaɪt ɪz fæst/,de satelait is fast.,El satélite es rápido.
This is a meteorite.,/ðɪs ɪz ə ˈmiːtiəraɪt/,dis is a miteit.,Esto es un meteorito.
I see a big comet.,/aɪ siː ə bɪg ˈkɒmɪt/,ai si a big comet.,Veo un cometa grande.
I do not see a big comet.,/aɪ duː nɒt siː ə bɪg ˈkɒmɪt/,ai du not si a big comet.,No veo un cometa grande.
Do you see a big comet?,/duː juː siː ə bɪg ˈkɒmɪt/,du iu si a big comet?,¿Ves un cometa grande?
When do you see a big comet?,/wɛn duː juː siː ə bɪg ˈkɒmɪt/,uen du iu si a big comet?,¿Cuándo ves un cometa grande?
I saw a big comet.,/aɪ sɔː ə bɪg ˈkɒmɪt/,ai so a big comet.,Vi un cometa grande.
The asteroid is hot.,/ðə ˈæstərɔɪd ɪz hɒt/,de asteroid is jot.,El asteroide está caliente.
The orbit is round.,/ðə ˈɔːbɪt ɪz raʊnd/,de orbit is raund.,La órbita es redonda.
We revolve around the sun.,/wiː rɪˈvɒlv əˈraʊnd ðə sʌn/,ui rivol araund de san.,Giramos alrededor del sol.
The atmosphere is blue.,/ðə ˈætməsfɪər ɪz bluː/,de atmosfer is blu.,La atmósfera es azul.
I like the sun.,/aɪ laɪk ðə sʌn/,ai laik de san.,Me gusta el sol.
I do not like the sun.,/aɪ duː nɒt laɪk ðə sʌn/,ai du not laik de san.,No me gusta el sol.
Do you like the sun?,/duː juː laɪk ðə sʌn/,du iu laik de san?,¿Te gusta el sol?
Why do you like the sun?,/waɪ duː juː laɪk ðə sʌn/,uai du iu laik de san?,¿Por qué te gusta el sol?
I liked the sun.,/aɪ laɪkt ðə sʌn/,ai laikt de san.,Me gustó el sol.
We live in the solar system.,/wiː lɪv ɪn ðə ˈsəʊlər ˈsɪstəm/,ui liv in de solar sistem.,Vivimos en el sistema solar.
See the solar eclipse.,/siː ðə ˈsəʊlər ɪˈklɪps/,si de solar eclipse.,Mira el eclipse solar.
The Earth is round.,/ðiː ɜːθ ɪz raʊnd/,de erd is raund.,La Tierra es redonda.
The Moon is bright.,/ðə muːn ɪz braɪt/,de mun is brait.,La Luna es brillante.
Mars is a planet.,/mɑːrz ɪz ə ˈplænɪt/,mars is a planet.,Marte es un planeta.
I see Venus.,/aɪ siː ˈviːnəs/,ai si vinus.,Veo a Venus.
Jupiter is very big.,/ˈdʒuːpɪtər ɪz ˈvɛri bɪg/,yupiter is veri big.,Júpiter es muy grande.
Saturn has rings.,/ˈsætərn hæz rɪŋz/,saturn has rings.,Saturno tiene anillos.
Mercury is hot.,/ˈmɜːrkjəri ɪz hɒt/,mercury is jot.,Mercurio es caliente.
Uranus is far away.,/jʊˈreɪnəs ɪz fɑːr əˈweɪ/,yuranus is far awei.,Urano está lejos.
Neptune is blue.,/ˈnɛptuːn ɪz bluː/,neptune is blu.,Neptuno es azul.
Pluto is small.,/ˈpluːtoʊ ɪz smɔːl/,pluto is smol.,Plutón es pequeño.
I see the Milky Way.,/aɪ siː ðə ˈmɪlki weɪ/,ai si de milki uei.,Veo la Vía Láctea.
I see the Great Bear.,/aɪ siː ðə greɪt beər/,ai si de greit bear.,Veo la Osa Mayor.
The North Star is bright.,/ðə nɔːrθ stɑːr ɪz braɪt/,de nor star is brait.,La Estrella Polar es brillante.
He is a Martian.,/hiː ɪz ə ˈmɑːrʃən/,ji is a marsian.,Él es un marciano.
It is an extraterrestrial.,/ɪt ɪz ən ˌɛkstrətəˈrɛstriəl/,it is an extraterrestrial.,Es un extraterrestre.
The alien is green.,/ðiː ˈeɪliən ɪz griːn/,de alien is grin.,El extraterrestre es verde.
A flying saucer flies.,/ə ˈflaɪɪŋ ˈsɔːsər flaɪz/,a flaing soser flaiz.,Un platillo volador vuela.
The spaceship is fast.,/ðə ˈspeɪsʃɪp ɪz fæst/,de speisip is fast.,La nave espacial es rápida.
The space station is big.,/ðə speɪs ˈsteɪʃən ɪz bɪg/,de speis steishon is big.,La estación espacial es grande.
The blast-off is loud.,/ðə ˈblæst ɒf ɪz laʊd/,de blast-off is laud.,El despegue es ruidoso.
The engine is hot.,/ðə ˈɛndʒɪn ɪz hɒt/,de endyin is jot.,El motor está caliente.
The nozzle is round.,/ðə ˈnɒzəl ɪz raʊnd/,de nozzol is raund.,La boquilla es redonda.
We need fuel.,/wiː niːd fjuːəl/,ui niad fiul.,Necesitamos combustible.
The cockpit is small.,/ðə ˈkɒkpɪt ɪz smɔːl/,de kokpit is smol.,La cabina es pequeña.
The antenna is long.,/ðə ænˈtɛnə ɪz lɒŋ/,de antena is long.,La antena es larga.
I see the sea through the porthole.,/aɪ siː ðə siː θruː ðə ˈpɔːrtˌhoʊl/,ai si de si zru de portjol.,Veo el mar a través de la portilla.
The solar battery is on the roof.,/ðə ˈsoʊlər ˈbætəri ɪz ɒn ðə ruːf/,de solar bateri is on de ruf.,La batería solar está en el techo.
He wears a big white spacesuit.,/hi wɛərz ə bɪg waɪt ˈspeɪssuːt/,ji uers a big guait spacesuit.,Él lleva un traje espacial grande y blanco.
We feel weightlessness in the sky.,/wi fiːl ˈweɪtləsnəs ɪn ðə skaɪ/,ui fil weitlesnes in de skai.,Sentimos ingravidez en el cielo.
We need oxygen to live.,/wi niːd ˈɑːksɪdʒən tuː lɪv/,ui nid oksiden tu liv.,Necesitamos oxígeno para vivir.
The docking is slow today.,/ðə ˈdɑːkɪŋ ɪz sloʊ təˈdeɪ/,de doking is eslu tudei.,El acoplamiento es lento hoy.
Ships dock at the port.,/ʃɪps dɑːk æt ðə pɔːrt/,ships dok at de port.,Los barcos atracan en el puerto.
The observatory is on the hill.,/ðə əbˈzɜːrvətɔːri ɪz ɒn ðə hɪl/,de observatori is on de jil.,El observatorio está en la colina.
Look at the stars with a telescope.,/lʊk æt ðə stɑːrz wɪð ə ˈtɛləskoʊp/,luk at de stars wiz a telescope.,Mira las estrellas con un telescopio.
We observe the birds.,/wi əbˈzɜːrv ðə bɜːrdz/,ui observe de berds.,Observamos a los pájaros.
They explore the big forest.,/ðeɪ ɪkˈsplɔːr ðə bɪg ˈfɔːrəst/,dei explore de big forest.,Ellos exploran el bosque grande.
We live on the Earth.,/wi lɪv ɒn ðə ɜːrθ/,ui liv on de erz.,Vivimos en la Tierra.
The globe is blue and green.,/ðə ɡloʊb ɪz bluː ænd ɡriːn/,de glob is blu and grin.,El globo es azul y verde.
Mars is a red planet.,/mɑːrz ɪz ə rɛd ˈplænət/,mars is a red planet.,Marte es un planeta rojo.
The sky has a blue atmosphere.,/ðə skaɪ hæz ə bluː ˈætməsfɪr/,de skai jas a blu atmosfer.,El cielo tiene una atmósfera azul.
We like geography class.,/wi laɪk dʒiˈɑːɡrəfi klæs/,ui laik yografi clas.,Nos gusta la clase de geografía.
We love nature and trees.,/wi lʌv ˈneɪtʃər ænd triːz/,ui lov neicher and tris.,Amamos la naturaleza y los árboles.
Spin the globe on the desk.,/spɪn ðə ɡloʊb ɒn ðə dɛsk/,spin de glob on de desk.,Gira el globo en el escritorio.
This map shows the city.,/ðɪs mæp shoʊz ðə ˈsɪti/,dis map shos de siti.,Este mapa muestra la ciudad.
Open the atlas to page five.,/ˈoʊpən ðə ˈætləs tuː peɪdʒ faɪv/,open de atlas tu peich faiv.,Abre el atlas en la página cinco.
France is in Europe.,/fræns ɪz ɪn ˈjʊərəp/,frans is in yurop.,Francia está en Europa.
Japan is in Asia.,/dʒəˈpæn ɪz ɪn ˈeɪʒə/,yapan is in eisha.,Japón está en Asia.
Africa is very hot.,/ˈæfrɪkə ɪz ˈvɛri hɑːt/,africa is very jot.,África es muy caliente.
Australia is an island too.,/ɔːˈstreɪliə ɪz æn ˈaɪlənd tuː/,australia is an ailand tu.,Australia también es una isla.
He lives in America.,/hi lɪvz ɪn əˈmɛrəkə/,ji livs in america.,Él vive en América.
We live in North America.,/wi lɪv ɪn nɔːrθ əˈmɛrɪkə/,ui liv in norz amerika.,Vivimos en Norteamérica.
It is hot in South America.,/ɪt ɪz hɒt ɪn saʊθ əˈmɛrɪkə/,it is hot in sauz amerika.,Hace calor en Sudamérica.
Antarctica is very cold.,/æntˈɑːrktɪkə ɪz ˈvɛri koʊld/,antarktika is beri cold.,La Antártida es muy fría.
The Arctic is very cold.,/ðə ˈɑːrktɪk ɪz ˈvɛri koʊld/,de arktik is beri cold.,El Ártico es muy frío.
We go to the North.,/wi goʊ tuː ðə nɔːrθ/,ui gou tu de norz.,Vamos hacia el norte.
The park is to the north.,/ðə pɑːrk ɪz tuː ðə nɔːrθ/,de park is tu de norz.,El parque está al norte.
It is cold in the north.,/ɪt ɪz koʊld ɪn ðə nɔːrθ/,it is cold in de norz.,Hace frío en el norte.
This is a northern city.,/ðɪs ɪz ə ˈnɔːrðərn ˈsɪti/,dis is a norzer siti.,Esta es una ciudad del norte.
Birds fly to the south.,/bɜːrdz flaɪ tuː ðə saʊθ/,berds flai tu de sauz.,Las aves vuelan hacia el sur.
The school is to the south.,/ðə skuːl ɪz tuː ðə saʊθ/,de skul is tu de sauz.,La escuela está al sur.
It is hot in the south.,/ɪt ɪz hɒt ɪn ðə saʊθ/,it is hot in de sauz.,Hace calor en el sur.
She likes southern food.,/ʃi laɪks ˈsʌðərn fuːd/,shi laiks sader food.,A ella le gusta la comida del sur.
We look to the west.,/wi lʊk tuː ðə wɛst/,ui luk tu de west.,Miramos hacia el oeste.
The beach is to the west.,/ðə biːtʃ ɪz tuː ðə wɛst/,de bich is tu de west.,La playa está al oeste.
The sun is in the west.,/ðə sʌn ɪz ɪn ðə wɛst/,de san is in de west.,El sol está en el oeste.
I see a western star.,/aɪ siː ə ˈwɛstərn stɑːr/,ai si a western star.,Veo una estrella occidental.
We go to the east.,/wi goʊ tuː ðə iːst/,ui gou tu de ist.,Vamos hacia el este.
The house is to the east.,/ðə haʊs ɪz tuː ðə iːst/,de jaus is tu de ist.,La casa está al este.
The sun rises in the east.,/ðə sʌn ˈraɪzɪz ɪn ðə iːst/,de san raisers in de ist.,El sol sale por el este.
He likes eastern music.,/hi laɪks ˈiːstərn ˈmjuːzɪk/,ji laiks istern miusic.,A él le gusta la música oriental.
We swim in the sea.,/wi swɪm ɪn ðə siː/,ui uim in de si.,Nosotros nadamos en el mar.
The ocean is very big.,/ðə ˈoʊʃən ɪz ˈvɛri bɪg/,de oshan is beri big.,El océano es muy grande.
The ocean is not very big.,/ðə ˈoʊʃən ɪz nɒt ˈvɛri bɪg/,de oshan is not veri big.,El océano no es muy grande.
Is the ocean very big?,/ɪz ðə ˈoʊʃən ˈvɛri bɪg/,is de oshan veri big?,¿Es el océano muy grande?
Where is the ocean?,/wɛər ɪz ðə ˈoʊʃən/,uer is de oshan?,¿Dónde está el océano?
The ocean was very big.,/ðə ˈoʊʃən wɒz ˈvɛri bɪg/,de oshan uoz veri big.,El océano era muy grande.
The boat is in the gulf.,/ðə boʊt ɪz ɪn ðə gʌlf/,de bout is in de golf.,El barco está en el golfo.
The ship goes through the straits.,/ðə ʃɪp goʊz θruː ðə streɪts/,de ship goes zru de streits.,El barco pasa por el estrecho.
We stand on solid ground.,/wi stænd ɒn ˈsɑːlɪd graʊnd/,ui stand on solid graund.,Nosotros estamos en suelo firme.
The continent is very big.,/ðə ˈkɒntɪnənt ɪz ˈvɛri bɪɡ/,de kontinent is beri big.,El continente es muy grande.
The continent is not very big.,/ðə ˈkɒntɪnənt ɪz nɒt ˈvɛri bɪɡ/,de kontinent is not beri big.,El continente no es muy grande.
Is the continent very big?,/ɪz ðə ˈkɒntɪnənt ˈvɛri bɪɡ/,is de kontinent beri big?,¿Es el continente muy grande?
Which continent is very big?,/wɪtʃ ˈkɒntɪnənt ɪz ˈvɛri bɪɡ/,guich kontinent is beri big?,¿Qué continente es muy grande?
The continent was very big.,/ðə ˈkɒntɪnənt wɒz ˈvɛri bɪɡ/,de kontinent uoz beri big.,El continente era muy grande.
I see an island.,/aɪ siː æn ˈaɪlənd/,ai si an ailand.,Veo una isla.
The peninsula has a beach.,/ðə pəˈnɪnsjʊlə hæz ə biːtʃ/,de peninsula jas a bich.,La península tiene una playa.
The archipelago is beautiful.,/ðə ˌɑːkɪˈpɛləɡəʊ ɪz ˈbjuːtɪfʊl/,de arkipelago is biutiful.,El archipiélago es hermoso.
The bay is calm.,/ðə beɪ ɪz kɑːm/,de beiy is kam.,La bahía está calma.
The ship is in the harbor.,/ðə ʃɪp ɪz ɪn ðə ˈhɑːbə/,de ship is in de jarbor.,El barco está en el puerto.
The lagoon is blue.,/ðə ləˈɡuːn ɪz bluː/,de lagun is blu.,La laguna es azul.
We see the cape.,/wiː siː ðə keɪp/,ui si de keip.,Vemos el cabo.
The atoll is in the sea.,/ðə ˈætɒl ɪz ɪn ðə siː/,de atol is in de si.,El atolón está en el mar.
The reef is nice.,/ðə riːf ɪz naɪs/,de rif is nais.,El arrecife es bonito.
The coral is pink.,/ðə ˈkɒrəl ɪz pɪŋk/,de coral is pink.,El coral es rosa.
A fish swims in the coral reef.,/ə fɪʃ swɪmz ɪn ðə ˈkɒrəl riːf/,a fish swims in de coral rif.,Un pez nada en el arrecife de coral.
The water is deep.,/ðə ˈwɔːtə ɪz diːp/,de uater is dip.,El agua es profunda.
The depth is big.,/ðə depθ ɪz bɪɡ/,de depd is big.,La profundidad es grande.
The abyss is dark.,/ðə əˈbɪs ɪz dɑːk/,de abis is dark.,El abismo es oscuro.
The trench is deep.,/ðə trɛntʃ ɪz diːp/,de trensh is dip.,La fosa es profunda.
The current is fast.,/ðə ˈkʌrənt ɪz fɑːst/,de korent is fast.,La corriente es rápida.
Water surrounds the rock.,/ˈwɔːtə səˈraʊndz ðə rɒk/,uater saraunds de rok.,El agua rodea la roca.
We walk on the shore.,/wiː wɔːk ɒn ðə ʃɔː/,ui uok on de shor.,Caminamos por la orilla.
The coast is long.,/ðə kəʊst ɪz lɒŋ/,de kost is long.,La costa es larga.
The boat moves at high tide.,/ðə bəʊt muːvz æt haɪ taɪd/,de bout muvs at jai taid.,El barco se mueve con la marea alta.
We see fish at low tide.,/wiː siː fɪʃ æt ləʊ taɪd/,ui si fish at lo taid.,Vemos peces con marea baja.
The sandbank is yellow.,/ðə ˈsændbæŋk ɪz ˈjɛləʊ/,de sandbank is yelou.,El banco de arena es amarillo.
I look at the bottom.,/aɪ lʊk æt ðə ˈbɒtəm/,ai luk at de batom.,Miro el fondo.
The wave is big.,/ðə weɪv ɪz bɪɡ/,de ueiv is big.,La ola es grande.
The wave is not big.,/ðə weɪv ɪz nɒt bɪɡ/,de ueiv iz not big.,La ola no es grande.
Is the wave big?,/ɪz ðə weɪv bɪɡ/,iz de ueiv big?,¿La ola es grande?
Where is the big wave?,/wɛər ɪz ðə bɪɡ weɪv/,uer iz de big ueiv?,¿Dónde está la ola grande?
The wave was big.,/ðə weɪv wɒz bɪɡ/,de ueiv uoz big.,La ola era grande.
I see the crest of the wave.,/aɪ siː ðə krɛst ɒv ðə weɪv/,ai si de crest ov de weiv,Veo la cresta de la ola.
The froth is on the water.,/ðə frɒθ ɪz ɒn ðə ˈwɔːtə/,de frof iz on de uoter,La espuma está en el agua.
The storm is big.,/ðə stɔːm ɪz bɪɡ/,de storm iz big,La tormenta es grande.
The storm is not big.,/ðə stɔːm ɪz nɒt bɪɡ/,de storm iz not big.,La tormenta no es grande.
Is the storm big?,/ɪz ðə stɔːm bɪɡ/,iz de storm big?,¿La tormenta es grande?
When is the big storm?,/wɛn ɪz ðə bɪɡ stɔːm/,uen iz de big storm?,¿Cuándo es la gran tormenta?
The storm was big.,/ðə stɔːm wɒz bɪɡ/,de storm uoz big.,La tormenta era grande.
The hurricane is here.,/ðə ˈhʌrɪkən ɪz hɪə/,de jurikein is jia,El huracán está aquí.
The tsunami is fast.,/ðə tsuːˈnɑːmi ɪz fɑːst/,de tsunami iz fast,El tsunami es rápido.
The sea is calm.,/ðə siː ɪz kɑːm/,de si is kam,El mar está tranquilo.
It is quiet.,/ɪt ɪz ˈkwaɪət/,it is kuaiet,Está tranquilo.
He has a long pole.,/hiː hæz ə lɒŋ pəʊl/,ji jas a long pol,Él tiene un poste largo.
He does not have a long pole.,/hiː dʌz nɒt hæv ə lɒŋ pəʊl/,ji das not jav a long pol.,Él no tiene un poste largo.
Does he have a long pole?,/dʌz hiː hæv ə lɒŋ pəʊl/,das ji jav a long pol?,¿Él tiene un poste largo?
Who has a long pole?,/huː hæz ə lɒŋ pəʊl/,ju jas a long pol?,¿Quién tiene un poste largo?
He had a long pole.,/hiː hæd ə lɒŋ pəʊl/,ji jad a long pol.,Él tenía un poste largo.
I like the polar bear.,/aɪ laɪk ðə ˈpəʊlə beə/,ai laik de polol bear,Me gusta el oso polar.
The latitude is high.,/ðə ˈlætɪtjuːd ɪz haɪ/,de latitiud is jai,La latitud es alta.
Check the longitude.,/tʃɛk ðə ˈlɒndʒɪtjuːd/,chek de lonchitiud,Revisa la longitud.
The lines are parallel.,/ðə laɪnz ɑː ˈpærəlɛl/,de lains ar paralel,Las líneas son paralelas.
It is near the equator.,/ɪt ɪz nɪə ðə ɪˈkweɪtə/,it is near de ecuator,Está cerca del ecuador.
The sky is blue.,/ðə skaɪ ɪz bluː/,de skai is blu,El cielo es azul.
I see the horizon.,/aɪ siː ðə həˈraɪzən/,ai si de joraison,Veo el horizonte.
The air is fresh.,/ðə eə ɪz frɛʃ/,de air is fresh,El aire es fresco.
The lighthouse is tall.,/ðə ˈlaɪthaʊs ɪz tɔːl/,de laijjaus is tol,El faro es alto.
I like to dive.,/aɪ laɪk tuː daɪv/,ai laik tu daiv,Me gusta bucear.
I do not like to dive.,/aɪ duː nɒt laɪk tuː daɪv/,ai du not laik tu daiv.,No me gusta bucear.
Do you like to dive?,/duː juː laɪk tuː daɪv/,du iu laik tu daiv?,¿Te gusta bucear?
How often do you like to dive?,/haʊ ˈɒfən duː juː laɪk tuː daɪv/,jau ofen du iu laik tu daiv?,¿Con qué frecuencia te gusta bucear?
I liked to dive.,/aɪ laɪkt tuː daɪv/,ai laikt tu daiv.,Me gustaba bucear.
The boat will sink.,/ðə bəʊt wɪl sɪŋk/,de bot uil sink,El barco se hundirá.
I find treasures.,/aɪ faɪnd ˈtrɛʒəz/,ai faind tresures,Encuentro tesoros.
It is the Atlantic Ocean.,/ɪt ɪz ði ætˈlæntɪk ˈəʊʃən/,it is di atlantic oshon,Es el Océano Atlántico.
This is the Indian Ocean.,/ðɪs ɪz ði ˈɪndiən ˈəʊʃən/,dis is di indien oshon,Este es el Océano Índico.
We see the Pacific Ocean.,/wiː siː ðə pəˈsɪfɪk ˈəʊʃən/,ui si de pasific oshon,Vemos el Océano Pacífico.
The Arctic Ocean is cold.,/ðə ˈɑːktɪk ˈəʊʃən ɪz kəʊld/,de arctic oshon is cold,El Océano Ártico es frío.
It is the Black Sea.,/ɪt ɪz ðə blæk siː/,it is de blak si,Es el Mar Negro.
The ship sails on the Red Sea.,/ðə ʃɪp seɪlz ɒn ðə rɛd siː/,de ship seils on de red si.,El barco navega por el Mar Rojo.
It is the Yellow Sea.,/ɪt ɪz ðə ˈjɛləʊ siː/,it is de yelou si.,Es el Mar Amarillo.
The water is cold in the White Sea.,/ðə ˈwɔːtər ɪz kəʊld ɪn ðə waɪt siː/,de uater is cold in de guait si.,El agua está fría en el Mar Blanco.
They swim in the Caspian Sea.,/ðeɪ swɪm ɪn ðə ˈkæspiən siː/,dei uim in de caspian si.,Ellos nadan en el mar Caspio.
We see the Dead Sea.,/wiː siː ðə dɛd siː/,ui si de ded si.,Vemos el Mar Muerto.
The Mediterranean Sea is blue.,/ðə ˌmɛdɪtəˈreɪniən siː ɪz bluː/,de meditereinian si is blu.,El mar Mediterráneo es azul.
I like the Aegean Sea.,/aɪ laɪk ðə iːˈdʒiːən siː/,ai laik de iyiyin si.,Me gusta el mar Egeo.
It is the Adriatic Sea.,/ɪt ɪz ðə ˌeɪdriˈætɪk siː/,it is de eydriatic si.,Es el mar Adriático.
The boat is on the Arabian Sea.,/ðə bəʊt ɪz ɒn ðə əˈreɪbiən siː/,de bout is on de areibian si.,El barco está en el mar Arábigo.
This is the Sea of Japan.,/ðɪs ɪz ðə siː ɒv dʒəˈpæn/,dis is de si ov yapan.,Este es el mar del Japón.
Fish live in the Bering Sea.,/fɪʃ lɪv ɪn ðə ˈbɛərɪŋ siː/,fish liv in de berin si.,Los peces viven en el mar de Bering.
The map shows the South China Sea.,/ðə mæp ʃəʊz ðə saʊθ ˈtʃaɪnə siː/,de map shous de sauz chaina si.,El mapa muestra el mar de la China Meridional.
We go to the Coral Sea.,/wiː gəʊ tuː ðə ˈkɒrəl siː/,ui gou tu de coral si.,Vamos al mar del Coral.
It is the Tasman Sea.,/ɪt ɪz ðə ˈtæzmən siː/,it is de tazman si.,Es el mar de Tasmania.
The sun warms the Caribbean Sea.,/ðə sʌn wɔːrmz ðə ˌkærɪˈbiːən siː/,de sun uorms de caribian si.,El sol calienta el mar Caribe.
The Barents Sea is cold.,/ðə ˈbærənts siː ɪz kəʊld/,de barens si is cold.,El mar de Barents es frío.
We study the Kara Sea.,/wiː ˈstʌdi ðə ˈkɑːrə siː/,ui estadi de cara si.,Estudiamos el mar de Kara.
He lives near the North Sea.,/hiː lɪvz nɪə ðə nɔːθ siː/,ji livs nier de norz si.,Él vive cerca del mar del Norte.
The ship goes to the Baltic Sea.,/ðə ʃɪp gəʊz tuː ðə ˈbɔːltɪk siː/,de ship gous tu de baltic si.,El barco va al mar Báltico.
The fish swim in the Norwegian Sea.,/ðə fɪʃ swɪm ɪn ðə nɔːrˈwiːdʒən siː/,de fish uim in de noruiyian si.,Los peces nadan en el mar de Noruega.
The mountain is very high.,/ðə ˈmaʊntɪn ɪz ˈvɛri haɪ/,de mauntin is beri jai.,La montaña es muy alta.
We see a mountain range.,/wiː siː ə ˈmaʊntɪn reɪndʒ/,ui si a mauntain reiny.,Vemos una cadena montañosa.
He walks on the mountain ridge.,/hiː wɔːks ɒn ðə ˈmaʊntɪn rɪdʒ/,ji uoks on de mauntin riy.,Él camina en la crestamontañosa.
They go to the summit.,/ðeɪ gəʊ tuː ðə ˈsʌmɪt/,dei gou tu de samit.,Ellos van a la cima.
I see the snowy peak.,/aɪ siː ðə ˈsnəʊviː piːk/,ai si de snoufi pik.,Veo el pico nevado.
The house is at the foot of the mountain.,/ðə haʊs ɪz æt ðə fʊt ɒv ðə maʊntɪn/,de jaus is at de fut ov de mauntin.,La casa está al pie de la montaña.
They walk up the slope.,/ðeɪ wɒk ʌp ðə sləʊp/,dei uok ap de sloup.,Ellos caminan por la pendiente.
The volcano is very big.,/ðə vɒlˈkeɪnoʊ ɪz ˈvɛri bɪg/,de volkeino is veri big.,El volcán es muy grande.
The volcano is not very big.,/ðə vɒlˈkeɪnoʊ ɪz nɒt ˈvɛri bɪg/,de volkeino is not veri big.,El volcán no es muy grande.
Is the volcano very big?,/ɪz ðə vɒlˈkeɪnoʊ ˈvɛri bɪg/,is de volkeino veri big?,¿Es el volcán muy grande?
How big is the volcano?,/haʊ bɪɡ ɪz ðə vɒlˈkeɪnəʊ/,jau big iz dez volkéino?,¿Qué tan grande es el volcán?
The volcano was very big.,/ðə vɒlˈkeɪnoʊ wɒz ˈvɛri bɪg/,de volkeino uoz veri big.,El volcán era muy grande.
This is an active volcano.,/ðɪs ɪz æn ˈæktɪv vɒlˈkeɪnoʊ/,dis is an aktib volkeino.,Este es un volcán activo.
That dormant volcano is quiet.,/ðæt ˈdɔːrmənt vɒlˈkeɪnoʊ ɪz ˈkwaɪət/,dat dormant volkeino is kuaiet.,Ese volcán dormido está tranquilo.
The eruption happens at night.,/ðɪ ɪˈrʌpʃən ˈhæpənz æt naɪt/,de erapshon japens at nait.,La erupción ocurre en la noche.
The crater is deep.,/ðə ˈkreɪtər ɪz diːp/,de kreiter is dip.,El cráter es profundo.
Magma is under the ground.,/ˈmægmə ɪz ˈʌndər ðə ɡraʊnd/,magma is ander de graund.,El magma está bajo el suelo.
Look at the hot lava.,/lʊk æt ðə hɒt ˈlɑːvə/,luk at de jot lava.,Mira la lava caliente.
The rock is molten.,/ðə rɒk ɪz ˈmoʊltən/,de rok is mouten.,La roca está fundida.
We see the big canyon.,/wiː siː ðə bɪg ˈkænjən/,ui si de big canion.,Vemos el gran cañón.
We do not see the big canyon.,/wiː duː nɒt siː ðə bɪg ˈkænjən/,ui du not si de big canion.,No vemos el gran cañón.
Do we see the big canyon?,/duː wiː siː ðə bɪg ˈkænjən/,du ui si de big canion?,¿Vemos el gran cañón?
Where is the big canyon?,/wɛər ɪz ðə bɪg ˈkænjən/,uer is de big canion?,¿Dónde está el gran cañón?
We saw the big canyon.,/wiː sɔː ðə bɪg ˈkænjən/,ui so de big canion.,Vimos el gran cañón.
The river is in the gorge.,/ðə ˈrɪvər ɪz ɪn ðə ɡɔːrdʒ/,de riber is in de gordy.,El río está en la garganta.
A bug is in the crevice.,/ə bʌg ɪz ɪn ðə ˈkrɛvɪs/,a bag is in de krevis.,Un insecto está en la grieta.
Do not go near the abyss.,/duː nɒt ɡoʊ nɪər ðə əˈbɪs/,du not guo near de abis.,No te acerques al abismo.
We go through the pass.,/wiː ɡoʊ θruː ðə pæs/,ui guo zru de pas.,Pasamos por el paso.
The plateau is flat.,/ðə plæˈtoʊ ɪz flæt/,de plateu is flat.,La meseta es plana.
He jumps off the cliff.,/hiː dʒʌmps ɒf ðə klɪf/,ji yamps of de clif.,Él salta del acantilado.
We run down the hill.,/wiː rʌn daʊn ðə hɪl/,ui ran daun de jil.,Corremos por la colina.
The glacier is very cold.,/ðə ˈɡleɪʃər ɪz ˈvɛri koʊld/,de gleisher is veri cold.,El glaciar es muy frío.
I see the waterfall.,/aɪ siː ðə ˈwɔːtərfɔːl/,ai si de woterfol.,Veo la cascada.
The geyser shoots water.,/ðə ˈɡaɪzər ʃuːts ˈwɔːtər/,de gaiser shuts woter.,El géiser dispara agua.
The lake is blue.,/ðə leɪk ɪz bluː/,de leik is blu.,El lago es azul.
The plain is wide.,/ðə pleɪn ɪz waɪd/,de plein is guaid.,La llanura es ancha.
She paints the landscape.,/ʃiː peɪnts ðə ˈlændskeɪp/,shi peints de landskeip.,Ella pinta el paisaje.
I hear the echo.,/aɪ hɪər ðə ˈɛkoʊ/,ai hier de eco.,Oigo el eco.
The alpinist climbs the hill.,/ði ˈælpɪnɪst klaɪmz ðə hɪl/,de alpinist klaims de jil.,El alpinista escala la colina.
The rock climber is strong.,/ðə rɒk ˈklaɪmər ɪz strɒŋ/,de rok clraimer is stron.,El escalador de roca es fuerte.
We want to conquer it.,/wi wɒnt tuː ˈkɒŋkər ɪt/,ui uant tu conquer it.,Queremos conquistarlo.
They climb the tree.,/ðeɪ klaɪm ðə triː/,dei klaim de tri.,Ellos escalan el árbol.
The Alps are very high.,/ðæ ælz ɑː ˈvɛri haɪ/,de alps ar beri jai.,Los Alpes son muy altos.
I see Mont Blanc.,/aɪ siː mɒnt blɑːŋk/,ai si mont blanc.,Veo el Mont Blanc.
The Pyrenees are big.,/ðə ˈpɪrəniːz ɑː bɪg/,de pireneis ar big.,Los Pirineos son grandes.
The Pyrenees are not big.,/ðə ˈpɪrəniːz ɑːr nɒt bɪɡ/,de pireneis ar not big.,Los Pirineos no son grandes.
Are the Pyrenees big?,/ɑːr ðə ˈpɪrəniːz bɪɡ/,ar de pireneis big?,¿Los Pirineos son grandes?
How big are the Pyrenees?,/haʊ bɪɡ ɑːr ðə ˈpɪrəniːz/,jau big ar de pireneis?,¿Qué tan grandes son los Pirineos?
The Pyrenees were big.,/ðə ˈpɪrəniːz wɜːr bɪɡ/,de pireneis uer big.,Los Pirineos eran grandes.
He likes the Carpathians.,/hiː laɪks ðə kɑːˈpeɪθiənz/,ji laiks de carpatians.,A él le gustan los Cárpatos.
We go to the Ural Mountains.,/wi gəʊ tuː ðə ˈjʊərəl ˈmaʊntɪnz/,ui gou tu de ural mauntins.,Vamos a los montes Urales.
The Caucasus is far.,/ðə ˈkɔːkəsəs ɪz fɑː/,de caucasus is far.,El Cáucaso está lejos.
She climbs Elbrus.,/ʃiː klaɪmz ɛlˈbrʊs/,shi claims elbrus.,Ella escala el Elbrus.
The Altai is nice.,/ðæ ælˈtaɪ ɪz naɪs/,de altai is nais.,El Altai es bonito.
We see the Tien Shan.,/wi siː ðə tiːɛn ʃɑːn/,ui si de tien shan.,Vemos el Tian Shan.
The Pamir Mountains are high.,/ðə ˈpæmɪr ˈmaʊntɪnz ɑː haɪ/,de pamir mauntins ar jai.,Las montañas Pamir son altas.
The Himalayas are famous.,/ðə ˌhɪməˈleɪəz ɑː ˈfeɪməs/,de jimalayas ar feimus.,El Himalaya es famoso.
Everest is very tall.,/ˈɛvərɛst ɪz ˈvɛri tɔːl/,everest is beri tol.,El Everest es muy alto.
The Andes are long.,/ðæ ændiːz ɑː lɒŋ/,de andes ar lon.,Los Andes son largos.
I like Kilimanjaro.,/aɪ laɪk ˌkɪlɪmənˈdʒɑːrəʊ/,ai laiF kilimanYaro.,Me gusta el Kilimanjaro.
I do not like Kilimanjaro.,/aɪ duː nɒt laɪk ˌkɪlɪmənˈdʒɑːrəʊ/,ai du not laiF kilimanYaro.,No me gusta el Kilimanjaro.
Do you like Kilimanjaro?,/duː juː laɪk ˌkɪlɪmənˈdʒɑːrəʊ/,du iu laiF kilimanYaro?,¿Te gusta el Kilimanjaro?
Which part of Kilimanjaro do you like?,/wɪtʃ pɑːt ɒv ˌkɪlɪmənˈdʒɑːrəʊ duː juː laɪk/,uich part ov kilimanYaro du iu laiF?,¿Qué parte del Kilimanjaro te gusta?
I liked Kilimanjaro.,/aɪ laɪkt ˌkɪlɪmənˈdʒɑːrəʊ/,ai laiFt kilimanYaro.,Me gustó el Kilimanjaro.
The river is blue.,/ðə ˈrɪvər ɪz bluː/,de river is blu.,El río es azul.
The spring is clean.,/ðə sprɪŋ ɪz kliːn/,de spring is clin.,El manantial está limpio.
The riverbed is wet.,/ðə ˈrɪvərbɛd ɪz wɛt/,de riverbed is uet.,El cauce del río está mojado.
The basin is deep.,/ðə ˈbeɪsən ɪz diːp/,de basin is dip.,La cuenca es profunda.
It flows into the sea.,/ɪt fləʊz ˈɪntuː ðə siː/,it flous intu de si.,Fluye hacia el mar.
The tributary is small.,/ðə ˈtrɪbjətəri ɪz smɔːl/,de tributari is smol.,El afluente es pequeño.
He sits on the bank.,/hiː sɪts ɒn ðə bæŋk/,ji sits on de banc.,Él se sienta en la orilla.
The current is very fast.,/ðə ˈkʌrənt ɪz ˈvɛri fæst/,de kurrent is very fast.,La corriente es muy rápida.
The current isn't very fast.,/ðə ˈkʌrənt ˈɪzənt ˈvɛri fæst/,de kurrent isent veri fast.,La corriente no es muy rápida.
Is the current very fast?,/ɪz ðə ˈkʌrənt ˈvɛri fæst/,is de kurrent veri fast?,¿Es muy rápida la corriente?
Where is the current very fast?,/wɛər ɪz ðə ˈkʌrənt ˈvɛri fæst/,guer is de kurrent veri fast?,¿Dónde es muy rápida la corriente?
The current was very fast.,/ðə ˈkʌrənt wɒz ˈvɛri fæst/,de kurrent woz veri fast.,La corriente era muy rápida.
He goes downstream.,/hiː gəʊz ˈdaʊnstriːm/,ji gous daunstrim.,Él va río abajo.
The fish swims upstream.,/ðə fɪʃ swɪmz ʌpˈstriːm/,de fish swims upstrim.,El pez nada río arriba.
The inundation is bad.,/ðiː ˌɪnʌnˈdeɪʃən ɪz bæd/,de inundéishon is bad.,La inundación es mala.
The flooding stops now.,/ðə ˈflʌdɪŋ stɒps naʊ/,de flooding stops nau.,La inundación se detiene ahora.
The water will overflow.,/ðə ˈwɔːtə wɪl ˌəʊvəˈfləʊ/,de uater will ouerflou.,El agua se desbordará.
The rain will flood it.,/ðə reɪn wɪl flʌd ɪt/,de rein will flod it.,La lluvia lo inundará.
The boat is in the shallows.,/ðə bəʊt ɪz ɪn ðə ˈʃæləʊz/,de bout is in de shallos.,El bote está en las aguas poco profundas.
The rapids are loud.,/ðə ˈræpɪdz ɑː laʊd/,de rapids are laud.,Los rápidos son ruidosos.
The dam is high.,/ðə dæm ɪz haɪ/,de dam is jai.,La presa es alta.
The canal is long.,/ðə kəˈnæl ɪz lɒŋ/,de canal is long.,El canal es largo.
This is an artificial lake.,/ðɪs ɪz æn ˌɑːtɪˈfɪʃəl leɪk/,dis is an artifishial leik.,Este es un lago artificial.
Open the sluice gate.,/ˈəʊpən ðə sluːs geɪt/,open de slus geit.,Abre la compuerta.
It is a small water body.,/ɪt ɪz ə smɔːl ˈwɔːtə ˈbɒdi/,it is a smol uater bodi.,Es un pequeño cuerpo de agua.
The swamp is wet.,/ðə swɒmp ɪz wet/,de swomp is wet.,El pantano está mojado.
A bird is in the marsh.,/ə bɜːd ɪz ɪn ðə mɑːʃ/,a berd is in de marsh.,Un pájaro está en el marjal.
Look at the whirlpool.,/lʊk æt ðə ˈwɜːlpuːl/,luk at de whirlpul.,Mira el remolino.
The stream is clear.,/ðə striːm ɪz klɪə/,de strim is cliar.,El arroyo es claro.
This is drinking water.,/ðɪs ɪz ˈdrɪŋkɪŋ ˈwɔːtə/,dis is drincing uater.,Esta es agua potable.
The fish likes fresh water.,/ðə fɪʃ laɪks frɛʃ ˈwɔːtə/,de fish laiks fresh uater.,Al pez le gusta el agua dulce.
The ice is cold.,/ðə aɪs ɪz kəʊld/,de ais is cold.,El hielo está frío.
The river will freeze.,/ðə ˈrɪvə wɪl friːz/,de river will friz.,El río se congelará.
The Seine is in Paris.,/ðə seɪn ɪz ɪn ˈpærɪs/,de sein is in paris.,El Sena está en París.
The Loire is long.,/ðə lwɑːr ɪz lɒŋ/,de luar is long.,El Loira es largo.
The Thames flows here.,/ðə tɛmz fləʊz hɪə/,de tems flows jier.,El Támesis fluye aquí.
The Rhine is a long river.,/ðə raɪn ɪz ə lɒŋ ˈrɪvə/,de rain is a long riber.,El Rin es un río largo.
The Danube flows through the city.,/ðə ˈdænjuːb fləʊz θruː ðə ˈsɪti/,de danub flows tru de siti.,El Danubio fluye a través de la ciudad.
The Volga is in Russia.,/ðə ˈvɒlɡə ɪz ɪn ˈrʌʃə/,de volga is in rasha.,El Volga está en Rusia.
The Don is a big river.,/ðə dɒn ɪz ə bɪɡ ˈrɪvə/,de don is a big riber.,El Don es un río grande.
The Lena is very cold.,/ðə ˈlɛnə ɪz ˈvɛri kəʊld/,de lena is beri cold.,El Lena es muy frío.
The Yellow River is in China.,/ðə ˈjɛləʊ ˈrɪvə ɪz ɪn ˈtʃaɪnə/,de yelow riber is in chaina.,El río Amarillo está en China.
The Yangtze is very long.,/ðə ˈjæŋtsi ɪz ˈvɛri lɒŋ/,de yantsi is beri long.,El Yangtsé es muy largo.
The Mekong flows to the sea.,/ðə ˈmiːkɒŋ fləʊz tuː ðə siː/,de mikong flows tu de si.,El Mekong fluye hacia el mar.
The Ganges is in India.,/ðə ˈɡændʒiːz ɪz ɪn ˈɪndiə/,de ganches is in india.,El Ganges está en India.
The Nile River is long.,/ðə naɪl ˈrɪvə ɪz lɒŋ/,de nail riber is long.,El río Nilo es largo.
The Congo is a deep river.,/ðə ˈkɒŋɡəʊ ɪz ə diːp ˈrɪvə/,de congo is a dip riber.,El Congo es un río profundo.
The Okavango has water.,/ðə ˌəʊkəˈvæŋɡəʊ hæz ˈwɔːtə/,de okavango jaser woter.,El Okavango tiene agua.
The Okavango does not have water.,/ðə ˌəʊkəˈvæŋɡəʊ dʌz nɒt hæv ˈwɔːtə/,de okavango das not jav woter.,El Okavango no tiene agua.
Does the Okavango have water?,/dʌz ðə ˌəʊkəˈvæŋɡəʊ hæv ˈwɔːtə/,das de okavango jav woter?,¿El Okavango tiene agua?
How much water does the Okavango have?,/haʊ mʌtʃ ˈwɔːtə dʌz ðə ˌəʊkəˈvæŋɡəʊ hæv/,jau mach woter das de okavango jav?,¿Cuánta agua tiene el Okavango?
The Okavango had water.,/ðə ˌəʊkəˈvæŋɡəʊ hæd ˈwɔːtə/,de okavango jad woter.,El Okavango tenía agua.
The Zambezi is wide.,/ðə zæmˈbiːzi ɪz waɪd/,de zambesi is waid.,El Zambeze es ancho.
The Limpopo flows south.,/ðə lɪmˈpəʊpəʊ fləʊz saʊθ/,de limpopo flows saus.,El Limpopo fluye hacia el sur.
The Mississippi River is in America.,/ðə ˌmɪsɪˈsɪpi ˈrɪvə ɪz ɪn əˈmɛrɪkə/,de misisipi riber is in amerika.,El río Misisipi está en América.
The forest is green.,/ðə ˈfɒrɪst ɪz ɡriːn/,de forest is grin.,El bosque es verde.
I like the forest animal.,/aɪ laɪk ðə ˈfɒrɪst ˈænɪməl/,ai laik de forest animal.,Me gusta el animal del bosque.
They are in the thick forest.,/ðeɪ ɑːr ɪn ðə θɪk ˈfɒrɪst/,dei ar in de zik forest.,Ellos están en el bosque espeso.
We see a grove.,/wiː siː ə ɡrəʊv/,gui si a grov.,Vemos un pequeño bosque.
The house is in the clearing.,/ðə haʊs ɪz ɪn ðə ˈklɪərɪŋ/,de jaus is in de clearing.,La casa está en el claro.
A bird is in the thicket.,/ə bɜːd ɪz ɪn ðə ˈθɪkɪt/,a berd is in de zikit.,Un pájaro está en el matorral.
The scrubland is dry.,/ðə ˈskrʌblænd ɪz draɪ/,de scrubland is drai.,El matorral es seco.
We walk on the footpath.,/wiː wɔːk ɒn ðə ˈfʊtpɑːθ/,gui uok on de futzpat.,Caminamos por el sendero.
Water flows in the gully.,/ˈwɔːtə fləʊz ɪn ðə ˈɡʌli/,woter flows in de gali.,El agua fluye en la cañada.
The tree is tall.,/ðə triː ɪz tɔːl/,de tri is tol.,El árbol es alto.
This leaf is green.,/ðiːs liːf ɪz ɡriːn/,dis lif is grin.,Esta hoja es verde.
The leaves fall down.,/ðə liːvz fɔːl daʊn/,de lifs faol daun.,Las hojas caen.
I see the fall of leaves.,/aɪ siː ðə fɔːl ɒv liːvz/,ai si de faol ov lifs.,Veo la caída de las hojas.
Leaves fall from the tree.,/liːvz fɔːl frɒm ðə triː/,lifs faol from de tri.,Las hojas caen del árbol.
The bird is at the top.,/ðə bɜːd ɪz æt ðə tɒp/,de berd is at de top.,El pájaro está en la cima.
A bird sits on the branch.,/ə bɜːd sɪts ɒn ðə brɑːntʃ/,a berd sits on de bransh.,Un pájaro se sienta en la rama.
The bough is strong.,/ðə baʊ ɪz strɒŋ/,de bau is stron.,La rama grande es fuerte.
The bud is small.,/ðə bʌd ɪz smɔːl/,de bad is smol.,El brote es pequeño.
This needle is sharp.,/ðiːs niːdl ɪz ʃɑːp/,dis nidl is sharp.,Esta aguja es puntiaguda.
I pick up the pine cone.,/aɪ pɪk ʌp ðə paɪn kəʊn/,ai pik ap de pain kon.,Recojo la piña.
The tree is hollow.,/ðə triː ɪz ˈhɒləʊ/,de tri is jolow.,El árbol está hueco.
The nest is in the tree.,/ðə nɛst ɪz ɪn ðə triː/,de nest is in de tri.,El nido está en el árbol.
A rabbit lives in a burrow.,/ə ˈræbɪt lɪvz ɪn ə ˈbʌrəʊ/,a rabbit livs in a barow.,Un conejo vive en una madriguera.
The trunk is thick.,/ðə trʌŋk ɪz θɪk/,de trank is zik.,El tronco es grueso.
The root is in the earth.,/ðə ruːt ɪz ɪn ðə ɜːθ/,de rut is in de erz.,La raíz está en la tierra.
The bark is brown.,/ðə bɑːk ɪz braʊn/,de bark is braun.,La corteza es marrón.
The moss is soft.,/ðə mɒs ɪz sɒft/,de mos is sof.,El musgo es suave.
The wind can uproot the tree.,/ðə wɪnd kæn ʌpˈruːt ðə triː/,de wind kan ap-rut de tri.,El viento puede arrancar el árbol.
They chop down the old tree.,/ðeɪ tʃɒp daʊn ðə əʊld triː/,dei chop daun de old tri.,Ellos talan el árbol viejo.
People deforest the land.,/ˈpiːpl ˌdiːˈfɒrɪst ðə lænd/,pipol di-for-est de land.,La gente deforesta la tierra.
He sits on the tree stump.,/hiː sɪts ɒn ðə triː stʌmp/,ji sits on de tri stamp.,Él se sienta en el tocón.
We sit by the campfire.,/wiː sɪt baɪ ðə ˈkæmpfaɪə/,ui sit bai de camp-faier.,Nos sentamos junto a la fogata.
The forest fire is big.,/ðə ˈfɒrɪst faɪə ɪz bɪɡ/,de for-est faier is big.,El incendio forestal es grande.
They extinguish the fire.,/ðeɪ ɪkˈstɪŋɡwɪʃ ðə faɪə/,dei ik-sting-guish de faier.,Ellos apagan el fuego.
The forest ranger helps us.,/ðə ˈfɒrɪst ˈreɪnʤə hɛlps ʌs/,de for-est rein-der helps as.,El guardabosques nos ayuda.
The hat gives protection.,/ðə hæt ɡɪvz prəˈtɛkʃən/,de jat givs protekshon.,El sombrero da protección.
We protect the tree.,/wiː prəˈtɛkt ðə triː/,ui protect de tri.,Protegemos el árbol.
The poacher runs away.,/ðə ˈpoʊtʃər rʌnz əˈweɪ/,de poucher ranz auei.,El furtivo se escapa.
The trap is here.,/ðə træp ɪz hɪər/,de trap is jier.,La trampa está aquí.
The trap isn't here.,/ðə træp ˈɪzənt hɪər/,de trap isent jier.,La trampa no está aquí.
Is the trap here?,/ɪz ðə træp hɪər/,is de trap jier?,¿Está aquí la trampa?
What is the trap here for?,/wɒt ɪz ðə træp hɪər fɔːr/,guot is de trap jier for?,¿Para qué está aquí la trampa?
The trap was here.,/ðə træp wɒz hɪər/,de trap woz jier.,La trampa estaba aquí.
I pick the mushroom.,/aɪ pɪk ðə ˈmʌʃrum/,ai pik de mashrum.,Recojo la seta.
She picks a berry.,/ʃiː pɪks ə ˈbɛri/,shi picks a beri.,Ella recoge una baya.
I lose my way.,/aɪ luːz maɪ weɪ/,ai luz mai uei.,Pierdo el camino.
We use natural resources.,/wiː juːz ˈnæʧərəl rɪˈsɔːrsɪz/,ui ius nechural risorsis.,Usamos recursos naturales.
Rocks have minerals.,/rɒks hæv ˈmɪnərəlz/,roks jav minerals.,Las rocas tienen minerales.
The deposits are old.,/ðə dɪˈpɒzɪts ɑːr oʊld/,de deposits ar old.,Los depósitos son viejos.
The field is big.,/ðə fiːld ɪz bɪɡ/,de field is big.,El campo es grande.
They mine the rock.,/ðeɪ maɪn ðə rɒk/,dei main de rok.,Ellos minan la roca.
Mining is hard work.,/ˈmaɪnɪŋ ɪz hɑːrd wɜːrk/,maining is jard uork.,La minería es trabajo duro.
The ore is heavy.,/ðə ɔːr ɪz ˈhɛvi/,de or is jevi.,El mineral es pesado.
The mine is deep.,/ðə maɪn ɪz diːp/,de main is dip.,La mina es profunda.
The shaft is dark.,/ðə ʃæft ɪz dɑːrk/,de shaft is dark.,El pozo está oscuro.
The miner is tired.,/ðə ˈmaɪnər ɪz ˈtaɪərd/,de mainer is taierd.,El minero está cansado.
I smell the gas.,/aɪ smɛl ðə ɡæs/,ai smel de gas.,Huelo el gas.
The gas pipeline is long.,/ðə ɡæs ˈpaɪplaɪn ɪz lɔːŋ/,de gas pipeline is long.,El gasoducto es largo.
We use oil for cars.,/wiː juːz ɔɪl fɔːr kɑːrz/,ui ius oil for cars.,Usamos petróleo para coches.
The oil pipeline works.,/ðə ɔɪl ˈpaɪplaɪn wɜːrks/,de oil pipeline uorks.,El oleoducto funciona.
The oil well is new.,/ðə ɔɪl wɛl ɪz nuː/,de oil uel is nu.,El pozo de petróleo es nuevo.
The derrick is tall.,/ðə ˈdɛrɪk ɪz tɔːl/,de derrick is tol.,La torre es alta.
The tanker is big.,/ðə ˈtæŋkər ɪz bɪɡ/,de tanker is big.,El petrolero es grande.
The tanker isn't big.,/ðə ˈtæŋkər ˈɪzənt bɪɡ/,de tanker isent big.,El petrolero no es grande.
Is the tanker big?,/ɪz ðə ˈtæŋkər bɪɡ/,is de tanker big?,¿Es grande el petrolero?
Why is the tanker big?,/waɪ ɪz ðə ˈtæŋkər bɪɡ/,guai is de tanker big?,¿Por qué el petrolero es grande?
The tanker was big.,/ðə ˈtæŋkər wɒz bɪɡ/,de tanker woz big.,El petrolero era grande.
The sand is hot.,/ðə sænd ɪz hɒt/,de sand is jhot.,La arena está caliente.
The house is made of limestone.,/ðə haʊs ɪz meɪd ɒv ˈlaɪmstoʊn/,de jaus is meid ov laimston.,La casa está hecha de piedra caliza.
The path has gravel.,/ðə pæθ hæz ˈɡrævəl/,de paf jas gravel.,El camino tiene grava.
They use peat for fire.,/ðeɪ juːz piːt fɔːr faɪər/,dei yus pit for faier.,Ellos usan turba para el fuego.
I make a pot with clay.,/aɪ meɪk ə pɒt wɪð kleɪ/,ai meik a pot wid klei.,Hago una olla con arcilla.
The fire burns with coal.,/ðə faɪər bɜːrnz wɪð koʊl/,de faier bernz wid kol.,El fuego quema con carbón.
This gate is made of iron.,/ðɪs ɡeɪt ɪz meɪd ɒv ˈaɪərn/,dis geit is meid ov aiarn.,Esta puerta está hecha de hierro.
She has a gold ring.,/ʃiː hæz ə ɡoʊld rɪŋ/,shi jas a gold ring.,Ella tiene un anillo de oro.
The cup is made of silver.,/ðə kʌp ɪz meɪd ɒv ˈsɪlvər/,de kap is meid ov silber.,La taza está hecha de plata.
The coin is made of nickel.,/ðə kɔɪn ɪz meɪd ɒv ˈnɪkəl/,de koin is meid ov nikol.,La moneda está hecha de níquel.
The wire is made of copper.,/ðə ˈwaɪər ɪz meɪd ɒv ˈkɒpər/,de waiar is meid ov koper.,El cable está hecho de cobre.
The roof has zinc on it.,/ðə ruːf hæz zɪŋk ɒn ɪt/,de ruf jas zink on it.,El techo tiene zinc.
Steel has manganese in it.,/stiːl hæz ˈmæŋɡəniːz ɪn ɪt/,stil jas manganis in it.,El acero tiene manganeso.
Mercury is a silver liquid.,/ˈmɜːrkjəri ɪz ə ˈsɪlvər ˈlɪkwɪd/,merkyuri is a silver likwid.,El mercurio es un líquido plateado.
This box is made of lead.,/ðɪs bɒks ɪz meɪd ɒv led/,dis boks is meid ov led.,Esta caja está hecha de plomo.
This rock is a mineral.,/ðɪs rɒk ɪz ə ˈmɪnərəl/,dis rok is a mineral.,Esta roca es un mineral.
I see a crystal here.,/aɪ siː ə ˈkrɪstəl hɪər/,ai si a crystal jier.,Veo un cristol aquí.
I do not see a crystal here.,/aɪ duː nɒt siː ə ˈkrɪstəl hɪər/,ai du not si a crystal jier.,No veo un cristal aquí.
Do you see a crystal here?,/duː juː siː ə ˈkrɪstəl hɪər/,du iu si a crystal jier?,¿Ves un cristal aquí?
What crystal do you see here?,/wɒt ˈkrɪstəl duː juː siː hɪər/,uot crystal du iu si jier?,¿Qué cristal ves aquí?
I saw a crystal here.,/aɪ sɔː ə ˈkrɪstəl hɪər/,ai so a crystal jier.,Vi un cristal aquí.
The floor is made of marble.,/ðə flɔːr ɪz meɪd ɒv ˈmɑːrbəl/,de flor is meid ov marbol.,El suelo está hecho de mármol.
Uranium is a strong metal.,/jʊˈreɪniəm ɪz ə strɒŋ ˈmɛtəl/,yureiniam is a stron metal.,El uranio es un metal fuerte.
The weather is hot today.,/ðə ˈwɛðər ɪz hɒt təˈdeɪ/,de uezer is jot tudei.,El clima está caliente hoy.
The weather forecast is good.,/ðə ˈwɛðər ˈfɔːrkæst ɪz ɡʊd/,de uezer forkast is gud.,El pronóstico del tiempo es bueno.
The temperature is high.,/ðə ˈtɛmpərətʃər ɪz haɪ/,de tempratur is jai.,La temperatura está alta.
Use a thermometer for heat.,/juːz ə θərˈmɒmɪtər fɔːr hiːt/,yus a zermomiter for jit.,Usa un termómetro para el calor.
This is a barometer.,/ðɪs ɪz ə bəˈrɒmɪtər/,dis is a baromiter.,Esto es un barómetro.
It is very humid here.,/ɪt ɪz ˈvɛri ˈhjuːmɪd hɪər/,it is veri jiumid jier.,Hace mucho humedad aquí.
It is not very humid here.,/ɪt ɪz nɒt ˈvɛri ˈhjuːmɪd hɪər/,it iz not veri jiumid jier.,No hay mucha humedad aquí.
Is it very humid here?,/ɪz ɪt ˈvɛri ˈhjuːmɪd hɪər/,iz it veri jiumid jier?,¿Hace mucha humedad aquí?
Why is it very humid here?,/waɪ ɪz ɪt ˈvɛri ˈhjuːmɪd hɪər/,uai iz it veri jiumid jier?,¿Por qué hace mucha humedad aquí?
It was very humid here.,/ɪt wɒz ˈvɛri ˈhjuːmɪd hɪər/,it uoz veri jiumid jier.,Hacía mucha humedad aquí.
I do not like humidity.,/aɪ duː nɒt laɪk hjuːˈmɪdəti/,ai du not laik jiumiditi.,No me gusta la humedad.
The heat is very bad.,/ðə hiːt ɪz ˈvɛri bæd/,de jit iz beri bad.,El calor es muy malo.
The heat isn't very bad.,/ðə hiːt ˈɪzənt ˈvɛri bæd/,de jit isent beri bad.,El calor no es muy malo.
Is the heat very bad?,/ɪz ðə hiːt ˈvɛri bæd/,is de jit beri bad?,¿Es muy malo el calor?
How bad is the heat?,/haʊ bæd ɪz ðə hiːt/,jau bad is de jit?,¿Qué tan malo es el calor?
The heat was very bad.,/ðə hiːt wɒz ˈvɛri bæd/,de jit woz beri bad.,El calor era muy malo.
It is hot today.,/ɪt ɪz hɒt təˈdeɪ/,it iz jot tudei.,Hoy hace calor.
It's hot in the room.,/ɪts hɒt ɪn ðə ruːm/,its jot in de rum.,Hace calor en la habitación.
It's warm outside.,/ɪts wɔːm ˈaʊtˈsaɪd/,its uorm autsaid.,Afuera hace calor templado.
The water is warm.,/ðə ˈwɔːtər ɪz wɔːm/,de uoter iz uorm.,El agua está tibia.
It's cold in winter.,/ɪts kəʊld ɪn ˈwɪntə/,its kould in uinter.,Hace frío en invierno.
This ice is cold.,/ðɪs aɪs ɪz kəʊld/,dis ais iz kould.,Este hielo está frío.
The sun is big.,/ðə sʌn ɪz bɪg/,de san iz big.,El sol es grande.
The sun is not big.,/ðə sʌn ɪz nɒt bɪɡ/,de san iz not big.,El sol no es grande.
Is the sun big?,/ɪz ðə sʌn bɪɡ/,iz de san big?,¿El sol es grande?
Who thinks the sun is big?,/huː θɪŋks ðə sʌn ɪz bɪɡ/,ju zinks de san iz big?,¿Quién piensa que el sol es grande?
The sun was big.,/ðə sʌn wɒz bɪɡ/,de san uoz big.,El sol era grande.
The sun shines bright.,/ðə sʌn ʃaɪnz braɪt/,de san shains brait.,El sol brilla fuerte.
It is a sunny day.,/ɪt ɪz ə ˈsʌni deɪ/,it iz a sani dei.,Es un día soleado.
The sun comes up.,/ðə sʌn kʌmz ʌp/,de san kams ap.,El sale el sol.
The sun sets fast.,/ðə sʌn sɛts fæst/,de san sets fast.,El sol se pone rápido.
Look at the cloud.,/lʊk æt ðə klaʊd/,luk at de claud.,Mira la nube.
It is very cloudy.,/ɪt ɪz ˈvɛri ˈklaʊdi/,it iz beri claudi.,Está muy nublado.
A rain cloud is here.,/ə reɪn klaʊd ɪz hɪə/,a rein claud iz jir.,Una nube de lluvia está aquí.
The sky is somber.,/ðə skaɪ ɪz ˈsɒmbə/,de skai iz somber.,El cielo está sombrío.
The rain is light.,/ðə reɪn ɪz laɪt/,de rein iz lait.,La lluvia es leve.
It is raining now.,/ɪt ɪz ˈreɪnɪŋ naʊ/,it iz reining nau.,Está lloviendo ahora.
It is a rainy day.,/ɪt ɪz ə ˈreɪni deɪ/,it iz a reini dei.,Es un día lluvioso.
It starts to drizzle.,/ɪt stɑːts tuː ˈdrɪzəl/,it starts tu drisol.,Empieza a lloviznar.
It is pouring rain.,/ɪt ɪz ˈpɔːrɪŋ reɪn/,it iz poring rein.,Está lloviendo mucho.
The downpour stops now.,/ðə ˈdaʊnpɔː stɒps naʊ/,de daunpor stops nau.,El chaparrón para ahora.
The rain is heavy.,/ðə reɪn ɪz ˈhɛvi/,de rein jevi.,La lluvia es fuerte.
I see a puddle.,/aɪ siː ə ˈpʌdəl/,ai si a padol.,Veo un charco.
I get wet in rain.,/aɪ gɛt wɛt ɪn reɪn/,ai guet uet in rein.,Me mojo con la lluvia.
I see fog in the morning.,/aɪ siː fɒɡ ɪn ðə ˈmɔːnɪŋ/,ai si fog in de morning.,Veo niebla por la mañana.
It is very foggy today.,/ɪt ɪz ˈvɛri ˈfɒɡi təˈdeɪ/,it is veri fogi tudei.,Hoy está muy brumoso.
The snow is white and cold.,/ðə snəʊ ɪz waɪt ænd kəʊld/,de snou is wait and cold.,La nieve es blanca y fría.
It is snowing right now.,/ɪt ɪz ˈsnəʊɪŋ raɪt naʊ/,it is snouing rait nau.,Está nevando ahora mismo.
We have a big thunderstorm.,/wiː hæv ə bɪɡ ˈθʌndəstɔːm/,ui jav a big zunderstorm.,Tenemos una gran tormenta.
We don't have a big thunderstorm.,/wiː dəʊnt hæv ə bɪɡ ˈθʌndəstɔːm/,ui dont jav a big zunderstorm.,No tenemos una gran tormenta.
Do you have a big thunderstorm?,/duː juː hæv ə bɪɡ ˈθʌndəstɔːm/,du iu jav a big zunderstorm?,¿Tienen una gran tormenta?
How big is the thunderstorm?,/haʊ bɪɡ ɪz ðə ˈθʌndəstɔːm/,jau big iz dez zanderstorm?,¿Qué tan grande es la tormenta?
We had a big thunderstorm.,/wiː hæd ə bɪɡ ˈθʌndəstɔːm/,ui jad a big zunderstorm.,Tuvimos una gran tormenta.
Look at the lightning outside.,/lʊk æt ðə ˈlaɪtnɪŋ ˈaʊtsaɪd/,luk at de laitning autsaid.,Mira el rayo afuera.
The light flashes in the sky.,/ðə laɪt flæʃɪz ɪn ðə skaɪ/,de lait flashes in de skai.,La luz destella en el cielo.
I hear loud thunder.,/aɪ hɪə laʊd ˈθʌndə/,ai jier laud zunder.,Oigo un trueno fuerte.
It starts to thunder loudly.,/ɪt stɑːts tuː ˈθʌndə ˈlaʊdli/,it starts tu zunder laudli.,Empieza a tronar fuerte.
It is thundering again.,/ɪt ɪz ˈθʌndərɪŋ əˈɡɛn/,it is zundering agen.,Está tronando de nuevo.
The hail hits the roof.,/ðə heɪl hɪts ðə ruːf/,de heil hits de ruf.,El granizo golpea el techo.
It is hailing very hard.,/ɪt ɪz ˈheɪlɪŋ ˈvɛri hɑːd/,it is heiling veri jard.,Está granizando muy fuerte.
The rain floods the street.,/ðə reɪn flʌdz ðə striːt/,de rein floods de strit.,La lluvia inunda la calle.
The flood is very big.,/ðə flʌd ɪz ˈvɛri bɪɡ/,de flad is veri big.,La inundación es muy grande.
The flood isn't very big.,/ðə flʌd ˈɪzənt ˈvɛri bɪɡ/,de flad isent veri big.,La inundación no es muy grande.
Is the flood very big?,/ɪz ðə flʌd ˈvɛri bɪɡ/,is de flad veri big?,¿Es muy grande la inundación?
Where is the very big flood?,/wɛər ɪz ðə ˈvɛri bɪɡ flʌd/,guer is de veri big flad?,¿Dónde está la muy grande inundación?
The flood was very big.,/ðə flʌd wɒz ˈvɛri bɪɡ/,de flad woz veri big.,La inundación era muy grande.
The earthquake was scary.,/ðə ˈɜːθkweɪk wɒz ˈskeəri/,de erfqueik was skiari.,El terremoto fue aterrador.
I feel a small tremor.,/aɪ fiːl ə smɔːl ˈtrɛmə/,ai fil a smal tremor.,Siento un pequeño temblor.
The map shows the epicenter.,/ðə mæp ʃəʊz ðiː ˈɛpɪsɛntə/,de map shous de epicenter.,El mapa muestra el epicentro.
The eruption is dangerous.,/ðə ɪˈrʌpʃən ɪz ˈdeɪndʒərəs/,de erupshon is dangerus.,La erupción es peligrosa.
The red lava flows down.,/ðə rɛd ˈlɑːvə fləʊz daʊn/,de red lava flows daun.,La lava roja fluye abajo.
The twister moves fast.,/ðə ˈtwɪstə muːvz fɑːst/,de tuister moves fast.,El tornado se mueve rápido.
I see a big tornado.,/aɪ siː ə bɪɡ tɔːˈneɪdəʊ/,ai si a big torneido.,Veo un gran tornado.
I don't see a big tornado.,/aɪ dəʊnt siː ə bɪɡ tɔːˈneɪdəʊ/,ai dount si a big torneido.,No veo un gran tornado.
Do you see a big tornado?,/duː juː siː ə bɪɡ tɔːˈneɪdəʊ/,du yu si a big torneido?,¿Ves un gran tornado?
Who sees a big tornado?,/huː siːz ə bɪɡ tɔːˈneɪdəʊ/,ju siz a big torneido?,¿Quién ve un gran tornado?
I saw a big tornado.,/aɪ sɔː ə bɪɡ tɔːˈneɪdəʊ/,ai so a big torneido.,Vi un gran tornado.
The typhoon hits Japan.,/ðə taɪˈfuːn hɪts dʒəˈpæn/,de taifun hits yapan.,El tifón golpea Japón.
The hurricane is strong.,/ðə ˈhʌrɪkən ɪz strɒŋ/,de jarican is strong.,El huracán es fuerte.
A storm comes tonight.,/ə stɔːm kʌmz təˈnaɪt/,a storm coms tunait.,Viene una tormenta esta noche.
The tsunami hits the coast.,/ðə tsuːˈnɑːmi hɪts ðə kəʊst/,de sunami hits de cost.,El tsunami golpea la costa.
The cyclone is very strong.,/ðə ˈsaɪ.kləʊn ɪz ˈvɛri strɒŋ/,de saicloun is veri strong.,El ciclón es muy fuerte.
We have bad weather today.,/wiː hæv bæd ˈwɛðə təˈdeɪ/,ui jav bed ueder tudei.,Tenemos mal tiempo hoy.
The fire is big.,/ðə ˈfaɪər ɪz bɪɡ/,de faier is big.,El incendio es grande.
The fire isn't big.,/ðə ˈfaɪər ˈɪznt bɪɡ/,de faier isnt big.,El incendio no es grande.
Is the fire big?,/ɪz ðə ˈfaɪər bɪɡ/,is de faier big?,¿Es grande el incendio?
Where is the big fire?,/weər ɪz ðə bɪɡ ˈfaɪər/,guer is de big faier?,¿Dónde está el gran incendio?
The fire was big.,/ðə ˈfaɪər wɒz bɪɡ/,de faier guoz big.,El incendio era grande.
The disaster was scary.,/ðə dɪˈzɑːstə wɒz ˈskeəri/,de disaster was skeri.,El desastre fue aterrador.
A meteorite hit the ground.,/ə ˈmiːtiəraɪt hɪt ðə ɡraʊnd/,a mieterait hit de graund.,Un meteorito golpeó el suelo.
The avalanche moved fast.,/ðə ˈævəlɑːntʃ muːvd fɑːst/,de avalanch muvd fast.,La avalancha se movió rápido.
The snowslide is dangerous.,/ðə ˈsnəʊslaɪd ɪz ˈdeɪndʒərəs/,de snouslaid is dengerous.,El alud es peligroso.
It is a cold blizzard.,/ɪt ɪz ə kəʊld ˈblɪzəd/,it is a corld blizard.,Es una ventisca fría.
The snowstorm is here.,/ðə ˈsnəʊstɔːrm ɪz hɪə/,de snoustorm is jier.,La tormenta de nieve está aquí.
I like the silence.,/aɪ laɪk ðə ˈsaɪləns/,ai laik de sailens.,Me gusta el silencio.
The sound is loud.,/ðə saʊnd ɪz laʊd/,de saund is laud.,El sonido es fuerte.
The noise is bad.,/ðə nɔɪz ɪz bæd/,de nois is bed.,El ruido es malo.
Do not make noise.,/duː nɒt meɪk nɔɪz/,du not meik nois.,No hagas ruido.
The car is noisy.,/ðə kɑːr ɪz ˈnɔɪzi/,de car is noisi.,El coche es ruidoso.
He speaks loudly.,/hiː spiːks ˈlaʊdli/,ji spiks laudli.,Él habla en voz alta.
Her voice is loud.,/hɜːr vɔɪs ɪz laʊd/,jer vois is laud.,Su voz es alta.
The rain is constant.,/ðə reɪn ɪz ˈkɒnstənt/,de rein is constant.,La lluvia es constante.
I heard a shout.,/aɪ hɜːrd ə ʃaʊt/,ai jerd a shaut.,Oí un grito.
They shout at me.,/ðeɪ ʃaʊtæt miː/,dei shaut at mi.,Ellos me gritan.
Please whisper to me.,/pliːz ˈwɪspə tuː miː/,pliz guisper tu mi.,"Por favor, susúrrame."
I whisper the word.,/aɪ ˈwɪspə ðə wɜːrd/,ai guisper de uerd.,Susurro la palabra.
The barking is loud.,/ðə ˈbɑːrkɪŋ ɪz laʊd/,de barking is laud.,El ladrido es fuerte.
The dog will bark.,/ðə dɒɡ wɪl bɑːrk/,de dog guil bark.,El perro ladrará.
I heard a groan.,/aɪ hɜːrd ə ɡroʊn/,ai jerd a groun.,Oí un gemido.
He starts to groan.,/hiː stɑːrts tuː ɡroʊn/,ji starts tu groun.,Él empieza a gemir.
I have a bad cough.,/aɪ hæv ə bæd kɒf/,ai jav a bad kof.,Tengo una tos mala.
She coughs a lot.,/ʃiː kɒfs ə lɒt/,shi kofs a lot.,Ella tose mucho.
I hear a whistle.,/aɪ hɪər ə wɪsəl/,ai jir a uisel.,Oigo un silbido.
He can whistle well.,/hiː kæn wɪsəl wɛl/,ji kan uisel uel.,Él puede silbar bien.
I hear a knock.,/aɪ hɪər ə nɒk/,ai jir a nok.,Oigo un golpe.
Please knock on the door.,/pliːz nɒk ɒn ðə dɔː/,pliz nok on de dor.,Por favor golpea la puerta.
The egg will crack.,/ðə ɛg wɪl kræk/,de eg uil krak.,El huevo se romperá.
There is a crack here.,/ðeər ɪz ə kræk hɪə/,der iz a jak jir.,Hay una grieta aquí.
The siren is loud.,/ðə saɪərən ɪz laʊd/,de sairen iz laud.,La sirena es ruidosa.
The factory whistle blows.,/ðə fæktəri wɪsəl bləʊz/,de fakteri uisel blous.,La sirena de la fábrica suena.
The train whistles.,/ðə treɪn wɪsəlz/,de trein uisels.,El tren pita.
I hear a honk.,/aɪ hɪər ə hɒŋk/,ai jir a jonk.,Oigo un claxon.
The car will honk.,/ðə kɑː wɪl hɒŋk/,de car uil jonk.,El carro tocará el claxon.
I like winter.,/aɪ laɪk wɪntə/,ai laik uinter.,Me gusta el invierno.
I don't like winter.,/aɪ dəʊnt laɪk ˈwɪntə/,ai dont laik uinter.,No me gusta el invierno.
Do you like winter?,/duː juː laɪk ˈwɪntə/,du iu laik uinter?,¿Te gusta el invierno?
Why do you like winter?,/waɪ duː juː laɪk ˈwɪntə/,uái du yu laikuínter?,¿Por qué te gusta el invierno?
I liked winter.,/aɪ laɪkt ˈwɪntə/,ai laikt uinter.,Me gustaba el invierno.
It is a winter day.,/ɪt ɪz ə wɪntə deɪ/,it iz a uinter dei.,Es un día de invierno.
We ski in winter.,/wiː skiː ɪn wɪntə/,ui ski in uinter.,Esquiamos en invierno.
The snow is white.,/ðə snəʊ ɪz waɪt/,de sno iz uait.,La nieve es blanca.
It is snowing now.,/ɪt ɪz snəʊɪŋ naʊ/,it iz snoing nau.,Está nevando ahora.
The snowfall is big.,/ðə snəʊfɔːl ɪz bɪg/,de snofol iz big.,La nevada es grande.
I see a snowdrift.,/aɪ siː ə snəʊdrɪft/,ai si a snodrift.,Veo un montón de nieve.
The snowflake is cold.,/ðə snəʊfleɪk ɪz kəʊld/,de snofleik iz kould.,El copo de nieve está frío.
Make a big snowball.,/meɪk ə bɪg snəʊbɔːl/,meik a big snobol.,Haz una bola de nieve grande.
We build a snowman.,/wiː bɪld ə snəʊmæn/,ui bild a snoman.,Construimos un muñeco de nieve.
The icicle is long.,/ðə aɪsɪkəl ɪz lɒŋ/,de aisikol iz long.,El carámbano es largo.
It is cold in December.,/ɪt ɪz kəʊld ɪn dɪsɛmbə/,it iz kould in disember.,Hace frío en diciembre.
January is a cold month.,/ˈdʒænjuəri ɪz ə kəʊld mʌnθ/,yanuari is a cold month.,Enero es un mes frío.
February is a short month.,/ˈfɛbruəri ɪz ə ʃɔːt mʌnθ/,februari is a short month.,Febrero es un mes corto.
We have severe frost today.,/wi hæv sɪˈvɪə frɒst təˈdeɪ/,ui jav severe frost tudei.,Hoy tenemos una helada severa.
The morning is very frosty.,/ðə ˈmɔːnɪŋ ɪz ˈvɛri frɒsti/,de morning is beri frosti.,La mañana está muy helada.
It is below zero outside.,/ɪt ɪz bɪˈləʊ ˈzɪərəʊ ˈaʊtsaɪd/,it is below zero autsaid.,Está bajo cero afuera.
We saw the first frost.,/wi sɔː ðə fɜːst frɒst/,ui saw de first frost.,Vimos la primera helada.
The grass has white hoarfrost.,/ðə grɑːs hæz waɪt ˈhɔːfrɒst/,de gras jas jait jofrost.,La hierba tiene escarcha blanca.
The wind is very cold.,/ðə wɪnd ɪz ˈvɛri kəʊld/,de wind is beri cold.,El viento está muy frío.
It is cold in winter.,/ɪt ɪz kəʊld ɪn ˈwɪntə/,it is cold in winter.,Hace frío en invierno.
She wears a fur coat.,/ʃiː wɛəz ə fɜː kəʊt/,shi uers a fur coat.,Ella lleva un abrigo de piel.
I wear red mittens today.,/aɪ wɛə rɛd ˈmɪtnz təˈdeɪ/,ai uer red mitens tudei.,Llevo mitones rojos hoy.
You get sick in winter.,/juː gɛt sɪk ɪn ˈwɪntə/,yu get sick in winter.,Te enfermas en invierno.
He has a bad cold.,/hiː hæz ə bæd kəʊld/,ji jas a bad cold.,Él tiene un fuerte resfriado.
He doesn't have a bad cold.,/hiː ˈdʌzənt hæv ə bæd kəʊld/,ji dasent jav a bad cold.,Él no tiene un fuerte resfriado.
Does he have a bad cold?,/dʌz hiː hæv ə bæd kəʊld/,das ji jav a bad cold?,¿Tiene él un fuerte resfriado?
When did he get a bad cold?,/wɛn dɪd hiː ɡɛt ə bæd kəʊld/,guen did ji guet a bad cold?,¿Cuándo él tuvo un fuerte resfriado?
He had a bad cold.,/hiː hæd ə bæd kəʊld/,ji jad a bad cold.,Él tuvo un fuerte resfriado.
Do not catch a cold.,/duː nɒt kætʃ ə kəʊld/,du not cach a cold.,No te resfríes.
The ice is very hard.,/ðə aɪs ɪz ˈvɛri hɑːd/,de ais is beri jard.,El hielo es muy duro.
Watch out for black ice.,/wɒtʃ aʊt fɔː blæk aɪs/,uoch aut for black ais.,Cuidado con el hielo negro.
The river will freeze soon.,/ðə ˈrɪvə wɪl friːz suːn/,de river uil fris sun.,El río se congelará pronto.
We see an ice floe.,/wi siː æn aɪs fləʊ/,ui see an ais flow.,Vemos un témpano de hielo.
I have new skis.,/aɪ hæv njuː skiːz/,ai jav niu skis.,Tengo esquís nuevos.
She is a fast skier.,/ʃiː ɪz ə fɑːst ˈskiːə/,shi is a fast skier.,Ella es una esquiadora rápida.
They like to ski fast.,/ðeɪ laɪk tuː skiː fɑːst/,dei laik tu ski fast.,Les gusta esquiar rápido.
We skate on the ice.,/wi skeɪt ɒn ðə aɪs/,ui skeit on de ais.,Patinamos sobre el hielo.
The lion is a predator.,/ðə ˈlaɪən ɪz ə ˈprɛdətə/,de laion is a predator.,El león es un depredador.
The tiger runs fast.,/ðə ˈtaɪgə rʌnz fɑːst/,de taiger runs fast.,El tigre corre rápido.
The lion sleeps now.,/ðə ˈlaɪən sliːps naʊ/,de laion slips nau.,El león duerme ahora.
The wolf is in the forest.,/ðə wʊlf ɪz ɪn ðə ˈfɒrɪst/,de uolf is in de forist.,El lobo está en el bosque.
I see a red fox.,/aɪ siː ə rɛd fɒks/,ai si a red foks.,Veo un zorro rojo.
The jaguar runs fast.,/ðə ˈdʒæɡjuːə rʌnz fɑːst/,de yaguar runs fast.,El jaguar corre rápido.
The leopard has spots.,/ðə ˈlɛpəd hæz spɒts/,de leperd jas spots.,El leopardo tiene manchas.
The cheetah is very fast.,/ðə ˈtʃiːtə ɪz ˈvɛri fɑːst/,de chiti is beri fast.,El guepardo es muy rápido.
The black panther sleeps.,/ðə blæk ˈpænθə sliːps/,de blak panzer slips.,La pantera negra duerme.
The puma looks at me.,/ðə ˈpjuːmə lʊks æt miː/,de puma lüks at mi.,El puma me mira.
The snow leopard likes snow.,/ðə snəʊ ˈlɛpəd laɪks snəʊ/,de esnou leperd laiks esnou.,El leopardo de las nieves nieve.
The lynx has big ears.,/ðə lɪŋks hæz bɪg ɪəz/,de lincs jas big irs.,El lince tiene orejas grandes.
The lynx doesn't have big ears.,/ðə lɪŋks ˈdʌznt hæv bɪɡ ɪəz/,de lincs daznt jav big irs.,El lince no tiene orejas grandes.
Does the lynx have big ears?,/dʌz ðə lɪŋks hæv bɪɡ ɪəz/,daz de lincs jav big irs?,¿El lince tiene orejas grandes?
What has big ears?,/wɒt hæz bɪɡ ɪəz/,uót jez big ierz?,¿Qué tiene orejas grandes?
The lynx had big ears.,/ðə lɪŋks hæd bɪɡ ɪəz/,de lincs jad big irs.,El lince tenía orejas grandes.
The coyote eats food.,/ðə kɔɪˈəʊtiː iːts fuːd/,de kaiyoti its fud.,El coyote come comida.
The jackal runs away.,/ðə ˈdʒækəl rʌnz əˈweɪ/,de yackal runs auei.,El chacal se escapa.
The hyena is loud.,/ð� haɪˈiːnə ɪz laʊd/,de yaina is laud.,La hiena es ruidosa.
I like this animal.,/aɪ laɪk ðɪs ˈænɪməl/,ai laik dis animal.,Me gusta este animal.
I don't like this animal.,/aɪ dəʊnt laɪk ðɪs ˈænɪməl/,ai dont laik dis animal.,No me gusta este animal.
Do you like this animal?,/duː juː laɪk ðɪs ˈænɪməl/,du iu laik dis animal?,¿Te gusta este animal?
Why do you like this animal?,/waɪ duː juː laɪk ðɪs ˈænɪməl/,uai du iu laik dis animal?,¿Por qué te gusta este animal?
I liked this animal.,/aɪ laɪkt ðɪs ˈænɪməl/,ai laikt dis animal.,Me gustaba este animal.
The beast is big.,/ðə biːst ɪz bɪg/,de bist is big.,La bestia es grande.
The squirrel climbs the tree.,/ðə ˈskwɪrəl klaɪmz ðə triː/,de skwuirel clains de tri.,La ardilla sube al árbol.
The hedgehog is small.,/ðə ˈhɛdʒhɒg ɪz smɔːl/,de jejog is smol.,El erizo es pequeño.
The hare runs in the field.,/ðə heə rʌnz ɪn ðə fiːld/,de jar runs in de field.,La liebre corre en el campo.
The rabbit jumps high.,/ðə ˈræbɪt dʒʌmps haɪ/,de rabbit yamps jai.,El conejo salta alto.
The badger lives in a hole.,/ðə ˈbædʒə lɪvz ɪn ə həʊl/,de bayer libs in a joul.,El tejón vive en un agujero.
The raccoon washes its hands.,/ðə rəˈkuːn wɒʃɪz ɪts hændz/,de racun uoshis its jands.,El mapache se lava las manos.
My hamster eats seeds.,/maɪ ˈhæmstə iːts siːdz/,mai jamster its sids.,Mi hámster come semillas.
The marmot lives on the mountain.,/ðə ˈmɑːmɒt lɪvz ɒn ðə ˈmaʊntɪn/,de marmot livs on de mauntin.,La marmota vive en la montaña.
The mole digs the ground.,/ðə məʊl dɪɡz ðə ɡraʊnd/,de moul digs de graund.,El topo cava el suelo.
The mouse eats cheese.,/ðə maʊs iːts tʃiːz/,de maus its chis.,El ratón come queso.
The rat is in the street.,/ðə ræt ɪz ɪn ðə striːt/,de rat is in de strit.,La rata está en la calle.
The bat flies at night.,/ðə bæt flaɪz æt naɪt/,de bat flais at nait.,El murciélago vuela de noche.
The ermine has white fur.,/ðə ˈɜːrmɪn hæz waɪt fɜːr/,de ermin jaz wait fer.,El armiño tiene pelaje blanco.
The sable is black.,/ðə ˈseɪbəl ɪz blæk/,de seibl is black.,La cibelra es negra.
The marten climbs the tree.,/ðə ˈmɑːrtən klaɪmz ðə triː/,de marten claims de tri.,La marta trepa el árbol.
The weasel runs fast.,/ðə ˈwiːzəl rænz fæst/,de wisol runs fast.,La comadreja corre rápido.
The mink lives near water.,/ðə mɪŋk lɪvz nɪər ˈwɔːtər/,de mink lives nier uater.,El visón vive cerca del agua.
The beaver builds a dam.,/ðə ˈbiːvər bɪldz ə dæm/,de biver bilds a dam.,El castor construye una presa.
The otter swims in the river.,/ðə ˈɑːtər swɪmz ɪn ðə ˈrɪvər/,de oter swims in de riber.,La nutria nada en el río.
The horse runs fast.,/ðə hɔːrs rænz fæst/,de jors runs fast.,El caballo corre rápido.
The moose is very big.,/ðə muːs ɪz ˈvɛri bɪg/,de mus is beri big.,El alce es muy grande.
The moose isn't very big.,/ðə muːs ˈɪzənt ˈvɛri bɪg/,de mus isent beri big.,El alce no es muy grande.
Is the moose very big?,/ɪz ðə muːs ˈvɛri bɪg/,is de mus beri big?,¿Es muy grande el alce?
How big is the moose?,/haʊ bɪɡ ɪz ðə muːs/,jau big is de mus?,¿Qué tan grande es el alce?
The moose was very big.,/ðə muːs wɒz ˈvɛri bɪg/,de mus woz beri big.,El alce era muy grande.
I see a deer.,/aɪ siː ə dɪr/,ai si a dir.,Veo un ciervo.
The camel has a hump.,/ðə ˈkæməl hæz ə hʌmp/,de camel jas a jump.,El camello tiene una joroba.
The bison eats grass.,/ðə ˈbaɪsən iːts ɡræs/,de baison its gras.,El bisonte come hierba.
The aurochs is an old animal.,/ðə ˈɔːrɑːks ɪz æn oʊld ˈænɪməl/,de aurocs is an old animal.,El uro es un animal antiguo.
The buffalo walks slowly.,/ðə ˈbʌfəloʊ wɔːks ˈsloʊli/,de bufalo uoks slouli.,El búfalo camina despacio.
The zebra has stripes.,/ðə ˈziːbrə hæz straɪps/,de seibra jais straips.,La cebra tiene rayas.
The antelope jumps high.,/ðə ˈæntɪloʊp dʒʌmps haɪ/,de antilop yumps jai.,El antílope salta alto.
The roe deer is small.,/ðə roʊ dɪr ɪz smɔːl/,de ro dir is smol.,El corzo es pequeño.
The fallow deer eats leaves.,/ðə ˈfæloʊ dɪr iːts liːvz/,de falo dir its livs.,El gamo come hojas.
The chamois lives on the mountain.,/ðə ˈʃæmə lɪvz ɒn ðə ˈmaʊntən/,de shemis lives on de maunten.,El rebeco vive en la montaña.
The wild boar is in the forest.,/ðə waɪld bɔːr ɪz ɪn ðə ˈfɔːrəst/,de uaild bor is in de forest.,El jabalí está en el bosque.
The whale swims in the sea.,/ðə weɪl swɪmz ɪn ðə siː/,de ueil swims in de si.,La ballena nada en el mar.
The seal lies on the rock.,/ðə siːl laɪz ɒn ðə rɑːk/,de sil lais on de rak.,La foca yace sobre la roca.
The walrus has big teeth.,/ðə ˈwɔːlrəs hæz bɪg tiːθ/,de ualrus jas big tid.,La morsa tiene dientes grandes.
The walrus doesn't have big teeth.,/ðə ˈwɔːlrəs ˈdʌznt hæv bɪɡ tiːθ/,de ualrus daznt jav big tid.,La morsa no tiene dientes grandes.
Does the walrus have big teeth?,/dʌz ðə ˈwɔːlrəs hæv bɪɡ tiːθ/,daz de ualrus jav big tid?,¿La morsa tiene dientes grandes?
Which animal has big teeth?,/wɪtʃ ˈænɪməl hæz bɪɡ tiːθ/,guich animal jas big tid?,¿Qué animal tiene dientes grandes?
The walrus had big teeth.,/ðə ˈwɔːlrəs hæd bɪɡ tiːθ/,de ualrus jad big tid.,La morsa tenía dientes grandes.
The fur seal has soft fur.,/ðə fɜːr siːl hæz sɔːft fɜːr/,de fer sil jas soft fer.,El oso de mar tiene piel suave.
The dolphin jumps in the water.,/ðə ˈdɒlfɪn dʒʌmps ɪn ðə ˈwɔːtə/,de dolphin yamps in de uoter.,El delfín salta en el agua.
The bear eats honey.,/ðə beər iːts ˈhʌni/,de ber its jani.,El oso come miel.
The polar bear lives in the cold.,/ðə ˈpəʊlə beə lɪvs ɪn ðə kəʊld/,de polar ber livs in de cold.,El oso polar vive en el frío.
The panda eats bamboo.,/ðə ˈpændə iːts bæmˈbuː/,de panda its bambu.,El panda come bambú.
The monkey climbs the tree.,/ðə ˈmʌŋki klaɪmz ðə triː/,de monki clains de tri.,El mono sube al árbol.
The chimpanzee sits on the grass.,/ðə ˌtʃɪmpænˈziː sɪts ɒn ðə ɡrɑːs/,de chimpanzi sits on de gras.,El chimpancé se sienta en el pasto.
The orangutan has long arms.,/ðə ɔːˈræŋʊtæn hæz lɒŋ ɑːmz/,de orangutan has lorm arms.,El orangután tiene brazos largos.
The gorilla walks on the ground.,/ðə ɡəˈrɪlə wɔːks ɒn ðə ɡraʊnd/,de gorilla uorks on de graund.,El gorila camina por el suelo.
The macaque finds some food.,/ðə məˈkæk faɪndz sʌm fuːd/,de macaque fainds sum fud.,El macaco encuentra algo de comida.
The gibbon swings in the tree.,/ðə ˈɡɪbən swɪŋz ɪn ðə triː/,de gibbon swings in de tri.,El gibón se balancea en el árbol.
The elephant has big ears.,/ðə ˈɛlɪfənt hæz bɪg ɪəz/,de elefant has big irs.,El elefante tiene orejas grandes.
The elephant doesn't have big ears.,/ðə ˈɛlɪfənt ˈdʌznt hæv bɪɡ ɪəz/,de elefant dasent jav big irs.,El elefante no tiene orejas grandes.
Does the elephant have big ears?,/dʌz ðə ˈɛlɪfənt hæv bɪɡ ɪəz/,das de elefant jav big irs?,¿El elefante tiene orejas grandes?
Which animal has big ears?,/wɪtʃ ˈænɪməl hæz bɪɡ ɪəz/,guich animal jas big irs?,¿Qué animal tiene orejas grandes?
The elephant had big ears.,/ðə ˈɛlɪfənt hæd bɪɡ ɪəz/,de elefant jad big irs.,El elefante tenía orejas grandes.
The rhinoceros has a horn.,/ðə raɪˈnɒsərəs hæz ə hɔːn/,de rhinoceros has a jorn.,El rinoceronte tiene un cuerno.
The giraffe eats leaves from trees.,/ðə dʒəˈrɑːf iːts liːvz frɒm triːz/,de girafe its livs from tris.,La jirafa come hojas de los árboles.
The hippopotamus likes the river.,/ðə ˌhɪpəˈpɒtəməs laɪks ðə ˈrɪvə/,de hippopotamus laiks de river.,El hipopótamo le gusta el río.
The kangaroo jumps high.,/ðə ˌkæŋɡəˈruː dʒʌmps haɪ/,de kangaroo yamps jai.,El canguro salta alto.
The koala sleeps on the tree.,/ðə kəʊˈɑːlə sliːps ɒn ðə triː/,de koala slips on de tri.,El koala duerme en el árbol.
The mongoose runs on the ground.,/ðə ˈmɒŋɡuːs rʌnz ɒn ðə ɡraʊnd/,de mongoose rans on de graund.,La mangosta corre por el suelo.
The chinchilla has soft fur.,/ðə tʃɪnˈtʃɪlə hæz sɒft fɜː/,de chinchilla has soft fer.,La chinchilla tiene piel suave.
The skunk is black and white.,/ðə skʌŋk ɪz blæk ænd waɪt/,de skunk is black and uait.,El mofeta es blanco y negro.
The porcupine has many spikes.,/ðə ˈpɔːkjʊpaɪn hæz ˈmeni spaɪks/,de porcupine has mani spaiks.,El puercoespín tiene muchas púas.
The cat sleeps on the bed.,/ðə kæt sliːps ɒn ðə bɛd/,de kat slips on de bed.,El gato duerme en la cama.
The tomcat is outside.,/ðə ˈtɒmkæt ɪz ˌaʊtˈsaɪd/,de tomcat is autsaid.,El gato está afuera.
The dog plays with the ball.,/ðə dɒɡ pleɪz wɪð ðə bɔːl/,de dog plays wid de bol.,El perro juega con la pelota.
The horse runs very fast.,/ðə hɔːs rʌnz ˈvɛri fɑːst/,de horse rans very fast.,El caballo corre muy rápido.
The stallion is strong.,/ðə ˈstæliən ɪz strɒŋ/,de stallion is stron.,El semental es fuerte.
The mare is in the field.,/ðə meər ɪz ɪn ðə fiːld/,de mea is in de field.,La yegua está en el campo.
The cow eats grass.,/ðə kaʊ iːts ɡrɑːs/,de kau its gras.,La vaca come hierba.
The bull is big.,/ðə bʊl ɪz bɪɡ/,de bul is big.,El toro es grande.
The bull isn't big.,/ðə bʊl ˈɪzənt bɪɡ/,de bul isent big.,El toro no es grande.
Is the bull big?,/ɪz ðə bʊl bɪɡ/,is de bul big?,¿El toro es grande?
Who owns the big bull?,/huː əʊnz ðə bɪɡ bʊl/,ju ouns de big bul?,¿Quién es el dueño del toro grande?
The bull was big.,/ðə bʊl wɒz bɪɡ/,de bul woz big.,El toro era grande.
The ox pulls the cart.,/ðə ɒks pʊlz ðə kɑːt/,de oks puls de cart.,El buey tira del carro.
I see a white sheep.,/aɪ siː ə waɪt ʃiːp/,ai si a wait shiip.,Veo una oveja blanca.
The ram has horns.,/ðə ræm hæz hɔːnz/,de ram jaz jorns.,El carnero tiene cuernos.
The goat is on the hill.,/ðə ɡəʊt ɪz ɒn ðə hɪl/,de gout is on de jil.,La cabra está en la colina.
The billy goat is loud.,/ðə ˈbɪli ɡəʊt ɪz laʊd/,de bili gout is laud.,El cabrón es ruidoso.
The donkey is gray.,/ðə ˈdɒŋki ɪz ɡreɪ/,de donki is grei.,El burro es gris.
The mule carries bags.,/ðə mjuːl ˈkæriz bæɡz/,de miul kares bags.,La mula carga bolsas.
The pig is dirty.,/ðə pɪɡ ɪz ˈdɜːti/,de pig is derti.,El cerdo está sucio.
The piglet is small.,/ðə ˈpɪɡlɪt ɪz smɔːl/,de piglit is smol.,El lechón es pequeño.
The rabbit hops fast.,/ðə ˈræbɪt hɒps fɑːst/,de rabit jops fast.,El conejo salta rápido.
The hen lays an egg.,/ðə hen leɪz æn eɡ/,de hen leis an eg.,La gallina pone un huevo.
The rooster wakes up early.,/ðə ˈruːstə weɪks ʌp ˈɜːli/,de ruster ueiks ap erli.,El gallo se despierta temprano.
The duck swims in the water.,/ðə dʌk swɪmz ɪn ðə ˈwɔːtə/,de dak swims in de uater.,El pato nada en el agua.
The drake is green.,/ðə dreɪk ɪz ɡriːn/,de dreik is grin.,El pato macho es verde.
The goose is white.,/ðə ɡuːs ɪz waɪt/,de gus is wait.,El ganso es blanco.
The tom turkey is big.,/ðə tɒm ˈtɜːki ɪz bɪɡ/,de tom terki is big.,El pavo macho es grande.
The turkey hen eats corn.,/ðə ˈtɜːki hen iːts kɔːn/,de terki hen its corn.,La pava hembra come maíz.
We like domestic animals.,/wiː laɪk dəˈmɛstɪk ˈænɪməlz/,ui laik damestik animals.,Nos gustan los animales domésticos.
The dog is very tame.,/ðə dɒɡ ɪz ˈveri teɪm/,de dog is veri teim.,El perro es muy manso.
It is hard to tame a wolf.,/ɪt ɪz hɑːd tuː teɪm ə wʊlf/,it is jard tu teim a uolf.,Es difícil domar a un lobo.
They breed sheep for wool.,/ðeɪ briːd ʃiːp fɔː wʊl/,de brijd shiip for ul.,Crían ovejas por lana.
My uncle has a farm.,/maɪ ˈʌŋkəl hæz ə fɑːm/,mai ankl jaz a farm.,Mi tío tiene una granja.
We eat poultry for dinner.,/wi iːt ˌpoʊltri fɔr ˈdɪnər/,ui iit poltri for diner.,Comemos aves de corral para cenar.
The cattle are in the field.,/ðə ˈkætl ɑr ɪn ðə fild/,de catl ar in de field.,El ganado está en el campo.
I see a herd of cows.,/aɪ si ə hɜrd ʌv kaʊz/,ai si e jerd of kaus.,Veo una manada de vacas.
The horse is in the stable.,/ðə hɔrs ɪz ɪn ðə ˈsteɪbəl/,de jors is in de steibol.,El caballo está en el establo.
The pig is in the pigsty.,/ðə pɪg ɪz ɪn ðə ˈpɪgstaɪ/,de pig is in de pigstai.,El cerdo está en la pocilga.
The cows sleep in the cowshed.,/ðə kaʊz slip ɪn ðə ˈkaʊʃɛd/,de kaus slip in de kaushed.,Las vacas duermen en el establo.
The rabbit lives in a hutch.,/ðə ˈræbɪt lɪvz ɪn ə hʌtʃ/,de rabbit livs in e jach.,El conejo vive en una conejera.
The hen is in the house.,/ðə hɛn ɪz ɪn ðə haʊs/,de jen is in de jaus.,La gallina está en la caseta.
The dog plays with the ball.,/ðə dɔg pleɪz wɪð ðə bɔl/,de dog pleis wid de bol.,El perro juega con la pelota.
The sheepdog runs very fast.,/ðə ˈʃipdɔg rʌnz ˈvɛri fæst/,de shiipdog ranz beri fast.,El perro pastor corre muy rápido.
He has a German shepherd.,/hi hæz ə ˈdʒɜrmən ˈʃɛpərd/,ji jas e yerman sheperd.,Él tiene un pastor alemán.
The poodle is very cute.,/ðə ˈpuːdl ɪz ˈvɛri kjut/,de pudl is beri kiut.,El caniche es muy lindo.
I like my dachshund.,/aɪ laɪk maɪ ˈdæksˌhʊnd/,ai laik mai dajshund.,Me gusta mi perro salchicha.
I don't like my dachshund.,/aɪ dəʊnt laɪk maɪ ˈdæksˌhʊnd/,ai dount laik mai dajshund.,No me gusta mi perro salchicha.
Do you like your dachshund?,/duː juː laɪk jɔːr ˈdæksˌhʊnd/,du iu laik ior dajshund?,¿Te gusta tu perro salchicha?
Where did you get your dachshund?,/wɛər dɪd juː gɛt jɔːr ˈdæksˌhʊnd/,guer did iu guet ior dajshund?,¿Dónde conseguiste tu perro salchicha?
I liked my dachshund.,/aɪ laɪkt maɪ ˈdæksˌhʊnd/,ai laikt mai dajshund.,Me gustó mi perro salchicha.
The bulldog is strong.,/ðə ˈbʊldɔg ɪz strɔŋ/,de buldog is strong.,El bulldog es fuerte.
The boxer likes to play.,/ðə ˈbɑksər laɪks tu pleɪ/,de boxer laiks tu plei.,El boxer le gusta jugar.
That mastiff is big.,/ðæt ˈmæstɪf ɪz bɪg/,dat mastif is big.,Ese mastín es grande.
That mastiff isn't big.,/ðæt ˈmæstɪf ˈɪzənt bɪɡ/,dat mastif isent big.,Ese mastín no es grande.
Is that mastiff big?,/ɪz ðæt ˈmæstɪf bɪɡ/,is dat mastif big?,¿Ese mastín es grande?
Whose big mastiff is that?,/huːz bɪɡ ˈmæstɪf ɪz ðæt/,jus big mastif is dat?,¿De quién es ese mastín grande?
That mastiff was big.,/ðæt ˈmæstɪf wɒz bɪɡ/,dat mastif woz big.,Ese mastín era grande.
She has a rottweiler.,/ʃi hæz ə ˈrɑtˌwaɪlər/,shi jas e rotvailer.,Ella tiene un rottweiler.
She doesn't have a rottweiler.,/ʃi ˈdʌznt hæv ə ˈrɑtˌwaɪlər/,shi daznt jav e rotvailer.,Ella no tiene un rottweiler.
Does she have a rottweiler?,/dʌz ʃi hæv ə ˈrɑtˌwaɪlər/,daz shi jav e rotvailer?,¿Ella tiene un rottweiler?
Whose rottweiler is this?,/huːz ˈrɑtˌwaɪlər ɪz ðɪs/,jus rotvailer is dis?,¿De quién es este rottweiler?
She had a rottweiler.,/ʃi hæd ə ˈrɑtˌwaɪlər/,shi jad e rotvailer.,Ella tenía un rottweiler.
The doberman is a guard dog.,/ðə ˈdoʊbərmən ɪz ə gɑrd dɔg/,de doberman is e gard dog.,El doberman es un perro guardián.
The basset has long ears.,/ðə ˈbæsɪt hæz lɔŋ ɪrz/,de basset jas long irs.,El basset tiene orejas largas.
The bobtail is happy.,/ðə ˈbɑbˌteɪl ɪz ˈhæpi/,de babolteil is japi.,El bobtail está contento.
The dalmatian runs.,/ðə dælˈmeɪʃən rʌnz/,de dalmeishan ranz.,El dálmata corre.
The cocker spaniel is nice.,/ðə ˈkɑkər ˈspænjəl ɪz naɪs/,de coker spaniel is nais.,El cocker spaniel es simpático.
The newfoundland likes water.,/ðə ˈnuːfəndˌlænd laɪks ˈwɔtər/,de nufundland laiks uater.,El newfoundland le gusta el agua.
The saint bernard sleeps.,/ðə seɪnt bərˈnɑrd slips/,de seint bernard slips.,El san bernardo duerme.
The husky pulls the sled.,/ðə ˈhʌski pʊlz ðə slɛd/,de jaski puls de sled.,El husky tira el trineo.
The Chow Chow is a big dog.,/ðə tʃaʊ tʃaʊ ɪz ə bɪɡ dɒɡ/,de chao chao is a big dog.,El Chow Chow es un perro grande.
I like that white Spitz.,/aɪ laɪk ðæt waɪt spɪts/,ai laik dat wait spits.,Me gusta ese Spitz blanco.
My Pug is very cute.,/maɪ pʌɡ ɪz ˈvɛri kjuːt/,mai pag is beri kiut.,Mi Pug es muy lindo.
The barking is loud.,/ðə ˈbɑːkɪŋ ɪz laʊd/,de barking is laud.,El ladrido es ruidoso.
Dogs bark at the cat.,/dɒɡz bɑːk æt ðə kæt/,dogs bark at de kat.,Los perros ladran al gato.
The cat can meow.,/ðə kæt kæn miːˈaʊ/,de kat kan miau.,El gato puede maullar.
The cat likes to purr.,/ðə kæt laɪks tuː pɜːr/,de kat laiks tu purr.,Al gato le gusta ronronear.
We hear the cow moo.,/wiː hɪər ðə kaʊ muː/,ui jir de kau mu.,Oímos a la vaca mugir.
The bull will bellow.,/ðə bʊl wɪl ˈbɛloʊ/,de bul uil bellow.,El toro bramará.
The dog starts to growl.,/ðə dɒɡ stɑːts tuː ɡraʊl/,de dog starts tu growl.,El perro empieza a gruñir.
I hear a wolf howl.,/aɪ hɪər ə wʊlf haʊl/,ai jir a ulf haul.,Oigo el aullido de un lobo.
Wolves like to howl.,/wʊlvz laɪk tuː haʊl/,wulvs laik tu haul.,A los lobos les gusta aullar.
The baby will whine.,/ðə ˈbeɪbi wɪl waɪn/,de beibi uil uain.,El bebé va a llorar.
The sheep can bleat.,/ðə ʃiːp kæn bliːt/,de ship kan blet.,La oveja puede balar.
The pig likes to oink.,/ðə pɪɡ laɪks tuː ɔɪŋk/,de pig laiks tu oink.,Al cerdo le gusta oink.
The pig starts to squeal.,/ðə pɪɡ stɑːts tuː skwiːl/,de pig starts tu squil.,El cerdo empieza a chillar.
I hear a frog croak.,/aɪ hɪər ə frɒɡ kroʊk/,ai jir a frog croak.,Oigo a una rana croar.
The bee likes to buzz.,/ðə biː laɪks tuː bʌz/,de bi laiks tu baz.,A la abeja le gusta zumbar.
The bug will stridulate.,/ðə bʌɡ wɪl ˈstrɪdjʊleɪt/,de bag uil stridulate.,El insecto va a chirriar.
The mother bear has a cub.,/ðə ˈmʌðər beər hæz ə kʌb/,de moder ber jas a cab.,La madre oso tiene un cachorro.
I see a small kitten.,/aɪ siː ə smɔːl ˈkɪtn̩/,ai si a small kitn.,Veo un gatito pequeño.
The baby mouse is pink.,/ðə ˈbeɪbi maʊs ɪz pɪŋk/,de beibi maus is pink.,El ratón bebé es rosa.
The puppy plays with me.,/ðə ˈpʌpi pleɪz wɪð miː/,de papi plays wid mi.,El cachorro juega conmigo.
A leveret runs fast.,/ə ˈlɛvərɪt rʌnz fæst/,a leveret runs fast.,Una liebre joven corre rápido.
The baby rabbit eats grass.,/ðə ˈbeɪbi ˈræbɪt iːts ɡræs/,de beibi rabit its gras.,El conejito bebé come hierba.
The wolf cub is small.,/ðə wʊlf kʌb ɪz smɔːl/,de wolf cab is esmol.,El lobato es pequeño.
I see a fox cub.,/aɪ siː ə fɒks kʌb/,ai si a fox cab.,Veo un cachorro de zorro.
The bear cub plays.,/ðə beə kʌb pleɪz/,de ber cab pleis.,El cachorro de oso juega.
The lion cub runs.,/ðə ˈlaɪən kʌb rʌnz/,de laion cab rans.,El cachorro de león corre.
A tiger cub sleeps.,/ə ˈtaɪɡə kʌb sliːps/,a taiger cab slips.,Un cachorro de tigre duerme.
The elephant calf eats.,/ðə ˈelɪfənt kɑːf iːts/,de elefant caef its.,La cría de elefante come.
The piglet is pink.,/ðə ˈpɪɡlɪt ɪz pɪŋk/,de piglet is pink.,El lechón es rosa.
The calf is here.,/ðə kɑːf ɪz hɪə/,de caef is jia.,El ternero está aquí.
The kid is happy.,/ðə kɪd ɪz ˈhæpi/,de kid is japi.,El cabrito está feliz.
I like the lamb.,/aɪ laɪk ðə læm/,ai laik de lam.,Me gusta el cordero.
I don't like the lamb.,/aɪ dəʊnt laɪk ðə læm/,ai dount laik de lam.,No me gusta el cordero.
Do you like the lamb?,/duː juː laɪk ðə læm/,du iu laik de lam?,¿Te gusta el cordero?
Why do you like the lamb?,/waɪ duː juː laɪk ðə læm/,uái du yu laik dez lam?,¿Por qué te gusta el cordero?
I liked the lamb.,/aɪ laɪkt ðə læm/,ai laikt de lam.,Me gustó el cordero.
The fawn jumps.,/ðə fɔːn dʒʌmps/,de fon dzamps.,El cervatillo salta.
The young camel sits.,/ðə jʌŋ ˈkæməl sɪts/,de yang camel sits.,El camello joven se sienta.
The baby snake is long.,/ðə ˈbeɪbi sneɪk ɪz lɒŋ/,de beibi sneik is long.,La serpiente bebé es larga.
A baby frog swims.,/ə ˈbeɪbi frɒg swɪmz/,a beibi frog swims.,Una rana bebé nada.
The nestling sings.,/ðə ˈnestlɪŋ sɪŋz/,de nestling sings.,El polluelo canta.
The chick is yellow.,/ðə tʃɪk ɪz ˈjɛləʊ/,de chik is ielou.,El pollito es amarillo.
The duckling is cute.,/ðə ˈdʌklɪŋ ɪz kjuːt/,de dacling is kiut.,El patito es lindo.
The bird flies high.,/ðə bɜːd flaɪz haɪ/,de berd flais jai.,El pájaro vuela alto.
A pigeon sits there.,/ə ˈpɪdʒɪn sɪts ðeə/,a pidzhin sits der.,Una paloma está allí.
The sparrow is small.,/ðə ˈspærəʊ ɪz smɔːl/,de sparrow is esmol.,El gorrión es pequeño.
The tit eats seeds.,/ðə tɪt iːts siːdz/,de tit its sids.,El herrerillo come semillas.
I see a magpie.,/aɪ siː ə ˈmæɡpaɪ/,ai si a magpai.,Veo una urraca.
The raven is big.,/ðə ˈreɪvən ɪz bɪɡ/,de reiven is big.,El cuervo es grande.
The crow calls loudly.,/ðə krəʊ kɔːlz ˈlaʊdli/,de crow cols laudli.,El cuervo grita fuerte.
The jackdaw flies away.,/ðə ˈdʒækdɔː flaɪz əˈweɪ/,de yacdaw flaps awei.,La chova se vuela.
The rook sits in the tree.,/ðə rʊk sɪts ɪn ðə triː/,de ruk sits in de tri.,La graja se sienta en el árbol.
I see a white duck.,/aɪ siː ə waɪt dʌk/,ai si a wait dak.,Veo un pato blanco.
The goose is on the grass.,/ðə ɡuːs ɪz ɒn ðə ɡrɑːs/,de gus is on de gras.,El ganso está en el césped.
Look at that pheasant.,/lʊk æt ðæt ˈfɛzənt/,luk at dat fezant.,Mira ese faisán.
The eagle flies high.,/ðə ˈiːɡəl flaɪz haɪ/,de igl flies jai.,El águila vuela alto.
I like the hawk.,/aɪ laɪk ðə hɔːk/,ai laik de jok.,Me gusta el gavilán.
I don't like the hawk.,/aɪ dəʊnt laɪk ðə hɔːk/,ai dount laik de jok.,No me gusta el gavilán.
Do you like the hawk?,/duː juː laɪk ðə hɔːk/,du iu laik de jok?,¿Te gusta el gavilán?
What do you like about the hawk?,/wɒt duː juː laɪk əˈbaʊt ðə hɔːk/,guot du iu laik abaut de jok?,¿Qué te gusta del gavilán?
I liked the hawk.,/aɪ laɪkt ðə hɔːk/,ai laikt de jok.,Me gustó el gavilán.
The falcon is fast.,/ðə ˈfælkən ɪz fɑːst/,de falkon is fast.,El halcón es rápido.
The vulture eats meat.,/ðə ˈvʌltʃər iːts miːt/,de vulchor its mit.,El buitre come carne.
We see a condor.,/wiː siː ə ˈkɒndɔː/,wi si a kondor.,Vemos un cóndor.
The swan swims well.,/ðə swɒn swɪmz wɛl/,de swan swims uel.,El cisne nada bien.
The crane stands up.,/ðə kreɪn stænds ʌp/,de krein stands ap.,La grulla se pone de pie.
A stork is big.,/ə stɔːk ɪz bɪɡ/,a storc is big.,Una cigüeña es grande.
The parrot can talk.,/ðə ˈpærət kæn tɔːk/,de parrot can tok.,El loro puede hablar.
The hummingbird is small.,/ðə ˈhʌmɪŋbɜːd ɪz smɔːl/,de jamingbord is smol.,El colibrí es pequeño.
The peacock is pretty.,/ðə ˈpiːkɒk ɪz ˈprɪti/,de picok is priti.,El pavo real es bonito.
The ostrich runs fast.,/ðə ˈɒstrɪtʃ rʌnz fɑːst/,de ostrich runs fast.,El avestruz corre rápido.
The heron is by the water.,/ðə ˈhɛrən ɪz baɪ ðə ˈwɔːtə/,de jeron is bai de uater.,La garza está junto al agua.
I see a pink flamingo.,/aɪ siː ə pɪŋk fləˈmɪŋɡəʊ/,ai si a pink flamingo.,Veo un flamenco rosa.
The pelican has a big beak.,/ðə ˈpɛlɪkən hæz ə bɪɡ biːk/,de pelican jas a big bik.,El pelícano tiene un pico grande.
The pelican doesn't have a big beak.,/ðə ˈpɛlɪkən ˈdʌznt hæv ə bɪɡ biːk/,de pelican dasent jav a big bik.,El pelícano no tiene un pico grande.
Does the pelican have a big beak?,/dʌz ðə ˈpɛlɪkən hæv ə bɪɡ biːk/,das de pelican jav a big bik?,¿El pelícano tiene un pico grande?
How big is the pelican's beak?,/haʊ bɪɡ ɪz ðə ˈpɛlɪkənz biːk/,jao big is de pelicans bik?,¿Qué tan grande es el pico del pelícano?
The pelican had a big beak.,/ðə ˈpɛlɪkən hæd ə bɪɡ biːk/,de pelican jad a big bik.,El pelícano tenía un pico grande.
The nightingale sings well.,/ðə ˈnaɪtɪŋɡeɪl sɪŋz wɛl/,de naitingeil sings uel.,El ruiseñor canta bien.
The swallow is here.,/ðə ˈswɒləʊ ɪz hɪə/,de swalo is jier.,La golondrina está aquí.
The thrush is in the garden.,/ðə θrʌʃ ɪz ɪn ðə ˈɡɑːdən/,de zrush is in de garden.,El tordo está en el jardín.
I like the song thrush.,/aɪ laɪk ðə sɒŋ θrʌʃ/,ai laik de song zrush.,Me gusta el zorzal común.
The blackbird eats a berry.,/ðə ˈblækbɜːd iːts ə ˈbɛri/,de blackbord its a beri.,El mirlo come una baya.
The swift flies fast.,/ðə swɪft flaɪz fɑːst/,de swift flies fast.,El vencejo vuela rápido.
The lark flies in the sky.,/ðə lɑːk flaɪz ɪn ðə skaɪ/,de lauk flais in de skai.,La alondra vuela en el cielo.
I see a quail on the hill.,/aɪ siː ə kweɪl ɒn ðə hɪl/,ai si a kueil on de jil.,Veo una codorniz en la colina.
The woodpecker is on the tree.,/ðə ˈwʊdpɛkər ɪz ɒn ðə triː/,de udpeker is on de tri.,El pájaro carpintero está en el árbol.
The cuckoo sings a song.,/ðə ˈkuːkuː sɪŋz ə sɒŋ/,de kuku sings a song.,El cuco canta una canción.
The owl sleeps in the day.,/ðə aʊl sliːps ɪn ðə deɪ/,de ausl slips in de dei.,El búho duerme de día.
The eagle owl is big.,/ðə ˈiːɡəl aʊl ɪz bɪɡ/,de igl ausl is big.,El búho real es grande.
The wood grouse runs fast.,/ðə wʊd ɡraʊs rʌnz fɑːst/,de ud graus runs fast.,El urogallo corre rápido.
The black grouse is black.,/ðə blæk ɡraʊs ɪz blæk/,de blak graus is blak.,El urogallo negro es negro.
A partridge is on the ground.,/ə ˈpɑːtrɪdʒ ɪz ɒn ðə ɡraʊnd/,a patrishop is on de graund.,Una perdiz está en el suelo.
The starling eats a bug.,/ðə ˈstɑːlɪŋ iːts ə bʌɡ/,de starlin its a bag.,El estornino come un insecto.
The canary is very yellow.,/ðə kəˈneəri ɪz ˈvɛri ˈjɛləʊ/,de kaneri is beri yelou.,El canario es muy amarillo.
The hazel grouse likes trees.,/ðə ˈheɪzəl ɡraʊs laɪks triːz/,de heisel graus laiks tris.,El urogallo avellanero le gusta los árboles.
The chaffinch is a small bird.,/ðə ˈtʃæfɪntʃ ɪz ə smɔːl bɜːd/,de chafinch is a smol bord.,El pinzón vulgar es un pájaro pequeño.
The bullfinch has a red face.,/ðə ˈbʊlfɪntʃ hæz ə rɛd feɪs/,de bulfinch jas a red feis.,El camachuelo tiene la cara roja.
The seagull flies over water.,/ðə ˈsiːɡʌl flaɪz ˈəʊvər ˈwɔːtər/,de sigal flais over uoter.,La gaviota vuela sobre el agua.
The albatross has big wings.,/ðə ˈælbətrɒs hæz bɪɡ wɪŋz/,de albatros jas big uings.,El albatros tiene alas grandes.
The albatross doesn't have big wings.,/ðə ˈælbətrɒs ˈdʌznt hæv bɪɡ wɪŋz/,de albatros dasent jav big uings.,El albatros no tiene alas grandes.
Does the albatross have big wings?,/dʌz ðə ˈælbətrɒs hæv bɪɡ wɪŋz/,das de albatros jav big uings?,¿El albatros tiene alas grandes?
Why does the albatross have big wings?,/waɪ dʌz ðə ˈælbətrɒs hæv bɪɡ wɪŋz/,guai das de albatros jav big uings?,¿Por qué el albatros tiene alas grandes?
The albatross had big wings.,/ðə ˈælbətrɒs hæd bɪɡ wɪŋz/,de albatros jad big uings.,El albatros tenía alas grandes.
The penguin cannot fly.,/ðə ˈpɛŋɡwɪn ˈkænɒt flaɪ/,de penguin cannot flai.,El pingüino no puede volar.
The bird likes to sing.,/ðə bɜːd laɪks tuː sɪŋ/,de bord laiks tu sing.,Al pájaro le gusta cantar.
The dog will call at night.,/ðə dɒg wɪl kɔːl æt naɪt/,de dog uil col at nait.,El perro ladrará por la noche.
The rooster will crow now.,/ðə ˈruːstər wɪl krəʊ naʊ/,de ruster uil cro nau.,El gallo cantará ahora.
The rooster says cock-a-doodle-doo.,/ðə ˈruːstər seɪz ˌkɒkəˌduːdəlˈduː/,de ruster seis cocoa-dudel-du.,El gallo dice kikirikí.
The hen will cluck often.,/ðə hɛn wɪl klʌk ˈɒfən/,de jen uil clac ofen.,La gallina cloqueará a menudo.
The crow will caw loud.,/ðə krəʊ wɪl kɔː laʊd/,de cro uil ca laud.,El cuervo graznará fuerte.
The duck likes to quack.,/ðə dʌk laɪks tuː kwæk/,de dak laiks tu cuak.,Al pato le graznar.
The small bird will cheep.,/ðə smɔːl bɜːd wɪl tʃiːp/,de smol bord uil chip.,El pájaro pequeño pitará.
The bird starts to chirp.,/ðə bɜːd stɑːrts tuː tʃɜːrp/,de berd starts tu chirp.,El pájaro empieza a piar.
I see a big bream.,/aɪ siː ə bɪɡ briːm/,ai si a big brim.,Veo una brema grande.
I don't see a big bream.,/aɪ dəʊnt siː ə bɪɡ briːm/,ai dont si a big brim.,No veo una brema grande.
Do you see a big bream?,/duː juː siː ə bɪɡ briːm/,du iu si a big brim?,¿Ves una brema grande?
How big is the bream you see?,/haʊ bɪɡ ɪz ðə briːm juː siː/,jau big is de brim iu si?,¿Qué tan grande es la brema que ves?
I saw a big bream.,/aɪ sɔː ə bɪɡ briːm/,ai so a big brim.,Vi una brema grande.
The carp swims fast.,/ðə kɑːrp swɪms fæst/,de carp swims fast.,La carpa nada rápido.
He catches a perch.,/hiː kæʃɪz ə pɜːrtʃ/,ji caches a perch.,Él atrapa una perca.
The catfish is in the water.,/ðə kætfɪʃ ɪz ɪn ðə wɔːtər/,de catfish is in de water.,El bagre está en el agua.
A pike has many teeth.,/ə paɪk hæz ˈmɛni tiːθ/,a paik jas meni tiis.,Un lucio tiene muchos dientes.
We eat salmon for dinner.,/wiː iːt ˈsæmən fɔːr ˈdɪnər/,ui iit salmon for diner.,Comemos salmón para cenar.
The sturgeon is very old.,/ðə ˈstɜːrdʒən ɪz ˈvɛri oʊld/,de sturgeon is very old.,El esturión es muy viejo.
She likes to eat herring.,/ʃiː laɪks tuː iːt ˈhɛrɪŋ/,shi laiks tu iit jering.,A ella le gusta arenque.
This is an Atlantic Salmon.,/ðɪs ɪz æn ətˈlæntɪk ˈsæmən/,dis is an at-lantic salmon.,Este es un Salmón del Atlántico.
That mackerel looks fresh.,/ðæt ˈmækərəl lʊks frɛʃ/,dat mackerel luks fresh.,Ese caballa se ve fresco.
The flatfish is on the sand.,/ðə ˈflætfɪʃ ɪz ɒn ðə sænd/,de flatfish is on de sand.,El pez plano está en la arena.
He catches a Zander.,/hiː kæʃɪz ə ˈzændər/,ji caches a zander.,Él atrapa un lucio-perca.
I like to eat cod.,/aɪ laɪk tuː iːt kɒd/,ai laik tu iit cod.,Me gusta comer bacalao.
The tuna is in the sea.,/ðə ˈtuːnə ɪz ɪn ðə siː/,de tuna is in de si.,El atún está en el mar.
We fish for trout.,/wiː fɪʃ fɔːr traʊt/,ui fish for traut.,Pescamos truchas.
The eel swims away.,/ðə iːl swɪms əˈweɪ/,de iil swims auei.,La anguila nada lejos.
Do not touch the Electric Ray.,/duː nɒt tʌtʃ ðɪ ɪˈlɛktrɪk reɪ/,du not tach de electric rei.,No toques la raya eléctrica.
The Moray Eel is scary.,/ðə ˈmɔːreɪ iːl ɪz ˈskɛri/,de morei iil is skeri.,La morena es espantosa.
The piranha has sharp teeth.,/ðə pɪˈrɑːnə hæz ʃɑːrp tiːθ/,de pirana jas sharp tiis.,La piraña tiene dientes afilados.
I see a big shark.,/aɪ siː ə bɪɡ ʃɑːrk/,ai si a big shark.,Veo un tiburón grande.
I do not see a big shark.,/aɪ duː nɒt siː ə bɪɡ ʃɑːrk/,ai du not si a big shark.,No veo un tiburón grande.
Do you see a big shark?,/duː juː siː ə bɪɡ ʃɑːrk/,du yu si a big shark?,¿Ves un tiburón grande?
What do you see?,/wɒt du juː siː/,guot du iu si?,¿Qué ves?
I saw a big shark.,/aɪ sɔː ə bɪɡ ʃɑːrk/,ai so a big shark.,Vi un tiburón grande.
The dolphin jumps high.,/ðə ˈdɒlfɪn dʒʌmps haɪ/,de dolfin yamps jai.,El delfín salta alto.
The whale is very big.,/ðə weɪl ɪz ˈvɛri bɪɡ/,de ueil is very big.,La ballena es muy grande.
The whale is not very big.,/ðə weɪl ɪz nɒt ˈvɛri bɪɡ/,de ueil is not beri big.,La ballena no es muy grande.
Is the whale very big?,/ɪz ðə weɪl ˈvɛri bɪɡ/,is de ueil beri big?,¿La ballena es muy grande?
How big is the whale?,/haʊ bɪɡ ɪz ðə weɪl/,jau big is de ueil?,¿Qué tan grande es la ballena?
The whale was very big.,/ðə weɪl wɒz ˈvɛri bɪɡ/,de ueil guoz beri big.,La ballena era muy grande.
The crab walks slowly.,/ðə kræb wɔːks ˈsloʊli/,de crab walks slouli.,El cangrejo camina despacio.
Look at the jellyfish.,/lʊk æt ðə ˈdʒɛlifɪʃ/,luk at de yelifish.,Mira la medusa.
I see an octopus.,/aɪ siː ən ˈɒktəpəs/,ai si an octopus.,Veo un pulpo.
It is a starfish.,/ɪt ɪz ə ˈstɑːfɪʃ/,it is a starfish.,Es una estrella de mar.
The sea urchin is small.,/ðə siː ˈɜːtʃɪn ɪz smɔːl/,de si urchin is smol.,El erizo de mar es pequeño.
Look at the seahorse.,/lʊk æt ðə ˈsiːhɔːs/,luk at de seahorse.,Mira el caballito de mar.
He eats an oyster.,/hiː iːts ən ˈɔɪstə/,ji its an oister.,Él come una ostra.
I like shrimp.,/aɪ laɪk ʃrɪmp/,ai laik shrimp.,Me gusta el camarón.
I don't like shrimp.,/aɪ dəʊnt laɪk ʃrɪmp/,ai dont laik shrimp.,No me gusta el camarón.
Do you like shrimp?,/duː juː laɪk ʃrɪmp/,du iu laik shrimp?,¿Te gusta el camarón?
Why do you like shrimp?,/waɪ duː juː laɪk ʃrɪmp/,uai du iu laik shrimp?,¿Por qué te gusta el camarón?
I liked shrimp.,/aɪ laɪkt ʃrɪmp/,ai laikt shrimp.,Me gustó el camarón.
This is a big lobster.,/ðɪs ɪz ə bɪg ˈlɒbstə/,dis is a big lobster.,Esta es una langosta grande.
This isn't a big lobster.,/ðɪs ˈɪzənt ə bɪg ˈlɒbstə/,dis isent a big lobster.,Esta no es una langosta grande.
Is this a big lobster?,/ɪz ðɪs ə bɪg ˈlɒbstə/,is dis a big lobster?,¿Es esta una langosta grande?
Where is this big lobster?,/weər ɪz ðɪs bɪg ˈlɒbstə/,guer is dis big lobster?,¿Dónde está esta langosta grande?
This was a big lobster.,/ðɪs wɒz ə bɪg ˈlɒbstə/,dis woz a big lobster.,Esta era una langosta grande.
That is a spiny lobster.,/ðæt ɪz ə ˈspaɪni ˈlɒbstə/,dat is a spaini lobster.,Esa es una langosta espinosa.
The snake is long.,/ðə sneɪk ɪz lɒŋ/,de sneik is long.,La serpiente es larga.
It is a venomous snake.,/ɪt ɪz ə ˈvɛnəməs sneɪk/,it is a venomous sneik.,Es una serpiente venenosa.
The viper is dangerous.,/ðə ˈvaɪpə ɪz ˈdeɪndʒərəs/,de vaiper is dangerus.,La víbora es peligrosa.
I see a cobra.,/aɪ siː ə ˈkəʊbrə/,ai si a cobra.,Veo una cobra.
The python is big.,/ðə ˈpaɪθən ɪz bɪg/,de paizon is big.,La pitón es grande.
She has a boa.,/ʃiː hæz ə ˈbəʊə/,shi jas a boa.,Ella tiene una boa.
She does not have a boa.,/ʃiː dʌz nɒt hæv ə ˈbəʊə/,shi das not jav a boa.,Ella no tiene una boa.
Does she have a boa?,/dʌz ʃiː hæv ə ˈbəʊə/,das shi jav a boa?,¿Ella tiene una boa?
Who has a boa?,/huː hæz ə ˈbəʊə/,ju jas a boa?,¿Quién tiene una boa?
She had a boa.,/ʃiː hæd ə ˈbəʊə/,shi jad a boa.,Ella tenía una boa.
It is a grass snake.,/ɪt ɪz ə ɡrɑːs sneɪk/,it is a gras sneik.,Es una culebra.
The rattle snake is here.,/ðə ˈrætəl sneɪk ɪz hɪə/,de ratol sneik is jier.,La serpiente de cascabel está aquí.
The anaconda swims.,/ðə ˌænəˈkɒndə swɪmz/,de anaconda swims.,La anaconda nada.
The lizard is green.,/ðə ˈlɪzəd ɪz ɡriːn/,de lizord is grin.,El lagarto es verde.
An iguana sits there.,/ən ɪˈɡwɑːnə sɪts ðeə/,an iguana sits der.,Una iguana se sienta allí.
The monitor lizard runs.,/ðə ˈmɒnɪtə ˈlɪzəd rʌnz/,de monitor lizord runs.,El varano corre.
A salamander is wet.,/ə ˌsæləˈmændə ɪz wɛt/,a salamander is wet.,Una salamandra está mojada.
The chameleon is red.,/ðə kəˈmiːliən ɪz rɛd/,de camilion is red.,El camaleón es rojo.
The scorpion is black.,/ðə ˈskɔːpiən ɪz blæk/,de scorpion is blak.,El escorpión es negro.
The turtle is slow.,/ðə ˈtɜːtəl ɪz sləʊ/,de turtol is slou.,La tortuga es lenta.
The frog jumps high.,/ðə frɒɡ dʒʌmps haɪ/,de frog jumps jai.,La rana salta alto.
The toad is on the rock.,/ðə təʊd ɪz ɒn ðə rɒk/,de toud is on de rok.,El sapo está en la roca.
The crocodile swims in the water.,/ðə ˈkrɒkədaɪl swɪmz ɪn ðə ˈwɔːtə/,de crocodail suims in de uoter.,El cocodrilo nada en el agua.
The insect is on the leaf.,/ðə ˈɪnsɛkt ɪz ɒn ðə liːf/,de insect is on de lif.,El insecto está en la hoja.
The butterfly is very beautiful.,/ðə ˈbʌtəflaɪ ɪz ˈvɛri ˈbjuːtɪfʊl/,de butterflai is veri biutiful.,La mariposa es muy hermosa.
I see an ant on the ground.,/aɪ siː ən ænt ɒn ðə graʊnd/,ai si an ant on de graund.,Veo una hormiga en el suelo.
A fly is in the room.,/ə flaɪ ɪz ɪn ðə ruːm/,a flai is in de rum.,Hay una mosca en la habitación.
The mosquito bit my arm.,/ðə məsˈkiːtəʊ bɪt maɪ ɑːm/,de mosquito bait mai arm.,El mosquito me picó el brazo.
That is a black beetle.,/ðæt ɪz ə blæk ˈbiːtl/,dat is a black bitl.,Ese es un escarabajo negro.
The wasp is yellow and black.,/ðə wɒsp ɪz ˈjɛləʊ ænd blæk/,de uasp is yello and black.,La avispa es amarilla y negra.
The bee likes the flower.,/ðə biː laɪks ðə ˈflaʊə/,de bi laiks de flauer.,La abeja le gusta la flor.
The bumblebee is big and round.,/ðə ˈbʌmbəlbiː ɪz bɪg ænd raʊnd/,de bumblebi is big and raund.,El abejorro es grande y redondo.
The gadfly bites the horse.,/ðə ˈgædflaɪ baɪts ðə hɔːs/,de gadflait baits de jors.,La tábana pica al caballo.
The spider has eight legs.,/ðə ˈspaɪdə hæz eɪt lɛgz/,de spaider jeits eit legs.,La araña tiene ocho patas.
A spider's web is in the corner.,/ə ˈspaɪdəz wɛb ɪz ɪn ðə ˈkɔːnə/,a spaiders ueb is in de corner.,Hay una tela de araña en la esquina.
The dragonfly flies fast.,/ðə ˈdrægənflaɪ flaɪz fɑːst/,de dragonflai flaits fast.,La libélula vuela rápido.
The grasshopper is in the grass.,/ðə ˈgrɑːshɒpə ɪz ɪn ðə grɑːs/,de grasshoper is in de gras.,El saltamontes está en la hierba.
The moth is near the light.,/ðə mɒθ ɪz nɪə ðə laɪt/,de moz is near de lait.,La polilla está cerca de la luz.
The cockroach runs on the floor.,/ðə ˈkɒkrəʊtʃ rʌnz ɒn ðə flɔː/,de cocroach rans on de flor.,La cucaracha corre por el suelo.
The tick is on the dog.,/ðə tɪk ɪz ɒn ðə dɒg/,de tic is on de dog.,La garrapata está en el perro.
The flea jumps on the cat.,/ðə fliː dʒʌmps ɒn ðə kæt/,de fli yamps on de kat.,La pulga salta sobre el gato.
The midge is very small.,/ðə mɪdʒ ɪz ˈvɛri smɔːl/,de midy is veri small.,El mosquito es muy pequeño.
The locust eats the plant.,/ðə ˈləʊkəst iːts ðə plɑːnt/,de locust its de plant.,La langosta se come la planta.
The snail moves slowly.,/ðə sneɪl muːvz ˈsləʊli/,de sneil muvs sloli.,El caracol se mueve lentamente.
The cricket is in the garden.,/ðə ˈkrɪkɪt ɪz ɪn ðə ˈgɑːdn/,de cricuit is in de garden.,El grillo está en el jardín.
The lightning bug shines in the dark.,/ðə ˈlaɪtnɪŋ bʌg ʃaɪnz ɪn ðə dɑːk/,de laitning bug shains in de dark.,La luciérnaga brilla en la oscuridad.
I see a ladybug on the leaf.,/aɪ siː ə ˈleɪdiːbʌg ɒn ðə liːf/,ai si ei leidibag on de lif.,Veo una mariquita en la hoja.
The cockchafer flies in the sky.,/ðə ˈkɒktʃeɪfə flaɪz ɪn ðə skaɪ/,de kokcheifer flaies in de skai.,El escarabajo vuela en el cielo.
The leech is in the water.,/ðə liːtʃ ɪz ɪn ðə ˈwɔːtə/,de lich is in de uoter.,La sanguijuela está en el agua.
A caterpillar eats the green leaf.,/ə ˈkætəpɪlə iːts ðə griːn liːf/,a caterpilar eats de grin lif.,Una oruga come la hoja verde.
An earthworm lives in the ground.,/ən ˈɜːθwɜːm lɪvz ɪn ðə graʊnd/,an erzuerm livs in de graund.,Una lombriz vive en la tierra.
The larva is very small.,/ðə ˈlɑːvə ɪz ˈvɛri smɔːl/,de larva is beri smol.,La larva es muy pequeña.
The bird has a big beak.,/ðə bɜːd hæz ə bɪg biːk/,de berd jas a big bik.,El pájaro tiene un pico grande.
The bird does not have a big beak.,/ðə bɜːd dʌz nɒt hæv ə bɪɡ biːk/,de berd das not jav a big bik.,El pájaro no tiene un pico grande.
Does the bird have a big beak?,/dʌz ðə bɜːd hæv ə bɪɡ biːk/,das de berd jav a big bik?,¿El pájaro tiene un pico grande?
What bird has a big beak?,/wɒt bɜːd hæz ə bɪɡ biːk/,guot berd jas a big bik?,¿Qué pájaro tiene un pico grande?
The bird had a big beak.,/ðə bɜːd hæd ə bɪɡ biːk/,de berd jad a big bik.,El pájaro tenía un pico grande.
The bird has two wings.,/ðə bɜːd hæz tuː wɪŋz/,de berd jas tu uings.,El pájaro tiene dos alas.
The bird has a small foot.,/ðə bɜːd hæz ə smɔːl fʊt/,de berd jas a smol fut.,El pájaro tiene un pie pequeño.
The feathering is very soft.,/ðə ˈfeðərɪŋ ɪz ˈvɛri sɒft/,de federin is beri soft.,El plumaje es muy suave.
This feather is red and blue.,/ðɪs ˈfeðə ɪz rɛd ænd bluː/,dis feder is red and blu.,Esta pluma es roja y azul.
The crest on the head is big.,/ðə krɛst ɒn ðə hɛd ɪz bɪg/,de drest on de jed is big.,La cresta en la cabeza es grande.
The fish has many gills.,/ðə fɪʃ hæz ˈmɛni ɡɪlz/,de fish jas moni gils.,El pez tiene muchas branquias.
Fish spawn in the river.,/fɪʃ spɔːn ɪn ðə ˈrɪvə/,fish espon in de river.,Los peces desovan en el río.
The larva is very small.,/ðə ˈlɑːvə ɪz ˈvɛri smɔːl/,de larva is beri smol.,La larva es muy pequeña.
The fish uses its fin.,/ðə fɪʃ ˈjuːzɪts ɪts fɪn/,de fish yusis its fin.,El pez usa su aleta.
The fish has shiny scales.,/ðə fɪʃ hæz ˈʃaɪni skeɪlz/,de fish jas shaini skeils.,El pez tiene escamas brillantes.
The dog shows its fang.,/ðə dɒg ʃəʊz ɪts fæŋ/,de dog shous its fang.,El perro muestra su colmillo.
The cat has a soft paw.,/ðə kæt hæz ə sɒft pɔː/,de kat jas a soft po.,El gato tiene una pata suave.
The muzzle is black and wet.,/ðə ˈmʌzəl ɪz blæk ænd wɛt/,de mazul is black and uet.,El hocico es negro y húmedo.
The dog opens its mouth.,/ðə dɒg ˈəʊpənz ɪts maʊθ/,de dog opens its maus.,El perro abre su boca.
The dog has a long tail.,/ðə dɒg hæz ə lɒŋ teɪl/,de dog jas a long teil.,El perro tiene una cola larga.
The cat has white whiskers.,/ðə kæt hæz waɪt ˈwɪskəz/,de kat jas jait uiskers.,El gato tiene bigotes blancos.
The horse has a hard hoof.,/ðə hɔːs hæz ə hɑːd huːf/,de jors jas a jard juf.,El caballo tiene un casco duro.
The goat has two horns.,/ðə gəʊt hæz tuː hɔːnz/,de gout jas tu jorns.,La cabra tiene dos cuernos.
The bug has a hard carapace.,/ðə bʌɡ hæz ə hɑːd ˈkærəpeɪs/,de bag jaz a jard carapeis.,El insecto tiene un caparazón duro.
I see a shell on the sand.,/aɪ siː ə ʃɛl ɒn ðə sænd/,ai si a shel on de sand.,Veo una concha en la arena.
The eggshell is white.,/ðə ˈɛɡʃɛl ɪz waɪt/,de egshel is guait.,La cáscara de huevo es blanca.
The animal has soft hair.,/ðə ˈænɪməl hæz sɒft hɛə/,de animal jaz soft jer.,El animal tiene pelo suave.
The bear has a thick pelt.,/ðə beə hæz ə θɪk pɛlt/,de ber jaz a zik pelt.,El oso tiene una piel gruesa.
Birds fly in the sky.,/bɜːdz flaɪ ɪn ðə skaɪ/,berds flai in de skai.,Los pájaros vuelan en el cielo.
The dog likes to make circles.,/ðə dɒg laɪks tuː meɪk ˈsɜːkəlz/,de dog laiks tu meik serkelz.,Al perro le gusta dar vueltas.
The bird will fly away.,/ðə bɜːd wɪl flaɪ əˈweɪ/,de ber guil flai awei.,El pájaro se volará.
The bird can flap its wings.,/ðə bɜːd kæn flæp ɪts wɪŋz/,de ber kan flap its guins.,El pájaro puede aletear.
The hen does peck.,/ðə hɛn dʌz pɛk/,de jen das pek.,La gallina picotea.
The bird will sit on eggs.,/ðə bɜːd wɪl sɪt ɒn ɛɡz/,de ber guil sit on eggs.,El pájaro se sentará sobre los huevos.
The small bird can hatch out.,/ðə smɔːl bɜːd kæn hætʃ aʊt/,de smol ber kan jach aut.,El pájaro pequeño puede salir del cascarón.
Birds build the nest in trees.,/bɜːdz bɪld ðə nɛst ɪn triːz/,berbild bild de nest in tris.,Los pájaros construyen el nido en los árboles.
The snake will slither.,/ðə sneɪk wɪl ˈslɪðə/,de sneyik guil slider.,La serpiente se deslizará.
The bee can sting.,/ðə biː kæn stɪŋ/,de bi kan sting.,La abeja puede picar.
The dog might bite.,/ðə dɒg maɪt baɪt/,de dog mait bait.,El perro podría morder.
The dog can sniff the box.,/ðə dɒg kæn snɪf ðə bɒks/,de dog kan snif de box.,El perro puede oler la caja.
The dog likes to bark.,/ðə dɒg laɪks tuː bɑːk/,de dog laiks tu bark.,Al perro le gusta ladrar.
The snake will hiss.,/ðə sneɪk wɪl hɪs/,de sneyik guil jis.,La serpiente siseará.
The loud noise can scare me.,/ðə laʊd nɔɪz kæn skɛə miː/,de laud noiz kan sker mi.,El ruido fuerte puede asustarme.
The dog might attack the cat.,/ðə dɒg maɪt əˈtæk ðə kæt/,de dog mait atak de kat.,El perro podría atacar al gato.
The dog will gnaw the bone.,/ðə dɒg wɪl nɔː ðə bəʊn/,de dog guil no de bon.,El perro roerá el hueso.
The cat can scratch me.,/ðə kæt kæn skrætʃ miː/,de kat kan skrech mi.,El gato puede rascarme.
The cat can hide under the bed.,/ðə kæt kæn haɪd ˈʌndə ðə bɛd/,de kat can jaider under de bed.,El gato puede esconderse debajo de la cama.
The kittens like to play.,/ðə ˈkɪtənz laɪk tuː pleɪ/,de kitens laik tu plei.,A los gatitos les gusta jugar.
The cat likes to hunt.,/ðə kæt laɪks tuː hʌnt/,de kat laiks tu jant.,Al gato le gusta cazar.
Bears like to hibernate.,/beəz laɪk tuː ˈhaɪbərneɪt/,berz laik tu jaiberneit.,A los osos les gusta hibernar.
Dinosaurs became extinct long ago.,/ˈdaɪnəsɔːrz bɪˈkeɪm ɪkˈstɪŋkt lɒŋ əˈɡoʊ/,dainosors bikom ikstinkt lon ago.,Los dinosaurios se extinguieron hace mucho tiempo.
This is a good habitat.,/ðɪs ɪz ə ɡʊd ˈhæbɪtæt/,dis is a gud jabitat.,Este es un buen hábitat.
Bird migration happens in fall.,/bɜːrdz maɪˈɡreɪʃən ˈhæpənz ɪn fɔːl/,berds maigreishon japons in fol.,La migración de aves ocurre en otoño.
I see a big mountain.,/aɪ siː ə bɪɡ ˈmaʊntən/,ai si a big maunten.,Veo una gran montaña.
I do not see a big mountain.,/aɪ duː nɒt siː ə bɪɡ ˈmaʊntən/,ai du not si a big maunten.,No veo una gran montaña.
Do you see a big mountain?,/duː juː siː ə bɪɡ ˈmaʊntən/,du yu si a big maunten?,¿Ves una gran montaña?
Where do you see a big mountain?,/weə duː juː siː ə bɪɡ ˈmaʊntɪn/,uéer du yu si e big máuntin?,¿Dónde ves una montaña grande?
I saw a big mountain.,/aɪ sɔː ə bɪɡ ˈmaʊntən/,ai so a big maunten.,Vi una gran montaña.
The reef is in the sea.,/ðə riːf ɪz ɪn ðə siː/,de rif is in de si.,El arrecife está en el mar.
He stands on the cliff.,/hiː stændz ɒn ðə klɪf/,ji stands on de clif.,Él está de pie en el acantilado.
We walk in the forest.,/wiː wɔːk ɪn ðə ˈfɔːrɪst/,ui uok in de forist.,Nosotros caminamos en el bosque.
The monkey lives in the jungle.,/ðə ˈmʌŋkiː lɪvz ɪn ðə ˈdʒʌŋɡəl/,de manki livs in de dyanxol.,El mono vive en la selva.
Lions live on the savanna.,/ˈlaɪənz lɪv ɒn ðə səˈvænə/,laions liv on de savana.,Los leones viven en la sabana.
The tundra is very cold.,/ðə ˈtʌndrə ɪz ˈvɛri koʊld/,de tundra is beri cold.,La tundra es muy fría.
The steppe is flat land.,/ðə stɛp ɪz flæt lænd/,de step is flat land.,La estepa es tierra plana.
The desert is hot and dry.,/ðə ˈdɛzərt ɪz hɒt ænd draɪ/,de desert is ot and drai.,El desierto es caliente y seco.
We found an oasis.,/wi faʊnd ən oʊˈeɪsɪs/,ui faund an oaseis.,Encontramos un oasis.
The sea is blue.,/ðə siː ɪz bluː/,de si is blu.,El mar es azul.
The lake is very big.,/ðə leɪk ɪz ˈvɛri bɪɡ/,de leik is beri big.,El lago es muy grande.
The lake is not very big.,/ðə leɪk ɪz nɒt ˈvɛri bɪɡ/,de leik is not beri big.,El lago no es muy grande.
Is the lake very big?,/ɪz ðə leɪk ˈvɛri bɪɡ/,is de leik beri big?,¿El lago es muy grande?
Where is the lake?,/wɛər ɪz ðə leɪk/,guer is de leik?,¿Dónde está el lago?
The lake was very big.,/ðə leɪk wɒz ˈvɛri bɪɡ/,de leik guoz beri big.,El lago era muy grande.
I like the ocean.,/aɪ laɪk ðə ˈoʊʃən/,ai laik de oshan.,Me gusta el océano.
I do not like the ocean.,/aɪ duː nɒt laɪk ðə ˈoʊʃən/,ai du not laik de oshan.,No me gusta el océano.
Do you like the ocean?,/duː juː laɪk ðə ˈoʊʃən/,du yu laik de oshan?,¿Te gusta el océano?
Which ocean do you like?,/wɪtʃ ˈoʊʃən duː juː laɪk/,guich oshan du yu laik?,¿Qué océano te gusta?
I liked the ocean.,/aɪ laɪkt ðə ˈoʊʃən/,ai laikt de oshan.,Me gustó el océano.
The frog lives in the swamp.,/ðə frɒɡ lɪvz ɪn ðə swɒmp/,de frog livs in de suamp.,La rana vive en el pantano.
We drink freshwater.,/wi drɪŋk ˈfrɛʃwɔːtər/,ui drink freshuater.,Nosotros bebemos agua dulce.
There is a fish in the pond.,/ðeər ɪz ə fɪʃ ɪn ðə pɒnd/,der is a fish in de pond.,Hay un pez en el estanque.
The river flows fast.,/ðə ˈrɪvər floʊz fæst/,de river flows fast.,El río fluye rápido.
The fox is in the den.,/ðə fɒks ɪz ɪn ðə dɛn/,de foks is in de den.,El zorro está en la madriguera.
The bird has a nest.,/ðə bɜːrd hæz ə nɛst/,de berd jas a nest.,El pájaro tiene un nido.
The owl lives in a hollow.,/ðə aʊl lɪvz ɪn ə ˈhɒloʊ/,de aul livs in a jolou.,El búho vive en un hueco.
The rabbit is in the burrow.,/ðə ˈræbɪt ɪz ɪn ðə ˈbʌroʊ/,de rabbit is in de burrow.,El conejo está en la madriguera.
Look at the small anthill.,/lʊk æt ðə smɔːl ˈænthɪl/,luk at de smol anthil.,Mira el pequeño hormiguero.
We go to the zoo.,/wiː ɡoʊ tuː ðə zuː/,ui gou tu de zu.,Vamos al zoológico.
This is a nature preserve.,/ðɪs ɪz ə ˈneɪtʃər prɪˈzɜːrv/,dis is a neicher preserve.,Esta es una reserva natural.
He is a dog breeder.,/hiː ɪz ə dɔːɡ ˈbriːdər/,ji is a dog rider.,Él es un criador de perros.
The bird is in the open-air cage.,/ðə bɜːrd ɪz ɪn ðə ˈoʊpən eər keɪdʒ/,de berd is in de open-eir keich.,El pájaro está en la jaula al aire libre.
The bird is in the cage.,/ðə bɜːrd ɪz ɪn ðə keɪdʒ/,de berd is in de keich.,El pájaro está en la jaula.
The dog sleeps in the kennel.,/ðə dɔːɡ sliːps ɪn ðə ˈkɛnəl/,de dog slips in de kennel.,El perro duerme en la perrera.
The dovecot is in the garden.,/ðə ˈdʌvkɑːt ɪz ɪn ðə ˈɡɑːrdən/,de davecot is in de garden.,El palomar está en el jardín.
The fish is in the aquarium.,/ðə fɪʃ ɪz ɪn ðə əˈkwɛriəm/,de fish is in de acuarium.,El pez está en el acuario.
We see dolphins at the dolphinarium.,/wiː siː ˈdɑːlfɪnz æt ðə ˌdɑːlfɪˈnɛriəm/,ui si dolfins at de dolfinarium.,Vemos delfines en el delfinario.
They breed dogs on the farm.,/ðeɪ briːd dɔːɡz ɒn ðə fɑːrm/,dei rid dogs on de farm.,Ellos crían perros en la granja.
The cat has a litter.,/ðə kæt hæz ə ˈlɪtər/,de cat jas a liter.,El gato tiene una camada.
It is hard to tame a wolf.,/ɪt ɪz hɑːrd tuː teɪm ə wʊlf/,it is jard tu teim a wolf.,Es difícil domesticar a un lobo.
This is good feed for cows.,/ðɪs ɪz ɡʊd fiːd fər kaʊz/,dis is gud fid for cows.,Esta es buena comida para vacas.
I feed the cat every day.,/aɪ fiːd ðə kæt ˈɛvri deɪ/,ai fid de cat evri dei.,Alimento al gato todos los días.
He trains the dog well.,/hiː treɪnz ðə dɔːɡ wɛl/,ji treins de dog uel.,Él entrena bien al perro.
We buy food at the pet store.,/wiː baɪ fuːd æt ðə pɛt stɔːr/,ui bais fud at de pet stor.,Compramos comida en la tienda de mascotas.
The dog wears a muzzle.,/ðə dɔːg wɛrz ə ˈmʌzəl/,de dog uers a muzel.,El perro usa un bozal.
The collar is red.,/ðə ˈkɑːlər ɪz rɛd/,de colar is red.,El collar es rojo.
What is the name of the cat?,/wʌt ɪz ðə neɪm ʌv ðə kæt/,uat is de neim ov de cat.,¿Cuál es el nombre del gato?
The dog has a pedigree.,/ðə dɔːɡ hæz ə ˈpɛdəɡriː/,de dog jas a pedrigri.,El perro tiene un pedigrí.
The dog does not have a pedigree.,/ðə dɔːɡ dʌz nɒt hæv ə ˈpɛdəɡriː/,de dog das not jav a pedrigri.,El perro no tiene un pedigrí.
Does the dog have a pedigree?,/dʌz ðə dɔːɡ hæv ə ˈpɛdəɡriː/,das de dog jav a pedrigri?,¿El perro tiene un pedigrí?
Whose dog has a pedigree?,/huːz dɔːɡ hæz ə ˈpɛdəɡriː/,juz dog jas a pedrigri?,¿De quién es el perro que tiene pedigrí?
The dog had a pedigree.,/ðə dɔːɡ hæd ə ˈpɛdəɡriː/,de dog jad a pedrigri.,El perro tenía un pedigrí.
The pack runs in the forest.,/ðə pæk rʌnz ɪn ðə ˈfɔːrɪst/,de pac runs in de forest.,La manada corre en el bosque.
A flock of birds flies.,/ə flɑːk ʌv bɜːrdz flaɪz/,a flock ov berds flaies.,Una bandada de pájaros vuela.
A shoal of fish swims.,/ə ʃoʊl ʌv fɪʃ swɪmz/,a shol ov fish swims.,Un banco de peces nada.
We see a herd of horses.,/wiː siː ə hɜːrd ɒv hɔːrsɪz/,ui si a jerd ov jorsis.,Vemos una manada de caballos.
He is a male.,/hiː ɪz ə meɪl/,ji is a meil.,Él es un macho.
She is a female.,/ʃiː ɪz ə ˈfiːmeɪl/,shi is a fiimeil.,Ella es una hembra.
I am very hungry.,/aɪ æm ˈvɛri ˈhʌŋɡri/,ai am very jangri.,Tengo mucha hambre.
It is a wild animal.,/ɪt ɪz ə waɪld ˈænɪməl/,it is a uail animal.,Es un animal salvaje.
It is dangerous.,/ɪt ɪz ˈdeɪndʒərəs/,it is deinyereros.,Es peligroso.
I like the horse.,/aɪ laɪk ðə hɔːrs/,ai laik de jors.,Me gusta el caballo.
I don't like the horse.,/aɪ dəʊnt laɪk ðə hɔːrs/,ai dont laik de jors.,No me gusta el caballo.
Do you like the horse?,/duː juː laɪk ðə hɔːrs/,du iu laik de jors?,¿Te gusta el caballo?
How do you like the horse?,/haʊ duː juː laɪk ðə hɔːrs/,jau du iu laik de jors?,¿Qué te parece el caballo?
I liked the horse.,/aɪ laɪkt ðə hɔːrs/,ai laikt de jors.,Me gustó el caballo.
This is a good breed.,/ðɪs ɪz ə ɡʊd briːd/,dis is a gud brid.,Esta es una buena raza.
The foal is small.,/ðə foʊl ɪz smɔːl/,de foul is esmol.,El potro es pequeño.
The mare is here.,/ðə meər ɪz hɪər/,de mer is jir.,La yegua está aquí.
I see a mustang.,/aɪ siː ə ˈmʌstæŋ/,ai si a mastang.,Veo un mustang.
The pony is cute.,/ðə ˈpoʊni ɪz kjuːt/,de poni is qiut.,El poni es lindo.
He has a draft horse.,/hiː hæz ə dræft hɔːrs/,ji jas a draft jors.,Él tiene un caballo de tiro.
Its mane is long.,/ɪts meɪn ɪz lɒŋ/,its mein is long.,Su crin es larga.
The tail is brown.,/ðə teɪl ɪz braʊn/,de teil is braun.,La cola es marrón.
The hoof is hard.,/ðə huːf ɪz hɑːrd/,de juf is jard.,El casco es duro.
This is a horseshoe.,/ðɪs ɪz ə ˈhɔːrsʃuː/,dis is a jorshu.,Esta es una herradura.
I shoe the horse.,/aɪ ʃuː ðə hɔːrs/,ai shu de jors.,Herré el caballo.
The blacksmith works here.,/ðə ˈblæksmɪθ wɜːrks hɪər/,de blasmiz uerks jir.,El herrero trabaja aquí.
He has a saddle.,/hiː hæz ə ˈsædəl/,ji jas a sadel.,Él tiene una silla de montar.
He doesn't have a saddle.,/hiː ˈdʌzənt hæv ə ˈsædəl/,ji dasent jav a sadel.,Él no tiene una silla de montar.
Does he have a saddle?,/dʌz hiː hæv ə ˈsædəl/,das ji jav a sadel?,¿Él tiene una silla de montar?
Who has a saddle?,/huː hæz ə ˈsædəl/,ju jas a sadel?,¿Quién tiene una silla de montar?
He had a saddle.,/hiː hæd ə ˈsædəl/,ji jad a sadel.,Él tenía una silla de montar.
Put your foot in the stirrup.,/pʊt jɔːr fʊt ɪn ðə ˈstɜːrəp/,put yur fut in de esterap.,Pon el pie en el estribo.
Use the bridle.,/juːz ðə ˈbraɪdəl/,yus de braidel.,Usa la brida.
Hold the reins.,/hoʊld ðə reɪnz/,jold de reins.,Sostén las riendas.
She has a whip.,/ʃiː hæz ə wɪp/,shi jas a guip.,Ella tiene un látigo.
She doesn't have a whip.,/ʃiː ˈdʌzənt hæv ə wɪp/,shi dasent jav a guip.,Ella no tiene un látigo.
Does she have a whip?,/dʌz ʃiː hæv ə wɪp/,das shi jav a guip?,¿Ella tiene un látigo?
Why does she have a whip?,/waɪ dʌz ʃiː hæv ə wɪp/,uai das shi jav a guip?,¿Por qué ella tiene un látigo?
She had a whip.,/ʃiː hæd ə wɪp/,shi jad a guip.,Ella tenía un látigo.
The rider is fast.,/ðə ˈraɪdər ɪz fæst/,de raider is fast.,El jinete es rápido.
They break in the horse.,/ðeɪ breɪk ɪn ðə hɔːs/,dei breik in de jors.,Ellos doman al caballo.
He saddles the horse.,/hiː sædlz ðə hɔːs/,ji sadels de jors.,Él ensilla el caballo.
She mounts the horse.,/ʃiː maʊnts ðə hɔːs/,shi maunts de jors.,Ella monta el caballo.
The horse likes a gallop.,/ðə hɔːs laɪks ə ˈɡæləp/,de jors laiks a galop.,Al caballo le gusta el galope.
The horse can gallop.,/ðə hɔːs kæn ˈɡæləp/,de jors kan galop.,El caballo puede galopar.
I see a trot.,/aɪ siː ə trɒt/,ai si a trot.,Veo un trote.
He goes at a trot.,/hiː ɡəʊz æt ə trɒt/,ji gous at a trot.,Él va al trote.
The horse goes at a trot.,/ðə hɔːs ɡəʊz æt ə trɒt/,de jors gous at a trot.,El caballo va al trote.
The racehorse is fast.,/ðə ˈreɪshɔːs ɪz fɑːst/,de reijjors is fast.,El caballo de carreras es rápido.
I like horse racing.,/aɪ laɪk hɔːs ˈreɪsɪŋ/,ai laik jors reising.,Me gusta las carreras de caballos.
The horse is in the stable.,/ðə hɔːs ɪz ɪn ðə ˈsteɪbl/,de jors is in de steibl.,El caballo está en el establo.
She feeds the horse.,/ʃiː fiːdz ðə hɔːs/,shi fiids de jors.,Ella alimenta al caballo.
The horse eats hay.,/ðə hɔːs iːts heɪ/,de jors its jei.,El caballo come heno.
He waters the horse.,/hiː ˈwɔːtəz ðə hɔːs/,ji uoters de jors.,Él da agua al caballo.
I wash the horse.,/aɪ wɒʃ ðə hɔːs/,ai uosh de jors.,Lavo al caballo.
They hobble the horse.,/ðeɪ ˈhɒbl ðə hɔːs/,dei jbl de jors.,Ellos traban el caballo.
It is a horse-drawn cart.,/ɪt ɪz ə hɔːs drɔːn kɑːt/,it is a jors dron kart.,Es un carro tirado por caballos.
The horse can graze.,/ðə hɔːs kæn ɡreɪz/,de jors kan greis.,El caballo puede pastar.
The horse will neigh.,/ðə hɔːs wɪl neɪ/,de jors uil nei.,El caballo relinchará.
The horse can kick.,/ðə hɔːs kæn kɪk/,de jors kan kik.,El caballo puede patear.
I see a tree.,/aɪ siː ə triː/,ai si a tri.,Veo un árbol.
The tree is deciduous.,/ðə triː ɪz dɪˈsɪdjuəs/,de tri is disidius.,El árbol es caducifolio.
It is a coniferous tree.,/ɪt ɪz ə kəˈnɪfərəs triː/,it is a koniferus tri.,Es un árbol conífero.
The tree is evergreen.,/ðə triː ɪz ˈevəɡriːn/,de tri is evagrin.,El árbol es perenne.
The apple tree is big.,/ðə ˈæpl triː ɪz bɪɡ/,de apol tri is big.,El manzano es grande.
I see a pear tree.,/aɪ siː ə pɛə triː/,ai si a pear tri.,Veo un peral.
This is a sweet cherry tree.,/ðɪs ɪz ə swiːt ˈtʃɛri triː/,dis is a suit chieri tri.,Este es un cerezo dulce.
That is a sour cherry tree.,/ðæt ɪz ə saʊə ˈtʃɛri triː/,dat is a sauer chieri tri.,Ese es un cerezo ácido.
We have a plum tree.,/wiː hæv ə plʌm triː/,wi jav a plum tri.,Tenemos un ciruelo.
The birch is tall.,/ðə bɜːrtʃ ɪz tɔːl/,de birch is tol.,El abedul es alto.
An oak grows here.,/æn oʊk groʊz hɪr/,an oak groz jir.,Un roble crece aquí.
I like the linden tree.,/aɪ laɪk ðə ˈlɪndən triː/,ai laik de linden tri.,Me gusta el tilo.
The aspen is green.,/ðə ˈæspən ɪz griːn/,de aspen is grin.,El álamo temblón es verde.
The maple is red.,/ðə ˈmeɪpəl ɪz rɛd/,de meipl is red.,El arce es rojo.
It is a spruce.,/ɪt ɪz ə spruːs/,it is a sprus.,Es un abeto.
Look at the pine.,/lʊk æt ðə paɪn/,luk at de pain.,Mira el pino.
That larch is old.,/ðæt lɑːrtʃ ɪz oʊld/,dat larch is old.,Ese alerce es viejo.
The fir tree is big.,/ðə fɜːr triː ɪz bɪg/,de fir tri is big.,El abeto es grande.
He cuts a cedar.,/hiː kʌts ə ˈsiːdər/,ji cuts a ceder.,Él corta un cedro.
A poplar grows fast.,/ə ˈpɑːplər groʊz fæst/,a poplar groz fast.,Un álamo crece rápido.
The rowan is pretty.,/ðə ˈroʊən ɪz ˈprɪti/,de roan is priti.,El serbal es bonito.
A willow is near water.,/ə ˈwɪloʊ ɪz nɪr ˈwɔːtər/,a guilou is nir uoter.,Un sauce está cerca del agua.
An alder grows there.,/æn ˈɔːldər groʊz ðɛr/,an alder groz der.,Un aliso crece allí.
The beech has leaves.,/ðə biːtʃ hæz liːvz/,de bihj has livs.,La haya tiene hojas.
The elm is strong.,/ðɛlm ɪz strɒŋ/,de elm is strong.,El olmo es fuerte.
This ash is young.,/ðɪs æʃ ɪz jʌŋ/,dis ash is yong.,Este fresno es joven.
I eat a chestnut.,/aɪ iːt ə ˈtʃɛsnʌt/,ai iit a chestnut.,Me como una castaña.
The magnolia smells good.,/ðə mæɡˈnoʊliə smɛlz gʊd/,de magnolia smels gud.,La magnolia huele bien.
The palm tree is high.,/ðə pɑːm triː ɪz haɪ/,de palm tri is jai.,La palmera es alta.
A cypress is here.,/ə ˈsaɪprəs ɪz hɪr/,a cypress is jir.,Un ciprés está aquí.
I see a mangrove.,/aɪ siː ə ˈmæŋɡroʊv/,ai si a mangrouv.,Veo un mangle.
It is a baobab.,/ɪt ɪz ə ˈbeɪoʊbæb/,it iz a beiobab.,Es un baobab.
The eucalyptus is tall.,/ðə ˌjuːkəˈlɪptəs ɪz tɔːl/,de yucaliptus iz tol.,El eucalipto es alto.
I like the sequoia.,/aɪ laɪk ðə sɪˈkɔɪə/,ai laik de sikoya.,Me gusta la secoya.
I don't like the sequoia.,/aɪ dəʊnt laɪk ðə sɪˈkɔɪə/,ai dount laik de sikoya.,No me gusta la secoya.
Do you like the sequoia?,/duː juː laɪk ðə sɪˈkɔɪə/,du yu laik de sikoya?,¿Te gusta la secoya?
Where is the sequoia?,/weər ɪz ðə sɪˈkɔɪə/,guer is de sikoya?,¿Dónde está la secoya?
I liked the sequoia.,/aɪ laɪkt ðə sɪˈkɔɪə/,ai laikt de sikoya.,Me gustó la secoya.
A bird is in the bush.,/ə bɜːrd ɪz ɪn ðə bʊʃ/,a berd iz in de bush.,Un pájaro está en el arbusto.
The shrub is small.,/ðə ʃrʌb ɪz smɔːl/,de shrab iz smol.,El arbusto es pequeño.
Look at the grapevine.,/lʊk æt ðə ˈɡreɪpvaɪn/,luk at de greipvain.,Mira la vid.
We have a vineyard.,/wi hæv ə ˈvɪnjərd/,ui jav a vinyard.,Tenemos un viñedo.
This is a raspberry bush.,/ðɪs ɪz ə ˈræzbəri bʊʃ/,dis iz a raspberi bush.,Este es un frambueso.
I see a blackcurrant bush.,/aɪ siː ə ˌblækˈkɜːrənt bʊʃ/,ai si a blakcurrant bush.,Veo un arbusto de grosella negra.
A redcurrant bush is there.,/ə ˌredˈkɜːrənt bʊʃ ɪz ðer/,a redcurrant bush iz der.,Hay un arbusto de grosella roja.
He has a gooseberry bush.,/hi hæz ə ˈɡuːsberi bʊʃ/,ji jav a gusberi bush.,Él tiene un grosellero.
The acacia is old.,/ðə əˈkeɪʃə ɪz oʊld/,de acacia iz old.,La acacia es vieja.
This is a barberry.,/ðɪs ɪz ə ˈbɑːrberi/,dis iz a barberi.,Este es un agracejo.
I like the jasmine.,/aɪ laɪk ðə ˈdʒæzmɪn/,ai laik de yasmin.,Me gusta el jazmín.
I don't like the jasmine.,/aɪ dəʊnt laɪk ðə ˈdʒæzmɪn/,ai dount laik de yasmin.,No me gusta el jazmín.
Do you like the jasmine?,/duː juː laɪk ðə ˈdʒæzmɪn/,du yu laik de yasmin?,¿Te gusta el jazmín?
Which is the jasmine?,/wɪtʃ ɪz ðə ˈdʒæzmɪn/,guich is de yasmin?,¿Cuál es el jazmín?
I liked the jasmine.,/aɪ laɪkt ðə ˈdʒæzmɪn/,ai laikt de yasmin.,Me gustó el jazmín.
It is a juniper.,/ɪt ɪz ə ˈdʒuːnɪpər/,it iz a yuniper.,Es un enebro.
The rosebush is nice.,/ðə ˈroʊzbʊʃ ɪz naɪs/,de rozbush iz nais.,El rosal es bonito.
I see a dog rose.,/aɪ siː ə dɔːɡ roʊz/,ai si a dog rose.,Veo una rosa silvestre.
I found a mushroom.,/aɪ faʊnd ə ˈmʌʃruːm/,ai faund a mashrum.,Encontré un hongo.
It is an edible mushroom.,/ɪt ɪz æn ˈɛdəbl ˈmʌʃruːm/,it iz an edibl mashrum.,Es un hongo comestible.
Do not eat the toadstool.,/duː nɑːt iːt ðə ˈtoʊdstuːl/,du not i:t de toldstul.,No comas el hongo venenoso.
The cap is red.,/ðə kæp ɪz red/,de kap iz red.,El sombrero es rojo.
The stipe is white.,/ðə staɪp ɪz waɪt/,de staip es wait.,El pie es blanco.
I like the cep.,/aɪ laɪk ðə sɛp/,ai laik de sep.,Me gusta el cep.
I don't like the cep.,/aɪ dəʊnt laɪk ðə sɛp/,ai dount laik de sep.,No me gusta el cep.
Do you like the cep?,/duː juː laɪk ðə sɛp/,du yu laik de sep?,¿Te gusta el cep?
What is a cep?,/wɒt ɪz ə sɛp/,guot is a sep?,¿Qué es un cep?
I liked the cep.,/aɪ laɪkt ðə sɛp/,ai laikt de sep.,Me gustó el cep.
This is an orange-cap boletus.,/ðɪs ɪz æn ˈɔːrɪndʒ kæp bəˈliːtəs/,dis iz an orinch kap boletus.,Este es un boleto de naranja.
I see a birch bolete.,/aɪ siː ə bɜːtʃ ˈboʊliːt/,ai si a boch bolit.,Veo un boleto de abedul.
I like this chanterelle.,/aɪ laɪk ðɪs ˌʃæntəˈrɛl/,ai laik dis shanterel.,Me gusta esta cantarela.
I don't like this chanterelle.,/aɪ dəʊnt laɪk ðɪs ˌʃæntəˈrɛl/,ai dount laik dis shanterel.,No me gusta esta cantarela.
Do you like this chanterelle?,/duː juː laɪk ðɪs ˌʃæntəˈrɛl/,du yu laik dis shanterel?,¿Te gusta esta cantarela?
How is this chanterelle?,/haʊ ɪz ðɪs ˌʃæntəˈrɛl/,jau is dis shanterel?,¿Cómo está esta cantarela?
I liked this chanterelle.,/aɪ laɪkt ðɪs ˌʃæntəˈrɛl/,ai laikt dis shanterel.,Me gustó esta cantarela.
It is a russula.,/ɪt ɪz ə ˈrʊsələ/,it is a rusula.,Es una rúsula.
The morel is good.,/ðə ˈmɔːrɛl ɪz ɡʊd/,de morel is gud.,La colmenilla es buena.
Look at the fly agaric.,/lʊk æt ðə flaɪ ˈæɡərɪk/,luk at de fai agarik.,Mira la falsa oronja.
Do not eat the death cap.,/duː nɒt iːt ðə dɛθ kæp/,du not iit de deth kap.,No comas la cicuta verde.
I like fruit.,/aɪ laɪk fruːt/,ai laik frut.,Me gusta la fruta.
I don't like fruit.,/aɪ dəʊnt laɪk fruːt/,ai dont laik frut.,No me gusta la fruta.
Do you like fruit?,/duː juː laɪk fruːt/,du iu laik frut?,¿Te gusta la fruta?
What fruit do you like?,/wɒt fruːt duː juː laɪk/,guot frut du iu laik?,¿Qué fruta te gusta?
I liked fruit.,/aɪ laɪkt fruːt/,ai laikt frut.,Me gustó la fruta.
I eat fruits.,/aɪ iːt fruːts/,ai iit fruts.,Como frutas.
I eat an apple.,/aɪ iːt ən ˈæpəl/,ai iit an apol.,Como una manzana.
It is a pear.,/ɪt ɪz ə pɛər/,it is a pear.,Es una pera.
I have a plum.,/aɪ hæv ə plʌm/,ai jav a plum.,Tengo una ciruela.
I see a strawberry.,/aɪ siː ə ˈstrɔːbəri/,ai si a stroberi.,Veo una fresa.
I like cherries.,/aɪ laɪk ˈtʃɛriz/,ai laik cheris.,Me gustan las cerezas.
It is a sour cherry.,/ɪt ɪz ə saʊər ˈtʃɛri/,it is a sauer cheri.,Es una cereza ácida.
This is a sweet cherry.,/ðɪs ɪz ə swiːt ˈtʃɛri/,dis is a suit cheri.,Esta es una cereza dulce.
I eat a grape.,/aɪ iːt ə ɡreɪp/,ai iit a greip.,Como una uva.
The raspberry is red.,/ðə ˈræzbəri ɪz rɛd/,de rasberi is red.,La frambuesa es roja.
I like blackcurrants.,/aɪ laɪk ˈblækkʌrənts/,ai laik blakkarants.,Me gustan las grosellas negras.
I see a redcurrant.,/aɪ siː ə ˈrɛdkʌrənt/,ai si a redkarant.,Veo una grosella roja.
I eat a gooseberry.,/aɪ iːt ə ˈɡʊzbəri/,ai iit a gusberi.,Como una grosella espinosa.
I want a cranberry.,/aɪ wɒnt ə ˈkrænberi/,ai uant a cranberi.,Quiero un arándano rojo.
I have an orange.,/aɪ hæv ən ˈɔːrɪndʒ/,ai jav an orinch.,Tengo una naranja.
I eat a mandarin.,/aɪ iːt ə ˈmændərɪn/,ai iit a mandarin.,Como una mandarina.
It is a pineapple.,/ɪt ɪz ə ˈpaɪnˌæpəl/,it is a painapol.,Es una piña.
I peel a banana.,/aɪ piːl ə bəˈnænə/,ai pil a banana.,Peló un plátano.
The date is today.,/ðə deɪt ɪz təˈdeɪ/,de deit iz tudei.,La fecha es hoy.
I have a lemon.,/aɪ hæv ə ˈlɛmən/,ai jav a leman.,Tengo un limón.
This is an apricot.,/ðɪs ɪz ən ˈeɪprɪkɒt/,dis iz an aprikot.,Esto es un albaricoque.
I like the peach.,/aɪ laɪk ðə piːtʃ/,ai laik de pich.,Me gusta el durazno.
I don't like the peach.,/aɪ dəʊnt laɪk ðə piːtʃ/,ai dont laik de pich.,No me gusta el durazno.
Do you like the peach?,/duː juː laɪk ðə piːtʃ/,du iu laik de pich?,¿Te gusta el durazno?
Which peach do you like?,/wɪtʃ piːtʃ duː juː laɪk/,guich pich du iu laik?,¿Qué durazno te gusta?
I liked the peach.,/aɪ laɪkt ðə piːtʃ/,ai laikt de pich.,Me gustó el durazno.
Eat the kiwi.,/iːt ðə ˈkiːwiː/,it de kiui.,Come el kiwi.
It is a grapefruit.,/ɪt ɪz ə ˈɡreɪpfruːt/,it iz a greipfrut.,Es una toronja.
She eats a berry.,/ʃiː iːts ə ˈbɛri/,shi its a beri.,Ella come una baya.
I see berries.,/aɪ siː ˈbɛriz/,ai si beriz.,Veo bayas.
This is a cowberry.,/ðɪs ɪz ə ˈkaʊbɛri/,dis iz a kauberi.,Este es un arándano rojo.
It is a field strawberry.,/ɪt ɪz ə fiːld ˈstrɔːbəri/,it iz a field stroberi.,Es una fresa silvestre.
I like the bilberry.,/aɪ laɪk ðə ˈbɪlbəri/,ai laik de bilberi.,Me gusta el arándano.
I don't like the bilberry.,/aɪ dəʊnt laɪk ðə ˈbɪlbəri/,ai dont laik de bilberi.,No me gusta el arándano.
Do you like the bilberry?,/duː juː laɪk ðə ˈbɪlbəri/,du iu laik de bilberi?,¿Te gusta el arándano?
Which berry do you like?,/wɪtʃ ˈbɛri du juː laɪk/,guich beri du iu laik?,¿Qué baya te gusta?
I liked the bilberry.,/aɪ laɪkt ðə ˈbɪlbəri/,ai laikt de bilberi.,Me gustó el arándano.
I see a flower.,/aɪ siː ə ˈflaʊə/,ai si a flaer.,Veo una flor.
It is a bouquet.,/ɪt ɪz ə buːˈkeɪ/,it iz a bukei.,Es un ramo.
The rose is red.,/ðə rəʊz ɪz rɛd/,de rouz iz red.,La rosa es roja.
I like the tulip.,/aɪ laɪk ðə ˈtjuːlɪp/,ai laik de tiulip.,Me gusta el tulipán.
This is a carnation.,/ðɪs ɪz ə kɑːˈneɪʃən/,dis iz a karneishon.,Este es un clavel.
Look at the gladiolus.,/lʊk æt ðə ˌɡlædiˈəʊləs/,luk at de gladiolous.,Mira el gladiolo.
The cornflower is blue.,/ðə ˈkɔːnflaʊə ɪz bluː/,de kornflaer iz blu.,El aciano es azul.
I see a bluebell.,/aɪ siː ə ˈbluːbɛl/,ai si a blubel.,Veo una campanilla.
It is a dandelion.,/ɪt ɪz ə ˈdændɪlaɪən/,it iz a dandelion.,Es un diente de león.
I like camomile.,/aɪ laɪk ˈkæməmaɪl/,ai laik kamomail.,Me gusta la manzanilla.
This is aloe.,/ðɪs ɪz ˈæləʊ/,dis iz aloe.,Esto es áloe.
The cactus is green.,/ðə ˈkæktəs ɪz ɡriːn/,de caktus iz grin.,El cactus es verde.
It is a ficus.,/ɪt ɪz ə ˈfiːkəs/,it iz a fikus.,Es un ficus.
I see a lily.,/aɪ siː ə ˈlɪli/,ai si a lili.,Veo un lirio.
The geranium is red.,/ðə dʒəˈreɪniəm ɪz rɛd/,de yereiniom iz red.,El geranio es rojo.
I like the hyacinth.,/aɪ laɪk ðə ˈhaɪəsɪnθ/,ai laik de haiasinz.,Me gusta el jacinto.
The mimosa is yellow.,/ðə mɪˈmoʊsə ɪz ˈjɛloʊ/,de mimosa iz yelou.,La mimosa es amarilla.
See the narcissus.,/siː ðə nɑːrˈsɪsəs/,si de narzisus.,Mira el narciso.
The nasturtium is here.,/ðə nəˈstɜːrʃəm ɪz hɪər/,de naschurtium iz jier.,La capuchina está aquí.
She likes the orchid.,/ʃiː laɪks ðə ˈɔːrkɪd/,shi laiks de orkid.,A ella le gusta la orquídea.
The peony is big.,/ðə ˈpiːəni ɪz bɪg/,de pioni iz big.,La peonía es grande.
This is a violet.,/ðɪs ɪz ə ˈvaɪələt/,dis iz a vaiolet.,Esto es una violeta.
The pansy is pretty.,/ðə ˈpænzi ɪz ˈprɪti/,de pansi iz priti.,La pensamiento es bonita.
It is a forget-me-not.,/ɪt ɪz ə fərˈɡɛt miː nɒt/,it iz a forguet mi not.,Es una nomeolvides.
The daisy is white.,/ðə ˈdeɪzi ɪz waɪt/,de deisi iz uait.,La margarita es blanca.
Look at the poppy.,/lʊk æt ðə ˈpɒpi/,luk at de popi.,Mira la amapola.
Hemp is a plant.,/hɛmp ɪz ə plænt/,jemp iz a plant.,El cáñamo es una planta.
I like mint tea.,/aɪ laɪk mɪnt tiː/,ai laik mint ti.,Me gusta el té de menta.
The lily of the valley is nice.,/ðə ˈlɪli ɒv ðə ˈvæli ɪz naɪs/,de lili of de vali iz nais.,El lirio del valle es agradable.
The snowdrop is white.,/ðə ˈsnoʊdrɒp ɪz waɪt/,de snoudrop iz uait.,El galanto es blanco.
Do not touch the nettle.,/duː nɒt tʌtʃ ðə ˈnɛtəl/,du not tach de netel.,No toques la ortiga.
Sorrel is a green plant.,/ˈsɒrəl ɪz ə griːn plænt/,sorel iz a grin plant.,La acedera es una planta verde.
The water lily is pink.,/ðə ˈwɔːtər ˈlɪli ɪz pɪŋk/,de uater lili iz pink.,El lirio de agua es rosa.
The fern is green.,/ðə fɜːrn ɪz griːn/,de fern iz grin.,El helecho es verde.
The lichen is on the rock.,/ðə ˈlaɪkən ɪz ɒn ðə rɒk/,de laiken on de rok.,El liquen está en la roca.
We go to the tropical greenhouse.,/wiː ɡoʊ tuː ðə ˈtrɒpɪkəl ˈɡriːnhaʊs/,ui gu tu de tropikal grinhaus.,Vamos al invernadero tropical.
The grass lawn is big.,/ðə ɡræs lɔːn ɪz bɪg/,de gras lon iz big.,El césped es grande.
The flowerbed has flowers.,/ðə ˈflaʊərbɛd hæz ˈflaʊərz/,de flauberd jas flauers.,El macizo tiene flores.
The plant needs water.,/ðə plænt niːdz ˈwɔːtər/,de plant nids uater.,La planta necesita agua.
The grass is green.,/ðə ɡræs ɪz ɡriːn/,de gras is green.,La hierba es verde.
I see a blade of grass.,/aɪ siː ə bleɪd ɒv ɡræs/,ai si a bleid ov gras.,Veo una brizna de hierba.
The leaf is green.,/ðə liːf ɪz ɡriːn/,de lif is green.,La hoja es verde.
The petal is red.,/ðə pɛtəl ɪz rɛd/,de petal is red.,El pétalo es rojo.
The stem is long.,/ðə stɛm ɪz lɒŋ/,de stem is long.,El tallo es largo.
The tuber is in the soil.,/ðə tjuːbər ɪz ɪn ðə sɔɪl/,de tuber is in de soil.,El tubérculo está en la tierra.
The shoot is small.,/ðə ʃuːt ɪz smɔːl/,de shut is smol.,El brote es pequeño.
The thorn is sharp.,/ðə θɔːrn ɪz ʃɑːrp/,de zorn is sharp.,La espina es afilada.
The flower will blossom.,/ðə flaʊər wɪl ˈblɒsəm/,de fla uer wil blossom.,La flor va a florecer.
The leaf will fade.,/ðə liːf wɪl feɪd/,de lif wil feid.,La hoja se marchitará.
The smell is good.,/ðə smɛl ɪz ɡʊd/,de smel is gud.,El olor es bueno.
I cut the flower.,/aɪ kʌt ðə flaʊər/,ai kat de fla uer.,Corto la flor.
I pick a flower.,/aɪ pɪk ə flaʊər/,ai pik a fla uer.,Recojo una flor.
The grain is dry.,/ðə ɡreɪn ɪz draɪ/,de drein is dry.,El grano está seco.
The cereal crops are tall.,/ðə ˈsɪəriəl krɒps ɑː tɔːl/,de serial crops ar tol.,Los cereales son altos.
I see an ear of corn.,/aɪ siː ən ɪər ɒv kɔːrn/,ai si an ir ov corn.,Veo una espiga de maíz.
The wheat is yellow.,/ðə wiːt ɪz ˈjɛloʊ/,de guit is yelou.,El trigo es amarillo.
I like rye bread.,/aɪ laɪk raɪ brɛd/,ai laik rai bred.,Me gusta el pan de centeno.
He eats oats.,/hiː iːts əʊts/,ji its ots.,Él come avena.
This is millet.,/ðɪs ɪz ˈmɪlɪt/,dis is milit.,Esto es mijo.
The barley grows here.,/ðə ˈbɑːrli ɡroʊz hɪər/,de barli grows jier.,La cebada crece aquí.
I eat corn.,/aɪ iːt kɔːrn/,ai it corn.,Como maíz.
I like rice.,/aɪ laɪk raɪs/,ai laik rais.,Me gusta el arroz.
I don't like rice.,/aɪ dəʊnt laɪk raɪs/,ai dount laik rais.,No me gusta el arroz.
Do you like rice?,/duː juː laɪk raɪs/,du yu laik rais?,¿Te gusta el arroz?
Who likes rice?,/huː laɪks raɪs/,ju laiks rais?,¿A quién le gusta el arroz?
I liked rice.,/aɪ laɪkt raɪs/,ai laikt rais.,Me gustó el arroz.
This is buckwheat.,/ðɪs ɪz ˈbʌkwiːt/,dis is buckuit.,Esto es trigo sarraceno.
The pea plant is green.,/ðə piː plɑːnt ɪz ɡriːn/,de pi plant is green.,La planta de guisantes es verde.
I eat a kidney bean.,/aɪ iːt ə ˈkɪdni biːn/,ai iit a kidney bin.,Como una alubia riñón.
I like soy milk.,/aɪ laɪk sɔɪ mɪlk/,ai laik soi milk.,Me gusta la leche de soja.
This is a lentil.,/ðɪs ɪz ə ˈlɛntɪl/,dis is a lentil.,Esto es una lenteja.
We cook the beans.,/wi kʊk ðə biːnz/,wi kuk de bins.,Cocinamos las alubias.
I like green vegetables.,/aɪ laɪk ɡriːn ˈvɛdʒtəblz/,ai laik griny vedchetabls.,Me gustan las verduras.
Eat your greens.,/iːt jɔː ɡriːnz/,it yor grins.,Come las verduras de hoja.
This is a red tomato.,/ðɪs ɪz ə rɛd təˈmɑːtəʊ/,dis is a red tomato.,Este es un tomate rojo.
I see a cucumber.,/aɪ siː ə ˈkjuːkʌmbə/,ai si a kiucamber.,Veo un pepino.
The rabbit eats a carrot.,/ðə ˈræbɪt iːts ə ˈkærət/,de rabbit iits a carrot.,El conejo come una zanahoria.
I want a potato.,/aɪ wɒnt ə pəˈteɪtəʊ/,ai uant a potato.,Quiero una patata.
Cut the onion.,/kʌt ðə ˈʌnjən/,kat de onion.,Corta la cebolla.
I use garlic.,/aɪ juːs ˈɡɑːlɪk/,ai ius garlik.,Uso ajo.
It is a big cabbage.,/ɪt ɪz ə bɪɡ ˈkæbɪdʒ/,it is a big cabidy.,Es una col grande.
It is not a big cabbage.,/ɪt ɪz nɒt ə bɪɡ ˈkæbɪdʒ/,it is not a big cabidy.,No es una col grande.
Is it a big cabbage?,/ɪz ɪt ə bɪɡ ˈkæbɪdʒ/,is it a big cabidy?,¿Es una col grande?
How big is the cabbage?,/haʊ bɪɡ ɪz ðə ˈkæbɪdʒ/,jau big is de cabidy?,¿Qué tan grande es la col?
It was a big cabbage.,/ɪt wɒz ə bɪɡ ˈkæbɪdʒ/,it woz a big cabidy.,Era una col grande.
I buy cauliflower.,/aɪ baɪ ˈkɒlɪˌflaʊə/,ai bai coliflauer.,Compra coliflor.
I eat Brussels sprouts.,/aɪ iːt ˈbrʌslz spraʊts/,ai iit brussels sprauts.,Como coles de Bruselas.
Broccoli is green.,/ˈbrɒkəli ɪz ɡriːn/,brokoli is grin.,El brócoli es verde.
I cook the beetroot.,/aɪ kʊk ðə ˈbiːtruːt/,ai kuk de biirut.,Cocino la remolacha.
I like eggplant.,/aɪ laɪk ˈɛɡplɑːnt/,ai laik egplant.,Me gusta la berenjena.
I don't like eggplant.,/aɪ dəʊnt laɪk ˈɛɡplɑːnt/,ai dount laik egplant.,No me gusta la berenjena.
Do you like eggplant?,/duː juː laɪk ˈɛɡplɑːnt/,du yu laik egplant?,¿Te gusta la berenjena?
Why do you like eggplant?,/waɪ du juː laɪk ˈɛɡplɑːnt/,guai du iu laik egplant?,¿Por qué te gusta la berenjena?
I liked eggplant.,/aɪ laɪkt ˈɛɡplɑːnt/,ai laikt egplant.,Me gustó la berenjena.
We have zucchini.,/wi hæv zuːˈkiːni/,ui jav zuikini.,Tenemos calabacín.
It is a pumpkin.,/ɪt ɪz ə ˈpʌmpkɪn/,it is a pumpkin.,Es una calabaza.
This is a turnip.,/ðɪs ɪz ə ˈtɜːnɪp/,dis is a turnip.,Este es un nabo.
Add some parsley.,/æd sʌm ˈpɑːsli/,ad sam parsli.,Añade perejil.
I like dill.,/aɪ laɪk dɪl/,ai laik dil.,Me gusta el eneldo.
I don't like dill.,/aɪ dəʊnt laɪk dɪl/,ai dount laik dil.,No me gusta el eneldo.
Do you like dill?,/duː juː laɪk dɪl/,du yu laik dil?,¿Te gusta el eneldo?
Why do you like dill?,/waɪ du juː laɪk dɪl/,guai du iu laik dil?,¿Por qué te gusta el eneldo?
I liked dill.,/aɪ laɪkt dɪl/,ai laikt dil.,Me gustó el eneldo.
I wash the lettuce.,/aɪ wɒʃ ðə ˈlɛtɪs/,ai uosh de letis.,Lavo la lechuga.
Eat the celery.,/iːt ðə ˈsɛləri/,it de selery.,Come el apio.
I like to eat asparagus.,/aɪ laɪk tuː iːt əˈspærəgəs/,ai laik tu it asparagos.,Me gusta comer espárragos.
I do not like to eat asparagus.,/aɪ duː nɒt laɪk tuː iːt əˈspærəgəs/,ai du not laik tu it asparagos.,No me gusta comer espárragos.
Do you like to eat asparagus?,/duː juː laɪk tuː iːt əˈspærəgəs/,du yu laik tu it asparagos?,¿Te gusta comer espárragos?
Why do you eat asparagus?,/waɪ duː juː iːt əˈspærəgəs/,wai du yu it asparagos?,¿Por qué comes espárragos?
I liked to eat asparagus.,/aɪ laɪkt tuː iːt əˈspærəgəs/,ai laikt tu it asparagos.,Me gustaba comer espárragos.
She cooks the spinach.,/ʃiː kʊks ðə ˈspɪnɪdʒ/,shi cooks de espinach.,Ella cocina las espinacas.
I eat one pea.,/aɪ iːt wʌn piː/,ai it wan pi.,Como un guisante.
We like beans.,/wiː laɪk biːnz/,wi laik bins.,Nos gustan las judías.
We don't like beans.,/wiː dəʊnt laɪk biːnz/,wi dount laik bins.,No nos gustan las judías.
Do we like beans?,/duː wiː laɪk biːnz/,du wi laik bins?,¿Nos gustan las judías?
Why do we like beans?,/waɪ duː wiː laɪk biːnz/,guai du wi laik bins?,¿Por qué nos gustan las judías?
We liked beans.,/wiː laɪkt biːnz/,wi laikt bins.,Nos gustaron las judías.
He eats corn.,/hiː iːts kɔːrn/,ji its corn.,Él come maíz.
This is a kidney bean.,/ðɪs ɪz ə ˈkɪdni biːn/,dis is a kidni bin.,Esto es una alubia roja.
The pepper is red.,/ðə ˈpɛpər ɪz rɛd/,de pepper is red.,El pimiento es rojo.
It is a radish.,/ɪt ɪz ə ˈrædɪʃ/,it is a radish.,Es un rábano.
We see an artichoke.,/wiː siː ən ˈɑːrtɪtʃəʊk/,wi si an artichok.,Vemos una alcachofa.
He lives in Europe.,/hiː lɪvz ɪn ˈjʊərəp/,ji livs in Europe.,Él vive en Europa.
It is the European Union.,/ɪt ɪz ðə ˌjʊərəˈpiːən ˈjuːniən/,it is de European Union.,Es la Unión Europea.
She is a European.,/ʃiː ɪz ə ˌjʊərəˈpiːən/,shi is a European.,Ella es europea.
It is a European car.,/ɪt ɪz ə ˌjʊərəˈpiːən kɑːr/,it is a European car.,Es un coche europeo.
I go to Austria.,/aɪ gəʊ tuː ˈɒstriə/,ai gou tu Austria.,Voy a Austria.
He is an Austrian.,/hiː ɪz ən ˈɒstriən/,ji is an Austrian.,Él es austriaco.
The food is Austrian.,/ðə fuːd ɪz ˈɒstriən/,de fud is Austrian.,La comida es austriaca.
We visit Great Britain.,/wiː ˈvɪzɪt ɡreɪt ˈbrɪtn/,wi visit Great Britain.,Visitamos Gran Bretaña.
She lives in England.,/ʃiː lɪvz ɪn ˈɪŋɡlənd/,shi livs in England.,Ella vive en Inglaterra.
He is British.,/hiː ɪz ˈbrɪtɪʃ/,ji is British.,Él es británico.
It is a British flag.,/ɪt ɪz ə ˈbrɪtɪʃ flæɡ/,it is a British flag.,Es una bandera británica.
I like Belgium.,/aɪ laɪk ˈbɛldʒəm/,ai laik Belgium.,Me gusta Bélgica.
I do not like Belgium.,/aɪ duː nɒt laɪk ˈbɛldʒəm/,ai du not laik Belgium.,No me gusta Bélgica.
Do you like Belgium?,/duː juː laɪk ˈbɛldʒəm/,du yu laik Belgium?,¿Te gusta Bélgica?
Where is Belgium?,/weər ɪz ˈbɛldʒəm/,wer is Belgium?,¿Dónde está Bélgica?
I liked Belgium.,/aɪ laɪkt ˈbɛldʒəm/,ai laikt Belgium.,Me gustó Bélgica.
She is a Belgian.,/ʃiː ɪz ə ˈbɛldʒən/,shi is a Belgian.,Ella es belga.
The dog is Belgian.,/ðə dɒɡ ɪz ˈbɛldʒən/,de dog is Belgian.,El perro es belga.
He is from Germany.,/hiː ɪz frɒm ˈdʒɜːməni/,ji is from Germany.,Él es de Alemania.
She is a German.,/ʃiː ɪz ə ˈdʒɜːmən/,shi is a German.,Ella es alemana.
The car is German.,/ðə kɑːr ɪz dʒɜːrmən/,de car is yerman.,El coche es alemán.
I live in the Netherlands.,/aɪ lɪv ɪn ðə ˈnɛðərləndz/,ai liv in de nederlands.,Vivo en los Países Bajos.
She is from Holland.,/ʃi ɪz frɒm hɒlənd/,shi is from joland.,Ella es de Holanda.
He is a Dutchman.,/hiː ɪz ə dʌtʃmən/,ji is a dachman.,Él es un holandés.
It is a Dutch cheese.,/ɪt ɪz ə dʌtʧ tʃiːz/,it is a dach chis.,Es un queso holandés.
Greece is very hot.,/griːs ɪz ˈvɛri hɒt/,gris is very jot.,Grecia es muy calurosa.
My friend is a Greek.,/maɪ frɛnd ɪz ə griːk/,mai frend is a grik.,Mi amigo es griego.
I like Greek food.,/aɪ laɪk griːk fuːd/,ai laik grik fud.,Me gusta la comida griega.
I do not like Greek food.,/aɪ duː nɒt laɪk griːk fuːd/,ai du not laik grik fud.,No me gusta la comida griega.
Do you like Greek food?,/duː juː laɪk griːk fuːd/,du yu laik grik fud?,¿Te gusta la comida griega?
What is in Greek food?,/wɒt ɪz ɪn griːk fuːd/,wot is in grik fud?,¿Qué lleva la comida griega?
I liked Greek food.,/aɪ laɪkt griːk fuːd/,ai laikt grik fud.,Me gustó la comida griega.
Denmark is a country.,/ˈdɛnmɑːrk ɪz ə ˈkʌntri/,denmark is a cantri.,Dinamarca es un país.
The man is a Dane.,/ðə mæn ɪz ə deɪn/,de man is a dein.,El hombre es danés.
She speaks Danish.,/ʃi spiːks ˈdeɪnɪʃ/,shi spiks deinich.,Ella habla danés.
Ireland is green.,/ˈaɪərlənd ɪz griːn/,airland is grin.,Irlanda es verde.
He is an Irishman.,/hiː ɪz ən ˈaɪərɪʃmən/,ji is an airmishman.,Él es un irlandés.
It is an Irish pub.,/ɪt ɪz ən ˈaɪərɪʃ pʌb/,it is an airmish pab.,Es un pub irlandés.
Iceland is cold.,/ˈaɪslənd ɪz kəʊld/,aisland is cold.,Islandia es fría.
She is an Icelander.,/ʃi ɪz ən ˈaɪsləndər/,shi is an aislander.,Ella es islandesa.
Do you speak Icelandic?,/duː juː spiːk aɪsˈlændɪk/,du yu spik aislendic.,¿Hablas islandés?
Spain is in Europe.,/speɪn ɪz ɪn ˈjʊərəp/,espein is in yurop.,España está en Europa.
The tourist is a Spaniard.,/ðə ˈtʊərɪst ɪz ə ˈspæniəd/,de turist is a spaniard.,El turista es español.
I love Spanish music.,/aɪ lʌv ˈspænɪʃ mjuːzɪk/,ai lav spanish miusic.,Me encanta la música española.
Italy is beautiful.,/ˈɪtəli ɪz ˈbjuːtɪfəl/,itali is biutiful.,Italia es hermosa.
My dad is an Italian.,/maɪ dæd ɪz ən ɪˈtæliən/,mi dad is an italian.,Mi papá es italiano.
We eat Italian pizza.,/wiː iːt ɪˈtæliən ˈpiːtsə/,ui it italian piza.,Comemos pizza italiana.
Cyprus is an island.,/ˈsaɪprəs ɪz ən ˈaɪlənd/,saiprus is an ailand.,Chipre es una isla.
He is a Cypriot.,/hiː ɪz ə ˈsɪpriət/,ji is a sipriot.,Él es chipriota.
He likes Cypriot food.,/hiː laɪks ˈsɪpriət fuːd/,ji laiks sipriot fud.,A él le gusta la comida chipriota.
Malta is an island.,/ˈmɔːltə ɪz ən ˈaɪlənd/,malta iz an ailand.,Malta es una isla.
She is a Maltese girl.,/ʃiː ɪz ə ˈmɔːltiːz ɡɜːl/,shi iz a maltesh gerl.,Ella es una chica maltesa.
I have a Maltese dog.,/aɪ hæv ə ˈmɔːltiːz dɒɡ/,ai jav a maltesh dog.,Tengo un perro maltés.
Norway is very cold.,/ˈnɔːweɪ ɪz ˈvɛri kəʊld/,noruei iz beri cold.,Noruega es muy fría.
He is a Norwegian man.,/hiː ɪz ə nɔːˈwiːdʒən mæn/,ji iz a norwegian man.,Él es un hombre noruego.
They speak Norwegian.,/ðeɪ spiːk nɔːˈwiːdʒən/,dei spik norwegian.,Ellos hablan noruego.
Portugal is near Spain.,/ˈpɔːtʃəɡəl ɪz nɪə speɪn/,portugal iz near espein.,Portugal está cerca de España.
She is a Portuguese woman.,/ʃiː ɪz ə ˌpɔːtʃʊˈɡiːz ˈwʊmən/,shi iz a portuchis human.,Ella es una mujer portuguesa.
I like Portuguese food.,/aɪ laɪk ˌpɔːtʃʊˈɡiːz fuːd/,ai laik portuchis fud.,Me gusta la comida portuguesa.
I do not like Portuguese food.,/aɪ duː nɒt laɪk ˌpɔːtʃʊˈɡiːz fuːd/,ai du not laik portuchis fud.,No me gusta la comida portuguesa.
Do you like Portuguese food?,/duː juː laɪk ˌpɔːtʃʊˈɡiːz fuːd/,du yu laik portuchis fud?,¿Te gusta la comida portuguesa?
Who likes Portuguese food?,/huː laɪks ˌpɔːtʃʊˈɡiːz fuːd/,ju laiks portuchis fud?,¿A quién le gusta la comida portuguesa?
I liked Portuguese food.,/aɪ laɪkt ˌpɔːtʃʊˈɡiːz fuːd/,ai laikt portuchis fud.,Me gustó la comida portuguesa.
Finland has many lakes.,/ˈfɪnlənd hæz ˈmɛni leɪks/,finland jaz mani leiks.,Finlandia tiene muchos lagos.
He is a Finn.,/hiː ɪz ə fɪn/,ji iz a fin.,Él es un finlandés.
Do you speak Finnish?,/duː juː spiːk ˈfɪnɪʃ/,du yu spik finish.,¿Hablas finlandés?
I live in France.,/aɪ lɪv ɪn frɑːns/,aif liv in frans.,Vivo en Francia.
He is a Frenchman.,/hiː ɪz ə ˈfrɛntʃmæn/,ji iz a frenchman.,Él es un francés.
I study French.,/aɪ ˈstʌdi frɛntʃ/,ai studi frensh.,Estudio francés.
Sweden is in Europe.,/ˈswiːdən ɪz ɪn ˈjʊərəp/,suiden iz in yurop.,Suecia está en Europa.
She is a Swede.,/ʃiː ɪz ə swiːd/,shi iz a suid.,Ella es sueca.
He eats Swedish meat.,/hiː iːts ˈswiːdɪʃ miːt/,ji its suidish mit.,Él come carne sueca.
Switzerland is small.,/ˈswɪtsələnd ɪz smɔːl/,suizerland iz esmol.,Suiza es pequeña.
The Swiss man is here.,/ðə swɪs mæn ɪz hɪə/,de suis man iz jier.,El hombre suizo está aquí.
I like Swiss cheese.,/aɪ laɪk swɪs tʃiːz/,ai laik suis chis.,Me gusta el queso suizo.
Scotland is beautiful.,/ˈskɒtlənd ɪz ˈbjuːtɪfəl/,escotland isi butiful.,Escocia es hermosa.
He is a Scottish man.,/hiː ɪz ə ˈskɒtɪʃ mæn/,ji iz a escotish man.,Él es un hombre escocés.
I like Scottish music.,/aɪ laɪk ˈskɒtɪʃ ˈmjuːzɪk/,ai laik escotish miusic.,Me gusta la música escocesa.
The Vatican is in Italy.,/ðə ˈvætɪkən ɪz ɪn ˈɪtəli/,de vatican iz in itali.,El Vaticano está en Italia.
Liechtenstein is a small country.,/ˈlɪktənstaɪn ɪz ə smɔːl ˈkʌntri/,liktenshtain iz es small country.,Liechtenstein es un país pequeño.
I live in Luxembourg.,/aɪ lɪv ɪn ˈlʌksəmbɜːg/,ai liv in luxembourg.,Vivo en Luxemburgo.
Monaco is near the sea.,/ˈmɒnəkoʊ ɪz nɪə ðə siː/,monaco iz near de si.,Mónaco está cerca del mar.
He is from Albania.,/hiː ɪz frɒm ælˈbeɪniə/,ji iz from albania.,Él es de Albania.
She is an Albanian.,/ʃiː ɪz æn ælˈbeɪniən/,shi iz an albanian.,Ella es albanesa.
I like Albanian food.,/aɪ laɪk ælˈbeɪniən fuːd/,ai laik albanian food.,Me gusta la comida albanesa.
I do not like Albanian food.,/aɪ duː nɒt laɪk ælˈbeɪniən fuːd/,ai du not laik albanian food.,No me gusta la comida albanesa.
Do you like Albanian food?,/duː juː laɪk ælˈbeɪniən fuːd/,du yu laik albanian food?,¿Te gusta la comida albanesa?
When do you eat Albanian food?,/wɛn duː juː iːt ælˈbeɪniən fuːd/,wen du yu it albanian food?,¿Cuándo comes comida albanesa?
I liked Albanian food.,/aɪ laɪkt ælˈbeɪniən fuːd/,ai laikt albanian food.,Me gustó la comida albanesa.
We go to Bulgaria.,/wiː goʊ tuː bʌlˈɡɛəriə/,ui gou tu bulgaria.,Vamos a Bulgaria.
He is a Bulgarian.,/hiː ɪz ə bʌlˈɡɛəriən/,ji iz es bulgarian.,Él es búlgaro.
It is a Bulgarian car.,/ɪt ɪz ə bʌlˈɡɛəriən kɑːr/,it iz es bulgarian car.,Es un coche búlgaro.
Hungary is a nice place.,/ˈhʌŋɡəri ɪz ə naɪs pleɪs/,jungary iz es nice pleis.,Hungría es un lugar bonito.
You are a Hungarian.,/juː ɑːr ə hʌŋˈɡɛəriən/,yu ar es hungarian.,Tú eres húngaro.
She speaks Hungarian.,/ʃiː spiːks hʌŋˈɡɛəriən/,shi spiks hungarian.,Ella habla húngaro.
I see Latvia on the map.,/aɪ siː ˈlætviə ɒn ðə mæp/,ai si latvia on de map.,Veo a Letonia en el mapa.
They are Latvians.,/ðeɪ ɑːr ˈlætviənz/,dei ar latvians.,Ellos son letones.
This is a Latvian name.,/ðɪs ɪz ə ˈlætviən neɪm/,dis iz es latvian neim.,Este es un nombre letón.
Lithuania is in Europe.,/ˌlɪθjuːˈeɪniə ɪz ɪn ˈjʊərəp/,lithuania iz in yurop.,Lituania está en Europa.
My friend is Lithuanian.,/maɪ frɛnd ɪz ˌlɪθjuːˈeɪniən/,mai frend iz lithuanian.,Mi amigo es lituano.
We study Lithuanian history.,/wiː ˈstʌdi ˌlɪθjuːˈeɪniən ˈhɪstri/,ui studi lithuanian jistori.,Estudiamos la historia lituana.
Poland is a big country.,/ˈpoʊlənd ɪz ə bɪg ˈkʌntri/,poland iz es big country.,Polonia es un país grande.
He is a Pole.,/hiː ɪz ə poʊl/,ji iz es pol.,Él es polaco.
I eat Polish food.,/aɪ iːt ˈpoʊlɪʃ fuːd/,ai iit polish food.,Como comida polaca.
I visit Romania.,/aɪ ˈvɪzɪt roʊˈmeɪniə/,ai visit romania.,Visito Rumania.
She is a Romanian.,/ʃiː ɪz ə roʊˈmeɪniən/,shi iz es romanian.,Ella es rumana.
It is a Romanian house.,/ɪt ɪz ə roʊˈmeɪniən haʊs/,it iz es romanian jaus.,Es una casa rumana.
I live in Serbia.,/aɪ lɪv ɪn ˈsɜːrbiə/,ai liv in serbia.,Vivo en Serbia.
He is a Serbian man.,/hiː ɪz ə ˈsɜːrbiən mæn/,ji is a serbian man.,Él es un hombre serbio.
It is a Serbian flag.,/ɪt ɪz ə ˈsɜːrbiən flæɡ/,it is a serbian flag.,Es una bandera serbia.
She is from Slovakia.,/ʃiː ɪz frɒm sləˈvækiə/,shi is from slovakia.,Ella es de Eslovaquia.
They are Slovak people.,/ðeɪ ɑːr ˈsloʊvæk ˈpiːpl/,dei ar slovak pipol.,Ellos son eslovacos.
I like Slovak food.,/aɪ laɪk ˈsloʊvæk fuːd/,ai laik slovak fud.,Me gusta la comida eslovaca.
We go to Croatia.,/wiː ɡoʊ tuː kroʊˈeɪʃə/,ui gou tu croatia.,Vamos a Croacia.
She is a Croatian woman.,/ʃiː ɪz ə kroʊˈeɪʃən ˈwʊmən/,shi is a croatian human.,Ella es una mujer croata.
He speaks Croatian well.,/hiː spiːks kroʊˈeɪʃən wɛl/,ji spiks croatian uel.,Él habla croata bien.
The Czech Republic is nice.,/ðə tʃɛk rɪˈpʌblɪk ɪz naɪs/,de chek republic is nais.,La República Checa es bonita.
My friend is Czech.,/maɪ frɛnd ɪz tʃɛk/,mai frend is chek.,Mi amigo es checo.
I like Czech beer.,/aɪ laɪk tʃɛk bɪr/,ai laik chek bir.,Me gusta la cerveza checa.
I visit Estonia.,/aɪ ˈvɪzɪt ɪˈstoʊniə/,ai visit estonia.,Visito Estonia.
You are an Estonian.,/juː ɑːr ən ɪˈstoʊniən/,yu ar an estonian.,Tú eres estonio.
It is an Estonian song.,/ɪt ɪz ən ɪˈstoʊniən sɒŋ/,it is an estonian song.,Es una canción estonia.
Bosnia-Herzegovina is beautiful.,/ˈbɒziə ˌhɜːrtsəɡoʊˈviːnə ɪz ˈbjuːtɪfl/,bosnia-herzegovina is biutiful.,Bosnia-Herzegovina es hermosa.
He comes from Macedonia.,/hiː kʌmz frɒm ˌmæsəˈdoʊniə/,ji kams from macedonia.,Él viene de Macedonia.
This map shows Slovenia.,/ðɪs mæp ʃoʊz sloʊˈviːniə/,dis map shous slovenia.,Este mapa muestra Eslovenia.
I see Montenegro.,/aɪ siː ˌmɒntɪˈniːɡroʊ/,ai si montenegro.,Veo Montenegro.
I read about Azerbaijan.,/aɪ riːd əˈbaʊt ˌæzərbaɪˈdʒɑːn/,ai rid about azerbaijan.,Leo sobre Azerbaiyán.
She is Azerbaijani.,/ʃiː ɪz ˌæzərbaɪˈdʒɑːni/,shi is azerbaijani.,Ella es azerbaiyana.
It is Azerbaijani music.,/ɪt ɪz ˌæzərbaɪˈdʒɑːni ˈmjuːzɪk/,it is azerbaijani miusic.,Es música azerbaiyana.
He works in Armenia.,/hiː wɜːrks ɪn ɑːrˈmiːniə/,ji uerks in armenia.,Él trabaja en Armenia.
They are Armenian.,/ðeɪ ɑːr ɑːrˈmiːniən/,dei ar armenian.,Ellos son armenios.
We eat Armenian food.,/wiː iːt ɑːrˈmiːniən fuːd/,ui iit armenian fud.,Comemos comida armenia.
I live in Belarus.,/aɪ lɪv ɪn ˌbɛləˈruːs/,ai liv in belarus.,Vivo en Bielorrusia.
He is a Belarusian.,/hiː ɪz ə ˌbɛləˈruːʒən/,ji is a belarushian.,Él es bielorruso.
It is a Belarusian city.,/ɪt ɪz ə ˌbɛləˈruːʒən ˈsɪti/,it is a belarushian siti.,Es una ciudad bielorrusa.
I like Georgia.,/aɪ laɪk ˈdʒɔːrdʒə/,ai laik yorshia.,Me gusta Georgia.
I do not like Georgia.,/aɪ duː nɒt laɪk ˈdʒɔːrdʒə/,ai du not laik yorshia.,No me gusta Georgia.
Do you like Georgia?,/duː juː laɪk ˈdʒɔːrdʒə/,du yu laik yorshia?,¿Te gusta Georgia?
Why do you like Georgia?,/waɪ duː juː laɪk ˈdʒɔːrdʒə/,wai du yu laik yorshia?,¿Por qué te gusta Georgia?
I liked Georgia.,/aɪ laɪkt ˈdʒɔːrdʒə/,ai laikt yorshia.,Me gustó Georgia.
She is a Georgian.,/ʃiː ɪz ə ˈdʒɔːrdʒən/,shi is a yorshian.,Ella es georgiana.
He speaks Georgian.,/hiː spiːks ˈdʒɔːrdʒən/,ji spiks yorshian.,Él habla georgiano.
Kazakhstan is very big.,/ˌkɑːzəkˈstɑːn ɪz ˈvɛri bɪɡ/,kazajistan is beri big.,Kazajistán es muy grande.
You are a Kazakh.,/juː ɑːr ə ˈkɑːzæk/,yu ar a kazaj.,Tú eres kazajo.
This is a Kazakh house.,/ðɪs ɪz ə ˈkɑːzæk haʊs/,dis is a kazaj jaus.,Esta es una casa kazaja.
Kirghizia is a country.,/kɪərˈɡiːziə ɪz ə ˈkʌntri/,khirguizia is a kantri.,Kirguizia es un país.
He is a Kirghiz.,/hiː ɪz ə ˈkɪərɡɪz/,ji is a khirguiz.,Él es kirguís.
I eat Kirghiz food.,/aɪ iːt ˈkɪərɡɪz fuːd/,ai iit khirguiz fud.,Como comida kirguís.
I go to Moldavia.,/aɪ ɡoʊ tuː mɒlˈdeɪviə/,ai gou tu moldavia.,Voy a Moldavia.
She is a Moldavian.,/ʃiː ɪz ə mɒlˈdeɪviən/,shi is a moldavian.,Ella es moldava.
It is a Moldavian song.,/ɪt ɪz ə mɒlˈdeɪviən sɒŋ/,it is a moldavian song.,Es una canción moldava.
I love Russia.,/aɪ lʌv ˈrʌʃə/,ai lav rushia.,Amo a Rusia.
They are Russian.,/ðeɪ ɑːr ˈrʌʃən/,dei ar rushian.,Ellos son rusos.
I study Russian.,/aɪ ˈstʌdi ˈrʌʃən/,ai studi rushian.,Estudio ruso.
Tajikistan is hot.,/ˌtɑːdʒɪkɪˈstɑːn ɪz hɒt/,tayikistan is jot.,Tayikistán está caliente.
He is a Tajik.,/hiː ɪz ə tɑːˈdʒiːk/,ji is a tayik.,Él es tayiko.
It is a Tajik tea.,/ɪt ɪz ə tɑːˈdʒiːk tiː/,it is a tayik ti.,Es un té tayiko.
I see Turkmenistan.,/aɪ siː ˌtɜːrkˌmɛnɪˈstɑːn/,ai si turkmenistan.,Veo Turkmenistán.
I don't see Turkmenistan.,/aɪ dəʊnt siː ˌtɜːrkmɛnɪˈstɑːn/,ai dont si turkmenistan.,No veo Turkmenistán.
Do you see Turkmenistan?,/duː juː siː ˌtɜːrkmɛnɪˈstɑːn/,du yu si turkmenistan?,¿Ves Turkmenistán?
Where do you see Turkmenistan?,/wɛə du juː siː ˌtɜːkmɛnɪˈstɑːn/,güer du iu si turkmenistan?,¿Dónde ves Turkmenistán?
I saw Turkmenistan.,/aɪ sɔː ˌtɜːrkmɛnɪˈstɑːn/,ai so turkmenistan.,Vi Turkmenistán.
She is a Turkmen.,/ʃiː ɪz ə ˈtɜːrkmən/,shi is a turkmen.,Ella es turcomana.
It is a Turkmen rug.,/ɪt ɪz ə ˈtɜːrkmən rʌɡ/,it is a turkmen rag.,Es una alfombra turcomana.
I like Uzbekistan.,/aɪ laɪk ˌʊzbɛkɪˈstɑːn/,ai laik usbekistan.,Me gusta Uzbekistán.
I don't like Uzbekistan.,/aɪ dəʊnt laɪk ˌʊzbɛkɪˈstɑːn/,ai dont laik usbekistan.,No me gusta Uzbekistán.
Do you like Uzbekistan?,/duː juː laɪk ˌʊzbɛkɪˈstɑːn/,du yu laik usbekistan?,¿Te gusta Uzbekistán?
Where is Uzbekistan?,/weər ɪz ˌʊzbɛkɪˈstɑːn/,uer iz usbekistan?,¿Dónde está Uzbekistán?
I liked Uzbekistan.,/aɪ laɪkt ˌʊzbɛkɪˈstɑːn/,ai laikt usbekistan.,Me gustó Uzbekistán.
He is an Uzbek.,/hiː ɪz ən ʊzbɛk/,ji is an uzbek.,Él es uzbeko.
It is an Uzbek car.,/ɪt ɪz ən ʊzbɛk kɑː/,it is an uzbek car.,Es un coche uzbeko.
I live in Ukraine.,/aɪ lɪv ɪn juːˈkreɪn/,ai liv in iukrein.,Vivo en Ucrania.
She is a Ukrainian.,/ʃiː ɪz ə juːˈkreɪniən/,shi is a iukreinian.,Ella es ucraniana.
He likes Ukrainian food.,/hiː laɪks juːˈkreɪniən fuːd/,ji laiks iukreinian food.,A él le gusta la comida ucraniana.
Asia is very big.,/ˈeɪʒə ɪz ˈvɛri bɪg/,eishia is beri big.,Asia es muy grande.
This is an Asian map.,/ðɪs ɪz ən ˈeɪʒən mæp/,dis is an eishian map.,Este es un mapa asiático.
She goes to Vietnam.,/ʃiː gəʊz tuː viːɛtˈnæm/,shi gous tu vietnam.,Ella va a Vietnam.
He is Vietnamese.,/hiː ɪz ˌvjɛtnəˈmiːz/,ji is vietnamese.,Él es vietnamita.
I like Vietnamese tea.,/aɪ laɪk ˌvjɛtnəˈmiːz tiː/,ai laik vietnamese ti.,Me gusta el té vietnamita.
I am from India.,/aɪ æm frɒm ˈɪndiə/,ai am from india.,Soy de la India.
They are Indian.,/ðeɪ ɑːr ˈɪndiən/,dei ar indian.,Ellos son indios.
This is an Indian movie.,/ðɪs ɪz ən ˈɪndiən ˈmuːvi/,dis is an indian muvi.,Esta es una película india.
Israel is a country.,/ˈɪzreɪəl ɪz ə ˈkʌntri/,isreil is a cantri.,Israel es un país.
My friend is Israeli.,/maɪ frɛnd ɪz ɪzˈreɪli/,mai frend is isreili.,Mi amigo es israelí.
It is an Israeli flag.,/ɪt ɪz ən ɪzˈreɪli flæg/,it is an isreili flag.,Es una bandera israelí.
He is a Jew.,/hiː ɪz ə dʒuː/,ji is a yu.,Él es judío.
She is a Jewess.,/ʃiː ɪz ə ˈdʒuːɪs/,shi is a yuis.,Ella es una judía.
It is a Jewish holiday.,/ɪt ɪz ə ˈdʒuːɪʃ ˈhɒlədeɪ/,it is a yuish joleidei.,Es un fiesta judía.
I like China.,/aɪ laɪk ˈtʃaɪnə/,ai laik chaina.,Me gusta China.
I do not like China.,/aɪ duː nɒt laɪk ˈtʃaɪnə/,ai du not laik chaina.,No me gusta China.
Do you like China?,/duː juː laɪk ˈtʃaɪnə/,du yu laik chaina?,¿Te gusta China?
Which part of China?,/wɪtʃ pɑːt ɒv ˈtʃaɪnə/,wich part ov chaina?,¿Qué parte de China?
I liked China.,/aɪ laɪkt ˈtʃaɪnə/,ai laikt chaina.,Me gustó China.
She is Chinese.,/ʃiː ɪz tʃaɪˈniːz/,shi is chainis.,Ella es china.
We eat Chinese food.,/wiː iːt tʃaɪˈniːz fuːd/,ui it chainis food.,Comemos comida china.
He is a Korean.,/hiː ɪz ə kəˈriːən/,ji is a korean.,Él es coreano.
I study Korean.,/aɪ ˈstʌdi kəˈriːən/,ai studi korean.,Estudio coreano.
Lebanon is beautiful.,/ˈlɛbənɒn ɪz ˈbjuːtɪfʊl/,lebanon is biutiful.,Líbano es hermoso.
He is a Lebanese man.,/hiː ɪz ə ˌlɛbəˈniːz mæn/,ji is a lebanes man.,Él es un hombre libanés.
I like Lebanese food.,/aɪ laɪk ˌlɛbəˈniːz fuːd/,ai laik lebanes fud.,Me gusta la comida libanesa.
I don't like Lebanese food.,/aɪ dəʊnt laɪk ˌlɛbəˈniːz fuːd/,ai dont laik lebanes fud.,No me gusta la comida libanesa.
Do you like Lebanese food?,/duː juː laɪk ˌlɛbəˈniːz fuːd/,du yu laik lebanes fud?,¿Te gusta la comida libanesa?
What is your favorite Lebanese food?,/wɒt ɪz jɔː ˈfeɪvərɪt ˌlɛbəˈniːz fuːd/,uat iz yor feivorit lebanes fud?,¿Cuál es tu comida libanesa favorita?
I liked Lebanese food.,/aɪ laɪkt ˌlɛbəˈniːz fuːd/,ai laikt lebanes fud.,Me gustó la comida libanesa.
She lives in Mongolia.,/ʃiː lɪvz ɪn mɒŋˈɡəʊliə/,shi livs in mongolia.,Ella vive en Mongolia.
My friend is Mongolian.,/maɪ frɛnd ɪz mɒŋˈɡəʊliən/,mai frend is mongolian.,Mi amigo es mongol.
It is a Mongolian name.,/ɪt ɪz ə mɒŋˈɡəʊliən neɪm/,it is a mongolian neim.,Es un nombre mongol.
Malaysia is a hot country.,/məˈleɪʒə ɪz ə hɒt ˈkʌntri/,malaysia is a hot kantri.,Malasia es un país caluroso.
They are Malaysian.,/ðeɪ ɑː məˈleɪʒn/,dei ar malaysian.,Ellos son malasios.
This is a Malaysian car.,/ðɪs ɪz ə məˈleɪʒn kɑː/,dis is a malaysian kar.,Este es un coche malasio.
I go to Pakistan.,/aɪ ɡəʊ tuː ˌpækɪˈstɑːn/,ai gou tu pakistan.,Voy a Pakistán.
He is a Pakistani boy.,/hiː ɪz ə ˌpækɪˈstɑːni bɔɪ/,ji is a pakistani boi.,Él es un niño paquistaní.
She speaks Pakistani Urdu.,/ʃiː spiːks ˌpækɪˈstɑːni ʊəduː/,shi spiks pakistani urdu.,Ella habla urdú paquistaní.
Saudi Arabia is big.,/ˌsaʊdi əˈreɪbiə ɪz bɪɡ/,saudi arabia is big.,Arabia Saudita es grande.
He is an Arab man.,/hiː ɪz æn ˈærəb mæn/,ji is an arab man.,Él es un hombre árabe.
It is an Arabian horse.,/ɪt ɪz æn əˈreɪbiən hɔːs/,it is an arabian jors.,Es un caballo árabe.
We live in Thailand.,/wiː lɪv ɪn ˈtaɪlænd/,wi liv in tailand.,Vivimos en Tailandia.
She is a Thai woman.,/ʃiː ɪz ə taɪ ˈwʊmən/,shi is a tai wuman.,Ella es una mujer tailandesa.
I eat Thai food.,/aɪ iːt taɪ fuːd/,ai iit tai fud.,Como comida tailandesa.
Taiwan is an island.,/ˌtaɪˈwɑːn ɪz æn ˈaɪlənd/,taiwan is an ailand.,Taiwán es una isla.
He is Taiwanese.,/hiː ɪz ˌtaɪwəˈniːz/,ji is taiwanese.,Él es taiwanés.
I speak Taiwanese.,/aɪ spiːk ˌtaɪwəˈniːz/,ai spik taiwanese.,Hablo taiwanés.
I love Turkey.,/aɪ lʌv ˈtɜːki/,ai lav turki.,Amo Turquía.
The Turk is nice.,/ðə tɜːk ɪz naɪs/,de turk is nais.,El turco es agradable.
It is Turkish tea.,/ɪt ɪz ˈtɜːkʃ tiː/,it is turkish ti.,Es té turco.
She is from Japan.,/ʃiː ɪz frɒm dʒəˈpæn/,shi is from yapan.,Ella es de Japón.
He is Japanese.,/hiː ɪz ˌdʒæpəˈniːz/,ji is yapanese.,Él es japonés.
I like Japanese food.,/aɪ laɪk dʒæpəˈniːz fuːd/,ai laik yapaniis fud.,Me gusta la comida japonesa.
I don't like Japanese food.,/aɪ dəʊnt laɪk dʒæpəˈniːz fuːd/,ai dont laik yapaniis fud.,No me gusta la comida japonesa.
Do you like Japanese food?,/duː juː laɪk dʒæpəˈniːz fuːd/,du yu laik yapaniis fud?,¿Te gusta la comida japonesa?
Who likes Japanese food?,/huː laɪks dʒæpəˈniːz fuːd/,ju laiks yapaniis fud?,¿A quién le gusta la comida japonesa?
I liked Japanese food.,/aɪ laɪkt dʒæpəˈniːz fuːd/,ai laikt yapaniis fud.,Me gustó la comida japonesa.
He is from Afghanistan.,/hiː ɪz frɒm æfˈɡænɪstæn/,ji is from afganistan.,Él es de Afganistán.
She lives in Bangladesh.,/ʃiː lɪvz ɪn ˌbæŋɡləˈdɛʃ/,shi livs in bangladesh.,Ella vive en Bangladés.
It is hot in Indonesia.,/ɪt ɪz hɒt ɪn ˌɪndəˈniːʒə/,it is hot in indonesia.,Hace calor en Indonesia.
Jordan is a country.,/ˈdʒɔːrdən ɪz ə ˈkʌntri/,yordan is a cantri.,Jordania es un país.
They went to Iraq.,/ðeɪ wɛnt tuː ɪˈrɑːk/,dei uent tu irak.,Ellos fueron a Irak.
Iran is in Asia.,/ɪˈrɑːn ɪz ɪn ˈeɪʒə/,iran is in eisia.,Irán está en Asia.
I visit Cambodia.,/aɪ ˈvɪzɪt kæmˈbəʊdiə/,ai visit cambodia.,Visito Camboya.
This is Kuwait.,/ðɪs ɪz kəˈweɪt/,dis is kuueit.,Esto es Kuwait.
Laos is beautiful.,/laʊs ɪz ˈbjuːtɪfʊl/,laus is biutiful.,Laos es hermoso.
Myanmar is hot.,/ˈmjænmɑːr ɪz hɒt/,mianmar is hot.,Birmania es caluroso.
I see Nepal.,/aɪ siː nɪˈpɔːl/,ai si nepal.,Veo Nepal.
He likes the United Arab Emirates.,/hiː laɪks ðə juːˌnaɪtɪd ˈærəb ɪmˈɪrəts/,ji laiks de iunaitid arab emirats.,Le gustan los Emiratos Árabes Unidos.
She is from Syria.,/ʃiː ɪz frɒm ˈsɪriə/,shi is from siria.,Ella es de Siria.
Palestine is old.,/ˈpæləstaɪn ɪz əʊld/,palestain is old.,Palestina es antigua.
I go to South Korea.,/aɪ ɡəʊ tuː saʊθ kəˈriːə/,ai gou tu saus koria.,Voy a Corea del Sur.
North Korea is there.,/nɔːθ kəˈriːə ɪz ðeə/,norz koria is der.,Corea del Norte está ahí.
I love the United States of America.,/aɪ lʌv ðə juːnaɪtɪd steɪts əv əˈmɛrɪkə/,ai lav de iunaitid steits ov america.,Amo a los Estados Unidos de América.
He is American.,/hiː ɪz əˈmɛrɪkən/,ji is american.,Él es americano.
I like American cars.,/aɪ laɪk əˈmɛrɪkən kɑːrz/,ai laik american cars.,Me gustan los coches americanos.
Canada is big.,/ˈkænədə ɪz bɪɡ/,canada is big.,Canadá es grande.
She is Canadian.,/ʃiː ɪz kəˈneɪdiən/,shi is canadian.,Ella es canadiense.
It is Canadian money.,/ɪt ɪz kəˈneɪdiən ˈmʌni/,it is canadian mani.,Es dinero canadiense.
I visit Mexico.,/aɪ ˈvɪzɪt ˈmɛksɪkoʊ/,ai visit mexico.,Visito México.
He is Mexican.,/hiː ɪz ˈmɛksɪkən/,ji is mexican.,Él es mexicano.
I like Mexican food.,/aɪ laɪk ˈmɛksɪkən fuːd/,ai laik meksikan fud.,Me gusta la comida mexicana.
I don't like Mexican food.,/aɪ dəʊnt laɪk ˈmɛksɪkən fuːd/,ai dont laik meksikan fud.,No me gusta la comida mexicana.
Do you like Mexican food?,/duː juː laɪk ˈmɛksɪkən fuːd/,du yu laik meksikan fud?,¿Te gusta la comida mexicana?
How often do you eat Mexican food?,/haʊ ˈɒfən duː juː iːt ˈmɛksɪkən fuːd/,jau ofen du yu iit meksikan fud?,¿Con qué frecuencia comes comida mexicana?
I liked Mexican food.,/aɪ laɪkt ˈmɛksɪkən fuːd/,ai laikt meksikan fud.,Me gustó la comida mexicana.
He is from Argentina.,/hiː ɪz frɒm ˌɑːdʒənˈtiːnə/,ji is from arhentina.,Él es de Argentina.
She is an Argentinian.,/ʃiː ɪz ən ˌɑːdʒənˈtɪniən/,shi is an arhentinian.,Ella es argentina.
It is an Argentinian song.,/ɪt ɪz ən ˌɑːdʒənˈtɪniən sɒŋ/,it is an arhentinian song.,Es una canción argentina.
Brazil is a big country.,/brəˈzɪl ɪz ə bɪg ˈkʌntri/,brazil is a big cantri.,Brasil es un país grande.
He is a Brazilian.,/hiː ɪz ə brəˈzɪliən/,ji is a brazilian.,Él es brasileño.
I like Brazilian coffee.,/aɪ laɪk brəˈzɪliən ˈkɒfi/,ai laik brazilian coffee.,Me gusta el café brasileño.
They live in Colombia.,/ðeɪ lɪv ɪn kəˈlʌmbiə/,dei liv in colombia.,Ellos viven en Colombia.
My friend is a Colombian.,/maɪ frɛnd ɪz ə kəˈlʌmbiən/,mai frend is a colombian.,Mi amigo es colombiano.
This is Colombian music.,/ðɪs ɪz kəˈlʌmbiən ˈmjuːzɪk/,dis is colombian music.,Esta es música colombiana.
I want to go to Cuba.,/aɪ wɒnt tuː ɡəʊ tuː ˈkjuːbə/,ai want tu gou tu kuba.,Quiero ir a Cuba.
She is a Cuban.,/ʃiː ɪz ə ˈkjuːbən/,shi is a kuban.,Ella es cubana.
We eat Cuban food.,/wiː iːt ˈkjuːbən fuːd/,ui iit kuban fud.,Comemos comida cubana.
Chile is a long country.,/ˈtʃɪli ɪz ə lɒŋ ˈkʌntri/,chile is a long cantri.,Chile es un país largo.
He is a Chilean.,/hiː ɪz ə ˈtʃɪliən/,ji is a chilean.,Él es chileno.
I like Chilean wine.,/aɪ laɪk ˈtʃɪliən waɪn/,ai laik chilean uain.,Me gusta el vino chileno.
Bolivia has high mountains.,/bəˈlɪviə hæz haɪ ˈmaʊntɪnz/,bolivia jas jain mauntins.,Bolivia tiene montañas altas.
She is from Venezuela.,/ʃiː ɪz frɒm ˌvɛnəˈzweɪlə/,shi is from benesuela.,Ella es de Venezuela.
Paraguay is a small country.,/ˈpærəɡwaɪ ɪz ə smɔːl ˈkʌntri/,paraguai is a small cantri.,Paraguay es un país pequeño.
I visit Peru next year.,/aɪ ˈvɪzɪt pəˈruː nɛkst jɪə/,ai visit peru next yiar.,Visito Perú el próximo año.
Suriname is near Brazil.,/ˌsʊərɪˈnæmə ɪz nɪə brəˈzɪl/,suriname is near brazil.,Surinam está cerca de Brasil.
Uruguay is in the south.,/ˌjʊərəˈɡwaɪ ɪz ɪn ðə saʊθ/,uruguay is in de sauz.,Uruguay está en el sur.
He lives in Ecuador.,/hiː lɪvz ɪn ˈɛkwədɔː/,ji livs in ecuador.,Él vive en Ecuador.
The Bahamas are beautiful.,/ðə bəˈhɑːməz ɑː ˈbjuːtɪfʊl/,de bahamas ar biutiful.,Las Bahamas son hermosas.
Haiti is in the Caribbean.,/ˈheɪti ɪz ɪn ðə ˌkærɪˈbiːən/,jeiti is in de caribbean.,Haití está en el Caribe.
I live in the Dominican Republic.,/aɪ lɪv ɪn ðə dəˈmɪnɪkən rɪˈpʌblɪk/,ai liv in de dominikan repablic.,Vivo en la República Dominicana.
He is from Panama.,/hiː ɪz frɒm pænəˈmɑː/,ji is from panama.,Él es de Panamá.
We like Jamaica.,/wiː laɪk dʒəˈmeɪkə/,ui laik yameika.,Nos gusta Jamaica.
We don't like Jamaica.,/wiː dəʊnt laɪk dʒəˈmeɪkə/,ui dont laik yameika.,No nos gusta Jamaica.
Do you like Jamaica?,/duː juː laɪk dʒəˈmeɪkə/,du yu laik yameika?,¿Les gusta Jamaica?
Why do we like Jamaica?,/waɪ duː wiː laɪk dʒəˈmeɪkə/,uay du ui laik yameika?,¿Por qué nos gusta Jamaica?
We liked Jamaica.,/wiː laɪkt dʒəˈmeɪkə/,ui laikt yameika.,Nos gustó Jamaica.
She goes to Egypt.,/ʃiː gəʊz tuː ˈiːdʒɪpt/,shi gous tu iyipt.,Ella va a Egipto.
He is an Egyptian.,/hiː ɪz ən ɪˈdʒɪpʃən/,ji is an iygipshon.,Él es egipcio.
It is an Egyptian cat.,/ɪt ɪz ən ɪˈdʒɪpʃən kæt/,it is an iygipshon kat.,Es un gato egipcio.
I visit Morocco.,/aɪ ˈvɪzɪt məˈrɒkəʊ/,ai visit moroco.,Visito Marruecos.
You are a Moroccan.,/juː ɑːr ə məˈrɒkən/,yu ar a morocan.,Tú eres marroquí.
This is a Moroccan house.,/ðɪs ɪz ə məˈrɒkən haʊs/,dis is a morocan jaus.,Esta es una casa marroquí.
Tunisia is hot.,/tjuːˈnɪziə ɪz hɒt/,tunisia is jot.,Túnez es caliente.
She is a Tunisian.,/ʃiː ɪz ə tjuːˈnɪziən/,shi is a tunisian.,Ella es tunecina.
It is a Tunisian flag.,/ɪt ɪz ə tjuːˈnɪziən flæg/,it is a tunisian flag.,Es una bandera tunecina.
I like Ghana.,/aɪ laɪk ˈɡɑːnə/,ai laik gana.,Me gusta Ghana.
I don't like Ghana.,/aɪ dəʊnt laɪk ˈɡɑːnə/,ai dont laik gana.,No me gusta Ghana.
Do you like Ghana?,/duː juː laɪk ˈɡɑːnə/,du yu laik gana?,¿Te gusta Ghana?
How much do you like Ghana?,/haʊ mʌtʃ duː juː laɪk ˈɡɑːnə/,jau mach du yu laik gana?,¿Cuánto te gusta Ghana?
I liked Ghana.,/aɪ laɪkt ˈɡɑːnə/,ai laikt gana.,Me gustó Ghana.
We go to Zanzibar.,/wiː gəʊ tuː ˈzænzɪbɑː/,ui gou tu zanzibar.,Vamos a Zanzíbar.
Kenya is beautiful.,/ˈkɛnjə ɪz ˈbjuːtɪfl/,kenia is butifol.,Kenia es hermoso.
He sees Libya.,/hiː siːz ˈlɪbiə/,ji sis libia.,Él ve Libia.
It is in Madagascar.,/ɪt ɪz ɪn ˌmædəˈɡæskə/,it is in madagascar.,Está en Madagascar.
Namibia is big.,/nəˈmɪbiə ɪz bɪɡ/,namibia is big.,Namibia es grande.
I love Senegal.,/aɪ lʌv ˌsɛnɪˈɡɔːl/,ai lov senegal.,Amo Senegal.
She is in Tanzania.,/ʃiː ɪz ɪn ˌtænzəˈniːə/,shi is in tanzania.,Ella está en Tanzania.
You live in South Africa.,/juː lɪv ɪn saʊθ ˈæfrɪkə/,yu liv in sauz afrika.,Vives en Sudáfrica.
He is an African.,/hiː ɪz ən ˈæfrɪkən/,ji is an african.,Él es africano.
This is an African lion.,/ðɪs ɪz ən ˈæfrɪkən ˈlaɪən/,dis is an african laion.,Este es un león africano.
We go to Australia.,/wiː gəʊ tuː ɒsˈtreɪliə/,ui gou tu ostreilia.,Vamos a Australia.
She is an Australian.,/ʃiː ɪz ən ɒsˈtreɪliən/,shi is an ostreilian.,Ella es australiana.
He is Australian.,/hiː ɪz ɒˈstreɪliən/,ji is ostreilian.,Él es australiano.
I live in New Zealand.,/aɪ lɪv ɪn njuː ˈziːlənd/,ai liv in nu ziland.,Vivo en Nueva Zelanda.
She is a New Zealander.,/ʃiː ɪz ə njuː ˈziːləndə/,shi is a nu zilander.,Ella es neozelandesa.
It is a New Zealand city.,/ɪt ɪz ə njuː ˈziːlənd ˈsɪti/,it is a nu ziland siti.,Es una ciudad neozelandesa.
We go to Tasmania.,/wiː ɡəʊ tuː tæzˈmeɪniə/,ui gou tu tasmienia.,Vamos a Tasmania.
French Polynesia is beautiful.,/frɛntʃ ˌpɒlɪˈniːʒə ɪz ˈbjuːtɪfl/,french polinia is biutiful.,La Polinesia Francesa es hermosa.
Amsterdam is a city.,/ˈæmstədæm ɪz ə ˈsɪti/,amsterdam is a siti.,Ámsterdam es una ciudad.
He lives in Ankara.,/hiː lɪvz ɪn ˈæŋkərə/,ji livs in ankara.,Él vive en Ankara.
Athens is old.,/ˈæθənz ɪz əʊld/,azins is old.,Atenas es antigua.
Baghdad is a big city.,/bæɡˈdæd ɪz ə bɪɡ ˈsɪti/,bagdad is a big siti.,Bagdad es una ciudad grande.
I like Bangkok.,/aɪ laɪk bæŋˈkɒk/,ai laik bangkok.,Me gusta Bangkok.
I don't like Bangkok.,/aɪ dəʊnt laɪk bæŋˈkɒk/,ai dont laik bangkok.,No me gusta Bangkok.
Do you like Bangkok?,/duː juː laɪk bæŋˈkɒk/,du yu laik bangkok?,¿Te gusta Bangkok?
When did you visit Bangkok?,/wen dɪd juː ˈvɪzɪt bæŋˈkɒk/,uen did yu visit bangkok?,¿Cuándo visitaste Bangkok?
I liked Bangkok.,/aɪ laɪkt bæŋˈkɒk/,ai laikt bangkok.,Me gustó Bangkok.
She visits Barcelona.,/ʃiː ˈvɪzɪts ˌbɑːsəˈloʊnə/,shi visits barselona.,Ella visita Barcelona.
Beijing is in China.,/beɪˈdʒɪŋ ɪz ɪn ˈtʃaɪnə/,beijing is in chaina.,Pekín está en China.
It is Beirut.,/ɪt ɪz beɪˈruːt/,it is beirut.,Es Beirut.
Berlin is in Germany.,/bɜːˈlɪn ɪz ɪn ˈdʒɜːməni/,berlin is in yermani.,Berlín está en Alemania.
Mumbai is a city.,/mʊmˈbaɪ ɪz ə ˈsɪti/,umbai is a siti.,Mumbai es una ciudad.
Bonn is nice.,/bɒn ɪz naɪs/,bon is nais.,Bonn es agradable.
We go to Bordeaux.,/wiː ɡəʊ tuː bɔːrˈdoʊ/,ui gou tu bordeu.,Vamos a Burdeos.
Bratislava is a capital.,/ˌbrætɪˈslɑːvə ɪz ə ˈkæpɪtl/,bratislava is a capital.,Bratislava es una capital.
He is from Brussels.,/hiː ɪz frɒm ˈbrʌsəlz/,ji is from brusels.,Él es de Bruselas.
Bucharest is big.,/ˌbjuːkəˈrɛst ɪz bɪɡ/,biukarest is big.,Bucarest es grande.
I see Budapest.,/aɪ siː ˈbuːdəpɛst/,ai si budapest.,Veo Budapest.
Cairo is hot.,/ˈkaɪroʊ ɪz hɒt/,cairo is jot.,El Cairo está caliente.
She likes Calcutta.,/ʃiː laɪks kælˈkʌtə/,shi laiks calkuta.,A ella le gusta Calcuta.
Chicago is in America.,/ʃɪˈkɑːɡoʊ ɪz ɪn əˈmɛrɪkə/,shicago is in amerika.,Chicago está en América.
I live in Copenhagen.,/aɪ lɪv ɪn ˌkəʊpənˈheɪgən/,ai liv in jopen-jeigan.,Vivo en Copenhague.
She is from Dar-es-Salaam.,/ʃiɪz frɒm ˌdɑːr ɛs səˈlɑːm/,shi is from dar es salam.,Ella es de Dar es Salaam.
We go to Delhi.,/wiː gəʊ tuː ˈdɛli/,ui gou tu deli.,Vamos a Delhi.
Dubai is a big city.,/dʊˈbaɪ ɪz ə bɪg ˈsɪti/,dubai is a big siti.,Dubái es una ciudad grande.
He likes Dublin.,/hiː laɪks ˈdʌblɪn/,ji laiks dublin.,A él le gusta Dublín.
It is in Düsseldorf.,/ɪt ɪz ɪn ˈdʊsəldɔːrf/,it is in duseldorf.,Está en Düsseldorf.
Florence is very old.,/ˈflɒrəns ɪz ˈvɛri əʊld/,florens is beri old.,Florencia es muy antigua.
I see Frankfurt.,/aɪ siː ˈfraŋkfɜːrt/,ai si frankfurt.,Veo Frankfurt.
She loves Geneva.,/ʃiː lʌvz dʒəˈniːvə/,shi lavs ginebra.,Ella ama Ginebra.
The Hague is nice.,/ðə heɪɡ ɪz naɪs/,de jeig is nais.,El Haya es agradable.
Hamburg is a port.,/ˈhæmbɜːrɡ ɪz ə pɔːrt/,jamburg is a port.,Hamburgo es un puerto.
We visit Hanoi.,/wiː ˈvɪzɪt hænɔɪ/,ui visit janoi.,Visitamos Hanói.
I like Havana.,/aɪ laɪk həˈvænə/,ai laik jabana.,Me gusta La Habana.
I don't like Havana.,/aɪ dəʊnt laɪk həˈvænə/,ai dont laik jabana.,No me gusta La Habana.
Do you like Havana?,/duː juː laɪk həˈvænə/,du yu laik jabana?,¿Te gusta La Habana?
How much do you like Havana?,/haʊ mʌtʃ duː juː laɪk həˈvænə/,jau mach du yu laik jabana?,¿Cuánto te gusta La Habana?
I liked Havana.,/aɪ laɪkt həˈvænə/,ai laikt jabana.,Me gustó La Habana.
He goes to Helsinki.,/hiː gəʊz tuː ˈhɛlsɪŋki/,ji gou tu jelsinki.,Él va a Helsinki.
Hiroshima is in Japan.,/ˌhɪrəˈʃiːmə ɪz ɪn dʒəˈpæn/,jiroshima is in yapan.,Hiroshima está en Japón.
We know Hong Kong.,/wiː nəʊ hɒŋ kɒŋ/,ui nou jong kong.,Conocemos Hong Kong.
It is Istanbul.,/ɪt ɪz ˌɪstænˈbʊl/,it is istanbul.,Es Estambul.
She visits Jerusalem.,/ʃiː ˈvɪzɪts dʒəˈruːsələm/,shi visits yerusalen.,Ella visita Jerusalén.
I read about Kiev.,/aɪ riːd əˈbaʊt kiːˈɛf/,ai rid about kief.,Leo sobre Kiev.
Kuala Lumpur is hot.,/ˌkwɑːlə ˈlʊmpʊər ɪz hɒt/,kwala lumpur is jot.,Kuala Lumpur está caliente.
I like Lisbon.,/aɪ laɪk ˈlɪzbən/,ai laik lisbon.,Me gusta Lisboa.
I don't like Lisbon.,/aɪ dəʊnt laɪk ˈlɪzbən/,ai dont laik lisbon.,No me gusta Lisboa.
Do you like Lisbon?,/duː juː laɪk ˈlɪzbən/,du yu laik lisbon?,¿Te gusta Lisboa?
What do you like about Lisbon?,/wɒt duː juː laɪk əˈbaʊt ˈlɪzbən/,guot du yu laik abaut lisbon?,¿Qué te gusta de Lisboa?
I liked Lisbon.,/aɪ laɪkt ˈlɪzbən/,ai laikt lisbon.,Me gustó Lisboa.
I live in London.,/aɪ lɪv ɪn ˈlʌndən/,ai liv in london.,Vivo en Londres.
Los Angeles is big.,/lɒs ˈændʒəliːz ɪz bɪg/,los angeles is big.,Los Ángeles es grande.
He goes to Lyons.,/hiː gəʊz tuː ˈlaɪənz/,ji gou tu laions.,Él va a Lyon.
Madrid is beautiful.,/məˈdrɪd ɪz ˈbjuːtɪfəl/,madrid is butiful.,Madrid es hermosa.
I live in Marseille.,/aɪ lɪv ɪn mɑːrˈseɪ/,ai liv in marsei.,Vivo en Marsella.
She is from Mexico City.,/ʃiː ɪz frɒm ˈmɛksɪkoʊ ˈsɪti/,shi is from meksikou siti.,Ella es de la Ciudad de México.
We go to Miami.,/wiː ɡoʊ tuː maɪˈæmi/,ui gou tu miami.,Vamos a Miami.
Montreal is a big city.,/ˌmʌntriːˈɒl ɪz ə bɪɡ ˈsɪti/,montreal is a big siti.,Montreal es una gran ciudad.
He lives in Moscow.,/hiː lɪvz ɪn ˈmɒskoʊ/,ji livs in moscou.,Él vive en Moscú.
I like Munich.,/aɪ laɪk ˈmjuːnɪk/,ai laik miunik.,Me gusta Múnich.
I don't like Munich.,/aɪ dəʊnt laɪk ˈmjuːnɪk/,ai dont laik miunik.,No me gusta Múnich.
Do you like Munich?,/duː juː laɪk ˈmjuːnɪk/,du yu laik miunik?,¿Te gusta Múnich?
Why do you like Munich?,/waɪ duː juː laɪk ˈmjuːnɪk/,uai du yu laik miunik?,¿Por qué te gusta Múnich?
I liked Munich.,/aɪ laɪkt ˈmjuːnɪk/,ai laikt miunik.,Me gustó Múnich.
Nairobi is in Kenya.,/naɪˈroʊbi ɪz ɪn ˈkiːnjə/,nairobi is in kenia.,Nairobi está en Kenia.
Naples is very old.,/ˈneɪpəlz ɪz ˈvɛri oʊld/,neipls is beri old.,Nápoles es muy antigua.
I love New York.,/aɪ lʌv nuː jɔːrk/,ai lav nu york.,Amo Nueva York.
Nice is in France.,/niːs ɪz ɪn fræns/,nis is in frans.,Niza está en Francia.
It is cold in Oslo.,/ɪt ɪz koʊld ɪn ˈɒzloʊ/,it is cold in oslo.,Hace frío en Oslo.
Ottawa is the capital.,/ˈɒtəwə ɪz ðə ˈkæpɪtəl/,otawa is de capital.,Ottawa es la capital.
We visit Paris.,/wiː ˈvɪzɪt ˈpærɪs/,ui visit paris.,Visitamos París.
Prague is beautiful.,/prɑːɡ ɪz ˈbjuːtɪfəl/,prag is biutiful.,Praga es hermosa.
Rio de Janeiro is hot.,/ˈriːoʊ diː dʒəˈnɛroʊ ɪz hɒt/,rio de yaneiro is jot.,Río de Janeiro está caluroso.
Rome has old buildings.,/roʊm hæz oʊld ˈbɪldɪŋz/,rom jas old bildings.,Roma tiene edificios antiguos.
I go to Saint Petersburg.,/aɪ ɡoʊ tuː seɪnt ˈpiːtərbɜːrɡ/,ai gou tu saint peterburg.,Voy a San Petersburgo.
Seoul is a big city.,/soʊl ɪz ə bɪɡ ˈsɪti/,soul is a big siti.,Seúl es una ciudad grande.
Shanghai is very busy.,/ʃæŋˈhaɪ ɪz ˈvɛri ˈbɪzi/,shangjai is beri bisi.,Shanghái es muy ocupada.
I fly to Singapore.,/aɪ flaɪ tuː ˌsɪŋəˈpɔːr/,ai flai tu singapor.,Vuelo a Singapur.
Stockholm is nice.,/ˈstɒkhoʊm ɪz naɪs/,stokjolm is nais.,Estocolmo es bonito.
Sydney has a beach.,/ˈsɪdni hæz ə biːtʃ/,sidni jas a bich.,Sídney tiene una playa.
She lives in Taipei.,/ʃiː lɪvz ɪn ˈtaɪˈpeɪ/,shi livs in taipei.,Ella vive en Taipéi.
Tokyo is in Japan.,/ˈtoʊkioʊ ɪz ɪn dʒəˈpæn/,tokio is in yapan.,Tokio está en Japón.
I like Toronto.,/aɪ laɪk təˈrɒntoʊ/,ai laik toronto.,Me gusta Toronto.
I don't like Toronto.,/aɪ dəʊnt laɪk təˈrɒntoʊ/,ai dont laik toronto.,No me gusta Toronto.
Do you like Toronto?,/duː juː laɪk təˈrɒntoʊ/,du yu laik toronto?,¿Te gusta Toronto?
When did you visit Toronto?,/wɛn dɪd juː ˈvɪzɪt təˈrɒntoʊ/,guen did yu visit toronto?,¿Cuándo visitaste Toronto?
I liked Toronto.,/aɪ laɪkt təˈrɒntoʊ/,ai laikt toronto.,Me gustó Toronto.
Venice is a beautiful city.,/ˈvɛnɪs ɪz ə ˈbjuːtɪfʊl ˈsɪti/,venis is a biutiful siti.,Venecia es una ciudad hermosa.
Vienna is the capital of Austria.,/viˈɛnə ɪz ðə ˈkæpɪtəl ɒv ˈɒstriə/,viena is de capital of ostria.,Viena es la capital de Austria.
Warsaw is in Poland.,/ˈwɔːsɔː ɪz ɪn ˈpəʊlənd/,guorsor is in poland.,Varsovia está en Polonia.
Washington is a big city.,/ˈwɒʃɪŋtən ɪz ə bɪg ˈsɪti/,uoshington is a big siti.,Washington es una ciudad grande.
I like politics.,/aɪ laɪk ˈpɒlɪtɪks/,ai laik polutiks.,Me gusta la política.
I don't like politics.,/aɪ dəʊnt laɪk ˈpɒlɪtɪks/,ai dont laik polutiks.,No me gusta la política.
Do you like politics?,/duː juː laɪk ˈpɒlɪtɪks/,du yu laik polutiks?,¿Te gusta la política?
Who likes politics?,/huː laɪks ˈpɒlɪtɪks/,ju laiks polutiks?,¿A quién le gusta la política?
I liked politics.,/aɪ laɪkt ˈpɒlɪtɪks/,ai laikt polutiks.,Me gustaba la política.
He has a political view.,/hiː hæz ə pəˈlɪtɪkəl vjuː/,ji jas a politikal viu.,Él tiene una opinión política.
She is a politician.,/ʃiː ɪz ə pɒlɪˈtɪʃən/,shi is a politisian.,Ella es política.
This is a strong state.,/ðɪs ɪz ə strɒŋ steɪt/,dis is a strong steit.,Este es un estado fuerte.
I am a citizen.,/aɪ æm ə ˈsɪtɪzən/,ai am a sitisen.,Yo soy ciudadano.
He has citizenship.,/hiː hæz ˈsɪtɪzənʃɪp/,ji jas sitisenship.,Él tiene ciudadanía.
He doesn't have citizenship.,/hiː ˈdʌznt hæv ˈsɪtɪzənʃɪp/,ji dasent jaf sitisenship.,Él no tiene ciudadanía.
Does he have citizenship?,/dʌz hiː hæv ˈsɪtɪzənʃɪp/,das ji jaf sitisenship?,¿Él tiene ciudadanía?
Why does he have citizenship?,/waɪ dʌz hiː hæv ˈsɪtɪzənʃɪp/,uai das ji jaf sitisenship?,¿Por qué él tiene ciudadanía?
He had citizenship.,/hiː hæd ˈsɪtɪzənʃɪp/,ji jad sitisenship.,Él tenía ciudadanía.
The bird is a national emblem.,/ðə bɜːd ɪz ə ˈnæʃənl ˈɛmbləm/,de berd is a nashional emblen.,El pájaro es un emblema nacional.
We sing the national anthem.,/wiː sɪŋ ðə ˈnæʃənl ˈænθəm/,gui sing de nashonal anzen.,Cantamos el himno nacional.
The government helps us.,/ðə ˈgʌvənmənt hɛlps ʌs/,de guberment jelps as.,El gobierno nos ayuda.
He is the head of state.,/hiː ɪz ðə hɛd ɒv steɪt/,ji is de jed of steit.,Él es el jefe de estado.
The parliament meets today.,/ðə ˈpɑːləmənt miːts təˈdeɪ/,de parliament meets tudei.,El parlamento se reúne hoy.
She likes the party.,/ʃiː laɪks ðə ˈpɑːti/,shi laiks de parti.,A ella le gusta el partido.
Capitalism is a system.,/ˈkæpɪtəlɪzəm ɪz ə ˈsɪstəm/,capitalism is a sistem.,El capitalismo es un sistema.
It is a capitalist idea.,/ɪt ɪz ə ˈkæpɪtəlɪst aɪˈdɪə/,it is a capitalista aidia.,Es una idea capitalista.
Socialism is different.,/ˈsəʊʃəlɪzəm ɪz ˈdɪfrənt/,sosialism is difrent.,El socialismo es diferente.
He is a socialist leader.,/hiː ɪz ə ˈsəʊʃəlɪst ˈliːdə/,ji is a sosialist lider.,Él es un líder socialista.
Communism is a theory.,/ˈkɒmjʊnɪzəm ɪz ə ˈθɪəri/,comiunism is a ziori.,El comunismo es una teoría.
The party is communist.,/ðə ˈpɑːti ɪz ˈkɒmjʊnɪst/,de parti is comiunist.,El partido es comunista.
He is a communist.,/hiː ɪz ə ˈkɒmjʊnɪst/,ji is a comiunist.,Él es comunista.
We live in a democracy.,/wiː lɪv ɪn ə dɪˈmɒkrəsi/,gui liv in a dimokrasi.,Vivimos en una democracia.
She is a democrat.,/ʃiː ɪz ə ˈdɛməkræt/,shi is a demokrat.,Ella es demócrata.
It is a democratic country.,/ɪt ɪz ə dɛməˈkrætɪk ˈkʌntri/,it is a democratic kantri.,Es un país democrático.
He likes the Democratic Party.,/hiː laɪks ðə ˌdɛməˈkrætɪk ˈpɑːti/,ji laiks de Democratic parti.,Le gusta el Partido Demócrata.
She is a liberal.,/ʃiː ɪz ə ˈlɪbərəl/,shi is a liberal.,Ella es liberal.
He is very liberal.,/hiː ɪz ˈvɛri ˈlɪbərəl/,ji is very liberal.,Él es muy liberal.
He isn't very liberal.,/hiː ˈɪznt ˈvɛri ˈlɪbərəl/,ji isent beri liberal.,Él no es muy liberal.
Is he very liberal?,/ɪz hiː ˈvɛri ˈlɪbərəl/,is ji beri liberal?,¿Él es muy liberal?
How liberal is he?,/haʊ ˈlɪbərəl ɪz hiː/,jau liberal is ji?,¿Qué tan liberal es él?
He was very liberal.,/hiː wɒz ˈvɛri ˈlɪbərəl/,ji woz beri liberal.,Él era muy liberal.
My dad is a conservative.,/maɪ dæd ɪz ə kənˈsɜːvətɪv/,mai dad is a conservative.,Mi papá es conservador.
It is a conservative idea.,/ɪt ɪz ə kənˈsɜːvətɪv aɪˈdɪə/,it is a conservative aidea.,Es una idea conservadora.
France is a republic.,/frɑːns ɪz ə rɪˈpʌblɪk/,frans is a republic.,Francia es una república.
He is a republican.,/hiː ɪz ə rɪˈpʌblɪkən/,ji is a republican.,Él es republicano.
The Republican Party is big.,/ðə rɪˈpʌblɪkən ˈpɑːti ɪz bɪɡ/,de Republican parti is big.,El Partido Republicano es grande.
The poll is today.,/ðə pəʊl ɪz təˈdeɪ/,de pol is today.,Las elecciones son hoy.
We elect a new boss.,/wiː ɪˈlɛkt ə njuː bɒs/,ui elect a niu bos.,Elegimos un nuevo jefe.
You are a voter.,/juː ɑːr ə ˈvəʊtər/,iu ar a voter.,Tú eres votante.
The campaign is short.,/ðə kæmˈpeɪn ɪz ʃɔːt/,de campaign is short.,La campaña es corta.
Voting is important.,/ˈvəʊtɪŋ ɪz ɪmˈpɔːtənt/,voting is important.,Votar es importante.
I vote for him.,/aɪ vəʊt fɔː hɪm/,ai vote for jim.,Voto por él.
Women have the right to vote.,/ˈwɪmɪn hæv ðə raɪt tuː vəʊt/,uimen jav de rait tu vote.,Las mujeres tienen derecho a votar.
He is the candidate.,/hiː ɪz ðə ˈkændɪdeɪt/,ji is de candidate.,Él es el candidato.
She wants to be a candidate.,/ʃiː wɒnts tuː biː ə ˈkændɪdeɪt/,shi uants tu bi a candidate.,Ella quiere ser candidata.
He starts a campaign.,/hiː stɑːts ə kæmˈpeɪn/,ji starts a campaign.,Él comienza una campaña.
It is an opposition party.,/ɪt ɪz ən ˌɒpəˈzɪʃən ˈpɑːti/,it is an opposition parti.,Es un partido de la oposición.
There is no opposition.,/ðeər ɪz nəʊ ˌɒpəˈzɪʃən/,der is no opposition.,No hay oposición.
We visit my mom.,/wiː ˈvɪzɪt maɪ mɒm/,ui visit mai mom.,Visitamos a mi mamá.
It is an official visit.,/ɪt ɪz ən əˈfɪʃəl ˈvɪzɪt/,it is an oficial visit.,Es una visita oficial.
It is an international school.,/ɪt ɪz ən ˌɪntəˈnæʃənəl skuːl/,it is an international school.,Es una escuela internacional.
The negotiations are hard.,/ðə nɪˌɡəʊʃiˈeɪʃənz ɑː hɑːd/,de negotiations ar jard.,Las negociaciones son difíciles.
We can negotiate the price.,/wi kən nəˈɡoʊʃieɪt ðə praɪs/,ui can negoushieit de prais.,Podemos negociar el precio.
Society changes over time.,/səˈsaɪəti tʃeɪndʒɪz ˈoʊvər taɪm/,sosaieiti cheinchis ower taim.,La sociedad cambia con el tiempo.
The constitution is important.,/ðə ˌkɑnstɪˈtuʃən ɪz ɪmˈpɔrtənt/,de konstitushion is importaint.,La constitución es importante.
They have political power.,/ðeɪ hæv pəˈlɪtɪkəl ˈpaʊər/,dei jav political pauer.,Ellos tienen poder político.
Corruption is a big problem.,/kəˈrʌpʃən ɪz ə bɪɡ ˈprɑbləm/,corrupshion is a big problem.,La corrupción es un gran problema.
You must follow the law.,/ju mʌst ˈfɑloʊ ðə lɔ/,yu mast folou de law.,Debes seguir la ley.
It is a legal action.,/ɪt ɪz ə ˈligəl ˈækʃən/,it is a ligal acshion.,Es una acción legal.
Justice is very important.,/ˈdʒʌstɪs ɪz ˈvɛri ɪmˈpɔrtənt/,yastis is beri importaint.,La justicia es muy importante.
He is a just man.,/hi ɪz ə dʒʌst mæn/,ji is a yast man.,Él es un hombre justo.
The committee meets today.,/ðə kəˈmɪti mits təˈdeɪ/,de comiti meets tudei.,El comité se reúne hoy.
The bill is new.,/ðə bɪl ɪz nu/,de bil is nu.,El proyecto de ley es nuevo.
Our budget is small.,/aʊər ˈbʌdʒət ɪz smɔl/,auer badychit is smol.,Nuestro presupuesto es pequeño.
This is the new policy.,/ðɪs ɪz ðə nu ˈpɑləsi/,dis is de nu polisi.,Esta es la nueva política.
We need reform now.,/wi nid rɪˈfɔrm naʊ/,ui nid riform nau.,Necesitamos una reforma ahora.
It was a radical change.,/ɪt wʌz ə ˈrædɪkəl tʃeɪndʒ/,it wuas a radicheal cheinch.,Fue un cambio radical.
He has great power.,/hi hæz ɡreɪt ˈpaʊər/,ji jas greit pauer.,Él tiene gran poder.
She is very powerful.,/ʃi ɪz ˈvɛri ˈpaʊərfəl/,shi is beri pauerful.,Ella es muy poderosa.
She isn't very powerful.,/ʃi ˈɪznt ˈvɛri ˈpaʊərfəl/,shi isent beri pauerful.,Ella no es muy poderosa.
Is she very powerful?,/ɪz ʃi ˈvɛri ˈpaʊərfəl/,is shi beri pauerful?,¿Ella es muy poderosa?
Where is she powerful?,/wɛər ɪz ʃi ˈpaʊərfəl/,guer is shi pauerful?,¿Dónde es ella poderosa?
She was very powerful.,/ʃi wɒz ˈvɛri ˈpaʊərfəl/,shi woz beri pauerful.,Ella era muy poderosa.
I am a supporter.,/aɪ æm ə səˈpɔrtər/,ai am a suporter.,Yo soy un partidario.
Money has influence.,/ˈmʌni hæz ˈɪnfluəns/,mani jas influenza.,El dinero tiene influencia.
The old regime ended.,/ðə oʊld reɪˈʒim ˈɛndəd/,de old reyshim ended.,El antiguo régimen terminó.
There is a conflict.,/ðɛr ɪz ə ˈkɑnflɪkt/,der is a conflict.,Hay un conflicto.
It was a conspiracy.,/ɪt wʌz ə kənˈspɪrəsi/,it wuas a conspirasi.,Fue una conspiración.
Do not accept provocation.,/du nɑt əkˈsɛpt prəˌvoʊˈkeɪʃən/,du not aseppt provoqueishion.,No aceptes la provocación.
They try to overthrow.,/ðeɪ traɪ tu ˌoʊvərˈθroʊ/,dei trai tu overzrou.,Ellos intentan derrocar.
The overthrow happened fast.,/ðə ˈoʊvərθroʊ ˈhæpənd fæst/,de overzrou jappend fast.,El derrocamiento sucedió rápido.
The war is a revolution.,/ðə wɔːr ɪz ə rɛvəˈluːʃən/,de uor is a revolushon.,La guerra es una revolución.
It was a coup d'état.,/ɪt wʌz ə kuː deɪˈtɑː/,it uos a ku deitat.,Fue un golpe de estado.
The army did a military coup.,/ðə ˈɑːrmi dɪd ə ˈmɪlɪtɛri kuː/,de armi did a militeri ku.,El ejército hizo un golpe militar.
It is a big crisis.,/ɪt ɪz ə bɪg ˈkraɪsɪs/,it is a big kraisis.,Es una gran crisis.
It is not a big crisis.,/ɪt ɪz nɒt ə bɪɡ ˈkraɪsɪs/,it is not a big kraisis.,No es una gran crisis.
Is it a big crisis?,/ɪz ɪt ə bɪɡ ˈkraɪsɪs/,is it a big kraisis?,¿Es una gran crisis?
What kind of crisis is it?,/wɒt kaɪnd ɒv ˈkraɪsɪs ɪz ɪt/,uot kaind of kraisis is it?,¿Qué tipo de crisis es?
It was a big crisis.,/ɪt wɒz ə bɪɡ ˈkraɪsɪs/,it uoz a big kraisis.,Fue una gran crisis.
We have an economic recession.,/wi hæv ən ˌiːkəˈnɒmɪk rɪˈsɛʃən/,ui jav an economico recesion.,Tenemos una recesión económica.
The man is a demonstrator.,/ðə mæn ɪz ə ˈdɛmənstreɪtər/,de man is a demonstrator.,El hombre es un manifestante.
This is a demonstration.,/ðɪs ɪz ə ˌdɛmənˈstreɪʃən/,dis is a demonstreishon.,Esto es una manifestación.
They have martial law.,/ðeɪ hæv ˈmɑːʃəl lɔː/,dei jav marshal lor.,Tienen ley marcial.
He is at a military base.,/hiː ɪz æt ə ˈmɪlɪtɛri beɪs/,ji is at a militeri beis.,Él está en una base militar.
We want stability.,/wi wɒnt stəˈbɪlɪti/,ui uont estabiliti.,Queremos estabilidad.
The house is stable.,/ðə haʊs ɪz ˈsteɪbəl/,de jaus is esteibol.,La casa es estable.
Stop the exploitation.,/stɒp ðiː ˌɛksplɔɪˈteɪʃən/,stop di exploitheishon.,Para la explotación.
Do not exploit the people.,/duː nɒt ɪkˈsplɔɪt ðə ˈpiːpəl/,du not exploit de pipol.,No explotes a la gente.
Racism is bad.,/ˈreɪsɪzəm ɪz bæd/,reicism is bad.,El racismo es malo.
He is not a racist.,/hiː ɪz nɒt ə ˈreɪsɪst/,ji is not a racist.,Él no es racista.
Fascism is very dangerous.,/ˈfæʃɪzəm ɪz ˈvɛri ˈdeɪnʤərəs/,fashism is very dangerus.,El fascismo es muy peligroso.
The man is a fascist.,/ðə mæn ɪz ə ˈfæʃɪst/,de man is a fashist.,El hombre es un fascista.
She is a foreigner.,/ʃiː ɪz ə ˈfɒrənər/,shi is a forainer.,Ella es extranjera.
It is a foreign car.,/ɪt ɪz ə ˈfɒrən kɑːr/,it is a forinar car.,Es un coche extranjero.
I live abroad.,/aɪ lɪv əˈbrɔːd/,ai liv abrod.,Vivo en el extranjero.
My dad is an emigrant.,/maɪ dæd ɪz ən ˈɛmɪgrənt/,mai dad is an emigrant.,Mi papá es un emigrante.
Emigration is hard.,/ˌɛmɪˈgreɪʃən ɪz hɑːrd/,emigreishon is jard.,La emigración es difícil.
They want to emigrate.,/ðeɪ wɒnt tuː ˈɛmɪgreɪt/,dei uont tu emigrate.,Ellos quieren emigrar.
He is from the West.,/hiː ɪz frʌm ðə wɛst/,ji is from de west.,Él es del oeste.
We go to the East.,/wi gou tuː ðə iːst/,ui gou tu de ist.,Vamos al este.
He is from the Far East.,/hiː ɪz frɒm ðə fɑːr iːst/,ji is from de far ist.,Él es del Lejano Oriente.
It is an old civilization.,/ɪt ɪz ən əʊld sɪvəlaɪˈzeɪʃən/,it is an old sivilaization.,Es una civilización antigua.
We help all humanity.,/wiː hɛlp ɔːl hjuːˈmænɪti/,ui jelp ol jumanity.,Ayudamos a toda la humanidad.
The world is big.,/ðə wɜːld ɪz bɪɡ/,de uerld is big.,El mundo es grande.
The world is not big.,/ðə wɜːld ɪz nɒt bɪɡ/,de uerld is not big.,El mundo no es grande.
Is the world big?,/ɪz ðə wɜːld bɪɡ/,is de uerld big?,¿Es grande el mundo?
How big is the world?,/haʊ bɪɡ ɪz ðə wɜːld/,jau big is de uerld?,¿Qué tan grande es el mundo?
The world was big.,/ðə wɜːld wɒz bɪɡ/,de uerld uoz big.,El mundo era grande.
We want peace.,/wiː wɒnt piːs/,ui uant pis.,Queremos paz.
It is a worldwide problem.,/ɪt ɪz ə ˈwɜːldwaɪd ˈprɒbləm/,it is a uerldwaid problem.,Es un problema mundial.
I love my homeland.,/aɪ lʌv maɪ ˈhəʊmlænd/,ai lov mai jomland.,Amo mi patria.
The people are here.,/ðə ˈpiːpl ɑː hɪə/,de pipl ar jir.,La gente está aquí.
The city population is big.,/ðə ˈsɪti pɒpjʊˈleɪʃən ɪz bɪɡ/,de siti poblacion is big.,La población de la ciudad es grande.
There are many people.,/ðeə ɑː mɛni ˈpiːpl/,der ar meni pipl.,Hay mucha gente.
The nation is happy.,/ðə ˈneɪʃən ɪz ˈhæpi/,de neishion is japi.,La nación está feliz.
My generation likes music.,/maɪ dʒɛnəˈreɪʃən laɪks ˈmjuːzɪk/,mai yeneraicion laiks miusic.,A mi generación le gusta la música.
This is our territory.,/ðɪs ɪz aʊə tɛrɪtəri/,dis is auar territorio.,Este es nuestro territorio.
It is a dry region.,/ɪt ɪz ə draɪ ˈriːdʒən/,it is a dray region.,Es una región seca.
He lives in this state.,/hiː lɪvz ɪn ðɪs steɪt/,ji livs in dis state.,Él vive en este estado.
It is a family tradition.,/ɪt ɪz ə ˈfæmɪli trəˈdɪʃən/,it is a famili tradition.,Es una tradición familiar.
This is our custom.,/ðɪs ɪz aʊə ˈkʌstəm/,dis is auar custom.,Esta es nuestra costumbre.
We study ecology.,/wiː ˈstʌdi ɪˈkɒlədʒi/,ui study ecology.,Estudiamos ecología.
He is an Indian.,/hiː ɪz ən ˈɪndiən/,ji is an indian.,Él es un indio.
He is a Gipsy.,/hiː ɪz ə ˈdʒɪpsi/,ji is a yipsi.,Él es un gitano.
She is a Gipsy.,/ʃiː ɪz ə ˈdʒɪpsi/,shi is a yipsi.,Ella es una gitana.
It is a Gipsy song.,/ɪt ɪz ə ˈdʒɪpsi sɒŋ/,it is a yipsi song.,Es una canción gitana.
The empire is old.,/ðə ˈɛmpaɪər ɪz əʊld/,de empayar is old.,El imperio es antiguo.
It was a colony.,/ɪt wɒz ə ˈkɒləni/,it uas a colony.,Era una colonia.
Slavery is bad.,/ˈsleɪvəri ɪz bæd/,slavery is bad.,La esclavitud es mala.
The invasion was bad.,/ðə ɪnˈveɪʒən wɒz bæd/,de invéision was bad.,La invasión fue mala.
The famine is long.,/ðə ˈfæmɪn ɪz lɒŋ/,de famin is long.,La hambruna es larga.
This is my religion.,/ðɪs ɪz maɪ rɪˈlɪdʒən/,dis is mai rilichon.,Esta es mi religión.
She is a religious girl.,/ʃiː ɪz ə rɪˈlɪdʒəs ɡɜːl/,shi is a rilichus gerl.,Ella es una chica religiosa.
I have faith in you.,/aɪ hæv feɪθ ɪn juː/,ai jav feiz in yu.,Tengo fe en ti.
They believe in God.,/ðeɪ bɪˈliːv ɪn ɡɒd/,dei biliv in god.,Ellos creen en Dios.
He is a believer.,/hiː ɪz ə bɪˈliːvə/,ji is a biliver.,Él es creyente.
Atheism is his view.,/ˈeɪθiɪzəm ɪz hɪz vjuː/,eízism is ji viu.,El ateísmo es su punto de vista.
She is an atheist.,/ʃiː ɪz æn ˈeɪθiɪst/,shi is an eízist.,Ella es atea.
Christianity is old.,/ˌkrɪstiˈænəti ɪz əʊld/,christianiti is old.,El cristianismo es antiguo.
He is a Christian.,/hiː ɪz ə ˈkrɪstʃən/,ji is a christian.,Él es cristiano.
It is a Christian home.,/ɪt ɪz ə ˈkrɪstʃən həʊm/,it is a christian jom.,Es un hogar cristiano.
Catholicism is big here.,/kəˈθɒlɪsɪzəm ɪz bɪɡ hɪə/,catholicism is big jier.,El catolicismo es grande aquí.
I am a Catholic.,/aɪ æm ə ˈkæθlɪk/,ai am a cæzolic.,Soy católico.
We go to a Catholic school.,/wiː ɡəʊ tuː ə ˈkæθlɪk skuːl/,ui gou tu a cæzolic school.,Vamos a una escuela católica.
Protestantism is a faith.,/ˈprɒtɪstəntɪzəm ɪz ə feɪθ/,protestantism is a feiz.,El protestantismo es una fe.
This is a Protestant Church.,/ðɪs ɪz ə ˈprɒtɪstənt tʃɜːtʃ/,dis is a protestant church.,Esta es una iglesia protestante.
He is a Protestant.,/hiː ɪz ə ˈprɒtɪstənt/,ji is a protestant.,Él es protestante.
Orthodoxy is strict.,/ɔːˈθɒdəksi ɪz strɪkt/,orzodoksi is strict.,La ortodoxia es estricta.
We go to the Orthodox Church.,/wiː ɡəʊ tuː ðə ˈɔːθədɒks tʃɜːtʃ/,ui gou tu deorzodoks church.,Vamos a la iglesia ortodoxa.
They are Orthodox.,/ðeɪ ɑːr ˈɔːθədɒks/,dei ar orzodoks.,Ellos son ortodoxos.
Presbyterianism is here.,/ˌprezbɪˈtɪəriənɪzəm ɪz hɪə/,presbiterianism is jier.,El presbiterianismo está aquí.
It is a Presbyterian Church.,/ɪt ɪz ə ˌprezbɪˈtɪəriən tʃɜːtʃ/,it is a presbiterian church.,Es una iglesia presbiteriana.
She is a Presbyterian.,/ʃiː ɪz ə ˌprezbɪˈtɪəriən/,shi is a presbiterian.,Ella es presbiteriana.
Lutheranism is a faith.,/ˈluːθərənɪzəm ɪz ə feɪθ/,luteranism is a feiz.,El luteranismo es una fe.
He is a Lutheran.,/hiː ɪz ə ˈluːθərən/,ji is a luteran.,Él es luterano.
We go to the Baptist Church.,/wiː ɡəʊ tuː ðə ˈbæptɪst tʃɜːtʃ/,ui gou tu de baptist chuerch.,Vamos a la iglesia bautista.
She is a Baptist.,/ʃiː ɪz ə ˈbæptɪst/,shi is a baptist.,Ella es bautista.
I like the Anglican Church.,/aɪ laɪk ðə ˈæŋɡlɪkən tʃɜːtʃ/,ai laik de anglican chuerch.,Me gusta la Iglesia Anglicana.
He is an Anglican.,/hiː ɪz æn ˈæŋɡlɪkən/,ji is an anglican.,Él es anglicano.
They study Mormonism.,/ðeɪ ˈstʌdi ˈmɔːrmənɪzəm/,dei stadi mormonism.,Ellos estudian el mormonismo.
My friend is a Mormon.,/maɪ frɛnd ɪz ə ˈmɔːrmən/,mai frend is a mormon.,Mi amigo es mormón.
I know about Judaism.,/aɪ nəʊ əˈbaʊt ˈdʒuːdeɪɪzəm/,ai nou abaut yudeism.,Sé sobre el judaísmo.
He is a Jew.,/hiː ɪz ə dʒuː/,ji is a yu.,Él es judío.
He practices Buddhism.,/hiː ˈpræktɪsɪz ˈbʊdɪzəm/,ji praktisis budism.,Él practica el budismo.
She is a Buddhist.,/ʃiː ɪz ə ˈbʊdɪst/,shi is a buddist.,Ella es budista.
They like Hinduism.,/ðeɪ laɪk ˈhɪnduːɪzəm/,dei laik hinduism.,A ellos les gusta el hinduismo.
They do not like Hinduism.,/ðeɪ dʌ nɒt laɪk ˈhɪnduːɪzəm/,dei du not laik hinduism.,A ellos no les gusta el hinduismo.
Do they like Hinduism?,/du ðeɪ laɪk ˈhɪnduːɪzəm/,du dei laik hinduism?,¿A ellos les gusta el hinduismo?
Why do they like Hinduism?,/waɪ du ðeɪ laɪk ˈhɪnduːɪzəm/,guai du dei laik jinduism?,¿Por qué les gusta el hinduismo?
They liked Hinduism.,/ðeɪ laɪkt ˈhɪnduːɪzəm/,dei laikt hinduism.,A ellos les gustaba el hinduismo.
My friend is a Hindu.,/maɪ frɛnd ɪz ə ˈhɪnduː/,mai frend is a hindu.,Mi amigo es hindú.
I study Islam.,/aɪ ˈstʌdi ˈɪzlɑːm/,ai stadi islam.,Estudio el islam.
He is a Muslim.,/hiː ɪz ə ˈmʊzlɪm/,ji is a muslim.,Él es musulmán.
It is a Muslim name.,/ɪt ɪz ə ˈmʊzlɪm neɪm/,it is a muslim neim.,Es un nombre musulmán.
He follows Shiah Islam.,/hiː ˈfɒləʊz ˈʃiːə ˈɪzlɑːm/,ji falous shiah islam.,Él sigue el islam chií.
She is a Shiite.,/ʃiː ɪz ə ʃiːˈaɪt/,shi is a shiit.,Ella es chiita.
This is Sunni Islam.,/ðɪs ɪz ˈsʊni ˈɪzlɑːm/,dis is suni islam.,Esto es el islam suní.
He is a Sunnite.,/hiː ɪz ə ˈsʌnaɪt/,ji is a sunait.,Él es suní.
The priest is here.,/ðə priːst ɪz hɪə/,de priest is jier.,El sacerdote está aquí.
I see the Pope.,/aɪ siː ðə pəʊp/,ai si de poup.,Veo al Papa.
He is a monk.,/hiː ɪz ə mʌŋk/,ji is a monk.,Él es un monje.
She is a nun.,/ʃiː ɪz ə nʌn/,shi is a nun.,Ella es una monja.
Our pastor is kind.,/aʊər ˈpæstər ɪz kaɪnd/,auer pastor is kaind.,Nuestro pastor es amable.
The abbot is here.,/ði ˈæbət ɪz hɪə/,de abot is jiir,El abad está aquí.
The abbot is not here.,/ði ˈæbət ɪz nɒt hɪə/,de abot is not jiir.,El abad no está aquí.
Is the abbot here?,/ɪz ði ˈæbət hɪə/,is de abot jiir?,¿Está aquí el abad?
Where is the abbot?,/weər ɪz ði ˈæbət/,guer is de abot?,¿Dónde está el abad?
The abbot was here.,/ði ˈæbət wɒz hɪə/,de abot guoz jiir.,El abad estaba aquí.
I see the vicar.,/aɪ siː ðə ˈvɪkə/,ai si de vicar,Veo al vicario.
The bishop is good.,/ðə ˈbɪʃəp ɪz ɡʊd/,de bishop is gud,El obispo es bueno.
He is a cardinal.,/hiː ɪz ə ˈkɑːdɪnəl/,ji is a cardinal,Él es un cardenal.
The preacher talks.,/ðə ˈpriːtʃə tɔːks/,de pricher toks,El predicador habla.
He is preaching now.,/hiː ɪz ˈpriːtʃɪŋ naʊ/,ji is priching nau,Él está predicando ahora.
The parishioners are here.,/ðə pəˈrɪʃənəz ɑː hɪə/,de parishioners ar jiir,Los feligreses están aquí.
She is a believer.,/ʃiː ɪz ə bɪˈliːvə/,shi is a biliiver,Ella es creyente.
He is an atheist.,/hiː ɪz ən ˈeɪθiɪst/,ji is an atheist,Él es ateo.
Adam is a man.,/ˈædəm ɪz ə mæn/,adam is a man,Adán es un hombre.
Eve is here.,/iːv ɪz hɪə/,iiv is jiir,Eva está aquí.
I believe in God.,/aɪ bɪˈliːv ɪn ɡɒd/,ai biliiv in god,Creo en Dios.
The Lord is good.,/ðə lɔːd ɪz ɡʊd/,de lord is gud,El Señor es bueno.
The Almighty is great.,/ði ˌɔːlˈmaɪti ɪz ɡreɪt/,de olmaiti is greit,El Todopoderoso es grande.
It is a sin.,/ɪt ɪz ə sɪn/,it is a sin,Es un pecado.
Do not sin.,/duː nɒt sɪn/,du not sin,No peques.
He is a sinner.,/hiː ɪz ə ˈsɪnə/,ji is a sinner,Él es un pecador.
She is a sinner.,/ʃiː ɪz ə ˈsɪnə/,shi is a sinner,Ella es una pecadora.
Hell is bad.,/hɛl ɪz bæd/,jel is bad,El infierno es malo.
Paradise is good.,/ˈpærədaɪs ɪz ɡʊd/,paradais is gud,El paraíso es bueno.
Jesus saves us.,/ˈdʒiːzəs seɪvz ʌs/,yisus seivz as,Jesús nos salva.
I love Jesus Christ.,/aɪ lʌv ˈdʒiːzəs kraɪst/,ai lav yisus kraist,Amo a Jesucristo.
The Holy Spirit helps.,/ðə ˌhəʊli ˈspɪrɪt hɛlps/,de joli spirit jelps,El Espíritu Santo ayuda.
He is the Savior.,/hiː ɪz ðə ˈseɪvjə/,ji is de seivior,Él es el Salvador.
The Virgin Mary prays.,/ðə ˈvɜːdʒɪn ˈmɛəri preɪz/,de virgin mari preis,La Virgen María reza.
The Devil is bad.,/ðə ˈdɛvəl ɪz bæd/,de devil is bad.,El diablo es malo.
It is a devil's game.,/ɪt ɪz ə ˈdɛvəlz ɡeɪm/,it is a devils geim.,Es un juego del diablo.
Satan is here.,/ˈseɪtən ɪz hɪə/,seitan is jier.,Satán está aquí.
That song is satanic.,/ðæt sɒŋ ɪz səˈtænɪk/,dat song is satanic.,Esa canción es satánica.
I see an angel.,/aɪ siː ən ˈeɪndʒəl/,ai si an einyel.,Veo un ángel.
She is my guardian angel.,/ʃiː ɪz maɪ ˈɡɑːdiən ˈeɪndʒəl/,shi is mai gardian einyel.,Ella es mi ángel de la guarda.
She has an angelic face.,/ʃiː hæz ən eɪnˈdʒelɪk feɪs/,shi jas an einyelik feis.,Ella tiene una cara angelical.
He is an apostle.,/hiː ɪz ən əˈpɒsəl/,ji is an apostol.,Él es un apóstol.
The archangel flies.,/ðə ˈɑːkˌeɪndʒəl flaɪz/,de archeinxel flaIs.,El arcángel vuela.
He is the Antichrist.,/hiː ɪz ðiː ˈæntɪkraɪst/,ji is de anticrist.,Él es el Anticristo.
We go to church.,/wiː ɡəʊ tuː tʃɜːtʃ/,ui gou tu church.,Vamos a la iglesia.
Read the Bible.,/riːd ðə ˈbaɪbəl/,rid de baibol.,Lee la Biblia.
It is a biblical story.,/ɪt ɪz ə ˈbɪblɪkəl ˈstɔːri/,it is a biblical stori.,Es una historia bíblica.
I like the Old Testament.,/aɪ laɪk ðə əʊld ˈtɛstəmənt/,ai laik de old testament.,Me gusta el Antiguo Testamento.
This is the New Testament.,/ðɪs ɪz ðə njuː ˈtɛstəmənt/,dis is de niu testament.,Este es el Nuevo Testamento.
He reads the Gospel.,/hiː riːdz ðə ˈɡɒspəl/,ji rids de gospol.,Él lee el Evangelio.
She loves Holy Scripture.,/ʃiː lʌvz ˈhəʊli ˈskrɪptʃə/,shi lavs joli scritchure.,Ella ama la Sagrada Escritura.
He is in heaven.,/hiː ɪz ɪn ˈhɛvən/,ji is in jeven.,Él está en el cielo.
Follow the commandment.,/ˈfɒləʊ ðə kəˈmɑːndmənt/,folou de commandment.,Sigue el mandamiento.
He is a prophet.,/hiː ɪz ə ˈprɒfɪt/,ji is a profet.,Él es un profeta.
The prophecy is true.,/ðə ˈprɒfəsi ɪz truː/,de profesi is tru.,La profecía es verdadera.
We pray to Allah.,/wiː preɪ tuː ˈælə/,ui prei tu ala.,Oramos a Alá.
Mohammed is a prophet.,/məˈhæmɪd ɪz ə ˈprɒfɪt/,mohamed is a profet.,Mahoma es un profeta.
Read the Koran.,/riːd ðə kəˈrɑːn/,rid de koran.,Lee el Corán.
The mosque is big.,/ðə mɒsk ɪz bɪɡ/,de mosk is big.,La mezquita es grande.
The mosque is not big.,/ðə mɒsk ɪz nɒt bɪɡ/,de mosk is not big.,La mezquita no es grande.
Is the mosque big?,/ɪz ðə mɒsk bɪɡ/,is de mosk big?,¿Es grande la mezquita?
Which mosque is big?,/wɪtʃ mɒsk ɪz bɪɡ/,uich mosk is big?,¿Qué mezquita es grande?
The mosque was big.,/ðə mɒsk wɒz bɪɡ/,de mosk uoz big.,La mezquita era grande.
The mullah reads the book.,/ðə ˈmʌlə riːdz ðə bʊk/,de mula rids de buk.,El mulá lee el libro.
He says a prayer.,/hiː seɪz ə preɪə/,ji seis a preier.,Él dice una oración.
They pray to God.,/ðeɪ preɪ tuː ɡɒd/,dei prei tu god.,Ellos oran a Dios.
We go on a pilgrimage.,/wiː ɡɒn ɒn ə ˈpɪlɡrɪmɪdʒ/,ui gon on a pilgrimage.,Vamos en peregrinación.
The pilgrim walks far.,/ðə ˈpɪlɡrɪm wɔːks fɑː/,de pilgrim uoks far.,El peregrino camina lejos.
He goes to Mecca.,/hiː ɡəʊz tuː ˈmɛkə/,ji gous tu meca.,Él va a La Meca.
I go to church.,/aɪ ɡəʊ tuː tʃɜːtʃ/,ai gou tu church.,Voy a la iglesia.
She sees a temple.,/ʃiː siːz ə ˈtɛmpəl/,shi sis a temple.,Ella ve un templo.
The cathedral is big.,/ðə kəˈθiːdrəl ɪz bɪɡ/,de cathedral is big.,La catedral es grande.
It is a Gothic church.,/ɪt ɪz ə ˈɡɒθɪk tʃɜːtʃ/,it is a ghotic church.,Es una iglesia gótica.
The synagogue is here.,/ðə ˈsɪnəɡɒɡ ɪz hɪə/,de synagogue is jier.,La sinagoga está aquí.
The synagogue is not here.,/ðə ˈsɪnəɡɒɡ ɪz nɒt hɪə/,de sinagog is not jiir.,La sinagoga no está aquí.
Is the synagogue here?,/ɪz ðə ˈsɪnəɡɒɡ hɪə/,is de sinagog jiir?,¿Está aquí la sinagoga?
Where is the synagogue?,/wɛə ɪz ðə ˈsɪnəɡɒɡ/,güer is de sinagog?,¿Dónde está la sinagoga?
The synagogue was here.,/ðə ˈsɪnəɡɒɡ wɒz hɪə/,de sinagog guoz jiir.,La sinagoga estaba aquí.
We see a mosque.,/wiː siː ə mɒsk/,ui si a mosk.,Vemos una mezquita.
This is a chapel.,/ðɪs ɪz ə ˈtʃæpəl/,dis is a chapel.,Esta es una capilla.
The abbey is old.,/ðə ˈæbi ɪz əʊld/,de abbi is old.,La abadía es antigua.
She lives in a convent.,/ʃiː lɪvz ɪn ə ˈkɒnvənt/,shi livs in a convent.,Ella vive en un convento.
He goes to the monastery.,/hiː ɡəʊz tuː ðə ˈmɒnəstəri/,ji gous tu de monastery.,Él va al monasterio.
The bell rings loud.,/ðə bɛl rɪŋz laʊd/,de bel rings laud.,La campana suena fuerte.
The bell tower is high.,/ðə bɛl ˈtaʊə ɪz haɪ/,de bel tauer is jai.,La torre de la campana es alta.
They ring the bell.,/ðeɪ rɪŋ ðə bɛl/,dei ring de bel.,Ellos tocan la campana.
She wears a cross.,/ʃiː weəz ə krɒs/,shi uers a cross.,Ella lleva una cruz.
The cupola is round.,/ðə ˈkjuːpələ ɪz raʊnd/,de kiupola is raund.,La cúpula es redonda.
I see an icon.,/aɪ siː æn ˈaɪkɒn/,ai si an aicon.,Veo un icono.
He has a soul.,/hiː hæz ə səʊl/,ji jas a soul.,Él tiene un alma.
He does not have a soul.,/hiː dʌz nɒt hæv ə səʊl/,ji das not jav a soul.,Él no tiene un alma.
Does he have a soul?,/dʌz hiː hæv ə səʊl/,das ji jav a soul?,¿Él tiene un alma?
Who has a soul?,/huː hæz ə səʊl/,ju jas a soul?,¿Quién tiene un alma?
He had a soul.,/hiː hæd ə səʊl/,ji jad a soul.,Él tenía un alma.
It is his fate.,/ɪt ɪz hɪz feɪt/,it is jis feit.,Es su destino.
Evil is bad.,/ˈiːvəl ɪz bæd/,iivil is bad.,El mal es malo.
The good is important here.,/ðə ɡʊd ɪz ɪmˈpɔːtənt hɪə/,de gud is important jier.,El bien es importante aquí.
The good is not important here.,/ðə ɡʊd ɪz nɒt ɪmˈpɔːtənt hɪə/,de gud is not important jier.,El bien no es importante aquí.
Is the good important here?,/ɪz ðə ɡʊd ɪmˈpɔːtənt hɪə/,is de gud important jier?,¿Es importante el bien aquí?
Why is the good important here?,/waɪ ɪz ðə ɡʊd ɪmˈpɔːtənt hɪə/,guai is de gud important jir?,¿Por qué es importante el bien aquí?
The good was important here.,/ðə ɡʊd wɒz ɪmˈpɔːtənt hɪə/,de gud uoz important jier.,El bien era importante aquí.
The vampire is in the house.,/ðə ˈvæmpaɪə ɪz ɪn ðə haʊs/,de vampair is in de jaus.,El vampiro está en la casa.
The witch has a cat.,/ðə wɪtʃ hæz ə kæt/,de guich jas a kat.,La bruja tiene un gato.
The witch does not have a cat.,/ðə wɪtʃ dʌz nɒt hæv ə kæt/,de guich das not jav a kat.,La bruja no tiene un gato.
Does the witch have a cat?,/dʌz ðə wɪtʃ hæv ə kæt/,das de guich jav a kat?,¿La bruja tiene un gato?
Which cat does the witch have?,/wɪtʃ kæt dʌz ðə wɪtʃ hæv/,guich kat das de guich jav?,¿Qué gato tiene la bruja?
The witch had a cat.,/ðə wɪtʃ hæd ə kæt/,de guich jad a kat.,La bruja tenía un gato.
The demon is bad.,/ðə ˈdiːmən ɪz bæd/,e dimon is bad.,El demonio es malo.
The devil is not here.,/ðə ˈdɛvəl ɪz nɒt hɪə/,de devol is not jier.,El diablo no está aquí.
I see a spirit.,/aɪ siː ə ˈspɪrɪt/,ai si a spirit.,Veo un espíritu.
The redemption is good.,/ðə rɪˈdɛmpʃən ɪz ɡʊd/,de redempshion is gud.,La redención es buena.
He can redeem it.,/hiː kæn rɪˈdiːm ɪt/,ji can redim it.,Él puede redimirlo.
We go to mass.,/wiː ɡəʊ tuː mæs/,ui gou tu mas.,Vamos a misa.
She will say mass.,/ʃiː wɪl seɪ mæs/,shi uil sei mas.,Ella dirá la misa.
His confession is done.,/hɪz kənˈfɛʃən ɪz dʌn/,jis confesion is dan.,Su confesión está hecha.
I like to confess.,/aɪ laɪk tuː kənˈfɛs/,ai laik tu confes.,Me gusta confesar.
I do not like to confess.,/aɪ dʌ nɒt laɪk tuː kənˈfɛs/,ai du not laik tu confes.,No me gusta confesar.
Do you like to confess?,/du juː laɪk tuː kənˈfɛs/,du iu laik tu confes?,¿Te gusta confesar?
Why do you like to confess?,/waɪ du juː laɪk tuː kənˈfɛs/,uai du iu laik tu confes?,¿Por qué te gusta confesar?
I liked to confess.,/aɪ laɪkt tuː kənˈfɛs/,ai laikt tu confes.,Me gustaba confesar.
The saint is kind.,/ðə seɪnt ɪz kaɪnd/,de seint is kaind.,El santo es amable.
This book is sacred.,/ðɪs bʊk ɪz ˈseɪkrɪd/,dis buk is seikrid.,Este libro es sagrado.
The holy water is here.,/ðə ˈhəʊli ˈwɔːtə ɪz hɪə/,de joli guoter is jier.,El agua bendita está aquí.
The ritual is long.,/ðə ˈrɪtʃuəl ɪz lɒŋ/,de ritshual is long.,El ritual es largo.
It is a ritual dance.,/ɪt ɪz ə ˈrɪtʃuəl dɑːns/,it is a ritshual dants.,Es un baile ritual.
The sacrifice is big.,/ðə ˈsækrɪfaɪs ɪz bɪɡ/,de sakrafais is big.,El sacrificio es grande.
The sacrifice is not big.,/ðə ˈsækrɪfaɪs ɪz nɒt bɪɡ/,de sakrafais is not big.,El sacrificio no es grande.
Is the sacrifice big?,/ɪz ðə ˈsækrɪfaɪs bɪɡ/,is de sakrafais big?,¿Es grande el sacrificio?
Whose sacrifice is big?,/huːz ˈsækrɪfaɪs ɪz bɪɡ/,jus sakrafais is big?,¿De quién es el sacrificio grande?
The sacrifice was big.,/ðə ˈsækrɪfaɪs wɒz bɪɡ/,de sakrafais uoz big.,El sacrificio era grande.
It is a superstition.,/ɪt ɪz ə ˌsuːpəˈstɪʃən/,it is a superstitishion.,Es una superstición.
He is superstitious.,/hiː ɪz ˌsuːpəˈstɪʃəs/,ji is superstitios.,Él es supersticioso.
The afterlife is peace.,/ðə ˈɑːftəlaɪf ɪz piːs/,de afterlaif is pis.,La otra vida es paz.
We want eternal life.,/wiː wɒnt ɪˈtɜːnəl laɪf/,ui uont eternal laif.,Queremos vida eterna.
The background is green.,/ðə ˈbækɡraʊnd ɪz ɡriːn/,de bakgraund is grin.,El fondo es verde.
The balance is good.,/ðə ˈbæləns ɪz ɡʊd/,e balans is gud.,El equilibrio es bueno.
The barrier is high.,/ðə ˈbæriə ɪz haɪ/,de barier is jai.,La barrera es alta.
The vase is on the base.,/ðə veɪz ɪz ɒn ðə beɪs/,de veis is on de beis.,El jarrón está en la base.
He is at the beginning.,/hiː ɪz æt ðə bɪˈɡɪnɪŋ/,ji is at de bigining.,Él está al principio.
This is a new category.,/ðɪs ɪz ə njuː ˈkætəɡəri/,dis is a nuu kategorei.,Esta es una categoría nueva.
What is the cause?,/wɒt ɪz ðə kɔːz/,uot is de kous?,¿Cuál es la causa?
It is my choice.,/ɪt ɪz maɪ tʃɔɪs/,it is mai chois.,Es mi elección.
It is just a coincidence.,/ɪt ɪz dʒʌst ə kəʊˈɪnsɪdəns/,it is yast a kouinsidens.,Es solo una coincidencia.
The chair is comfortable.,/ðə tʃeə(r) ɪz ˈkʌmftəbl/,de chear is kumfortabol.,La silla es cómoda.
I see the comparison.,/aɪ siː ðə kəmˈpærɪsn/,ai si de comparisn.,Veo la comparación.
She asks for compensation.,/ʃiː ɑːsks fɔːr ˌkɒmpenˈseɪʃn/,shi asks for compenseishn.,Ella pide compensación.
He has a high degree.,/hiː hæz ə haɪ dɪˈɡriː/,ji jas a jai digri.,Él tiene un alto grado.
He does not have a high degree.,/hiː dʌz nɒt hæv ə haɪ dɪˈɡriː/,ji das not jav a jai digri.,Él no tiene un alto grado.
Does he have a high degree?,/dʌz hiː hæv ə haɪ dɪˈɡriː/,das ji jav a jai digri?,¿Él tiene un alto grado?
Why does he have a high degree?,/waɪ dʌz hiː hæv ə haɪ dɪˈɡriː/,guai das ji jav a jai digri?,¿Por qué él tiene un alto grado?
He had a high degree.,/hiː hæd ə haɪ dɪˈɡriː/,ji jad a jai digri.,Él tenía un alto grado.
We see the development.,/wiː siː ðə dɪˈvɛləpmənt/,ui si de develoment.,Vemos el desarrollo.
What is the difference?,/wɒt ɪz ðə ˈdɪfrəns/,uot is de difrens?,¿Cuál es la diferencia?
The effect is big.,/ðə ɪˈfɛkt ɪz bɪɡ/,de ifect is big.,El efecto es grande.
It takes some effort.,/ɪt teɪks sʌm ˈɛfət/,it teiks som efort.,Requiere algo de esfuerzo.
This is an element.,/ðɪs ɪz æn ˈɛlɪmənt/,dis is an eliment.,Este es un elemento.
It is the end.,/ɪt ɪz ðiː ɛnd/,it is di end.,Es el final.
Show me an example.,/ʃəʊ miː ən ɪɡˈzɑːmpl/,sho mi an egzampl.,Muéstrame un ejemplo.
It is a fact.,/ɪt ɪz ə fækt/,it is a fect.,Es un hecho.
He is a frequent guest.,/hiː ɪz ə ˈfriːkwənt ɡɛst/,ji is a frikuent gest.,Él es un huésped frecuente.
We see good growth.,/wiː siː ɡʊd ɡrəʊθ/,ui si gud grouz.,Vemos un buen crecimiento.
Please help me.,/pliːz hɛlp miː/,pliz jelp mi.,Por favor ayúdame.
It is an ideal day.,/ɪt ɪz æn aɪˈdiːəl deɪ/,it is an aidial dei.,Es un día ideal.
What kind is it?,/wɒt kaɪnd ɪz ɪt/,uot kaind is it?,¿Qué tipo es?
It is a big labyrinth.,/ɪt ɪz ə bɪɡ ˈlæbərɪnθ/,it is a big laberinz.,Es un gran laberinto.
It is a mistake.,/ɪt ɪz ə mɪˈsteɪk/,it is a misteik.,Es un error.
Wait a moment please.,/weɪt ə ˈməʊmənt pliːz/,ueit a mousent plis.,Espera un momento por favor.
This is a small object.,/ðɪs ɪz ə smɔːl ˈɒbdʒɪkt/,dis is a esm ol obyekt.,Este es un objeto pequeño.
The box is an obstacle.,/ðə bɒks ɪz æn ˈɒbstəkəl/,de boks is an obstakul.,La caja es un obstáculo.
I have the original copy.,/aɪ hæv ði əˈrɪdʒənəl ˈkɒpi/,ai jav de orichinal copi.,Tengo la copia original.
This is a part of it.,/ðɪs ɪz ə pɑːt ɒv ɪt/,dis is a part ov it.,Esta es una parte de esto.
There is a small particle.,/ðeə ɪz ə smɔːl ˈpɑːtɪkəl/,der is a esm ol partikul.,Hay una pequeña partícula.
We take a short pause.,/wiː teɪk ə ʃɔːt pɔːz/,ui teik a sh ort pos.,Tomamos una pausa corta.
The position is good.,/ðə pəˈzɪʃən ɪz ɡʊd/,de posishion is gud.,La posición es buena.
It is a good principle.,/ɪt ɪz ə ɡʊd ˈprɪnsəpəl/,it is a gud prinsipul.,Es un buen principio.
This is a big problem.,/ðɪs ɪz ə bɪɡ ˈprɒbləm/,dis is a big problam.,Este es un gran problema.
This is not a big problem.,/ðɪs ɪz nɒt ə bɪɡ ˈprɒbləm/,dis is not a big problam.,Este no es un gran problema.
Is this a big problem?,/ɪz ðɪs ə bɪɡ ˈprɒbləm/,is dis a big problam?,¿Es este un gran problema?
What is this big problem?,/wɒt ɪz ðɪs bɪɡ ˈprɒbləm/,guot is dis big problam?,¿Cuál es este gran problema?
This was a big problem.,/ðɪs wɒz ə bɪɡ ˈprɒbləm/,dis guoz a big problam.,Este era un gran problema.
The process is very slow.,/ðə ˈprəʊsɛs ɪz ˈvɛri sləʊ/,de proses is beri slou.,El proceso es muy lento.
We make good progress.,/wiː meɪk ɡʊd ˈprəʊɡrɛs/,ui meik gud progres.,Hacemos buenos progresos.
Color is a property.,/ˈkʌlə ɪz ə ˈprɒpəti/,colar is a properti.,El color es una propiedad.
His reaction is fast.,/hɪz riːˈækʃən ɪz fɑːst/,jis riakshion is fast.,Su reacción es rápida.
It is a big risk.,/ɪt ɪz ə bɪɡ rɪsk/,it is a big risk.,Es un gran riesgo.
It is my secret.,/ɪt ɪz maɪ ˈsiːkrɪt/,it is ma sikrit.,Es mi secreto.
This section is closed.,/ðɪs ˈsɛkʃən ɪz kləʊzd/,dis sekshion is klousd.,Esta sección está cerrada.
It is a series of books.,/ɪt ɪz ə ˈsɪəriːz ɒv bʊks/,it is a siri ov buks.,Es una serie de libros.
The shape is round.,/ðə ʃeɪp ɪz raʊnd/,de sheip is raund.,La forma es redonda.
The situation is bad.,/ðə ˌsɪtʃuˈeɪʃən ɪz bæd/,de situashion is bad.,La situación es mala.
We find a solution.,/wiː faɪnd ə səˈluːʃən/,ui faind a solushion.,Encontramos una solución.
It is a standard size.,/ɪt ɪz ə ˈstændəd saɪz/,it is a est andard saiz.,Es un tamaño estándar.
The standard is high.,/ðə ˈstændəd ɪz haɪ/,de est andard is jai.,El estándar es alto.
Please stop here.,/pliːz stɒp hɪə/,plis stop jia.,"Para aquí, por favor."
I like your style.,/aɪ laɪk jɔː staɪl/,ai laik yor stail.,Me gusta tu estilo.
I don't like your style.,/aɪ dəʊnt laɪk jɔː staɪl/,ai dont laik yor stail.,No me gusta tu estilo.
Do you like my style?,/duː juː laɪk maɪ staɪl/,du yu laik mai stail?,¿Te gusta mi estilo?
What do you think of my style?,/wɒt duː juː θɪŋk ɒv maɪ staɪl/,guot du yu zink ov mai stail?,¿Qué opinas de mi estilo?
I liked your style.,/aɪ laɪkt jɔː staɪl/,ai laikt yor stail.,Me gustó tu estilo.
The system works well.,/ðə ˈsɪstəm wɜːrks wɛl/,de sistem works uel.,El sistema funciona bien.
Look at the table.,/lʊk æt ðə ˈteɪbəl/,luk at de teibol.,Mira la tabla.
The tempo is fast.,/ðə ˈtɛmpoʊ ɪs fæst/,de tempo is fast.,El ritmo es rápido.
This term is new.,/ðɪs tɜːrm ɪz nuː/,dis term is niu.,Este término es nuevo.
What is that thing?,/wʌt ɪz ðæt θɪŋ/,uot is dat zing?,¿Qué es esa cosa?
Tell me the truth.,/tɛl miː ðə truːθ/,tel mi de truz.,Dime la verdad.
Wait for your turn.,/weɪt fɔːr jʊər tɜːrn/,ueit for yuor torn.,Espera tu turno.
I like this type.,/aɪ laɪk ðɪs taɪp/,ai laik dis taip.,Me gusta este tipo.
I don't like this type.,/aɪ dəʊnt laɪk ðɪs taɪp/,ai dont laik dis taip.,No me gusta este tipo.
Do you like this type?,/duː juː laɪk ðɪs taɪp/,du yu laik dis taip?,¿Te gusta este tipo?
Why do you like this type?,/waɪ duː juː laɪk ðɪs taɪp/,guai du yu laik dis taip?,¿Por qué te gusta este tipo?
I liked this type.,/aɪ laɪkt ðɪs taɪp/,ai laikt dis taip.,Me gustó este tipo.
It is very urgent.,/ɪt ɪz ˈvɛri ˈɜːrdʒənt/,it is veri urdyent.,Es muy urgente.
It isn't very urgent.,/ɪt ˈɪznt ˈvɛri ˈɜːrdʒənt/,it isent veri urdyent.,No es muy urgente.
Is it very urgent?,/ɪz ɪt ˈvɛri ˈɜːrdʒənt/,is it veri urdyent?,¿Es muy urgente?
Why is it very urgent?,/waɪ ɪz ɪt ˈveri ˈɜːdʒənt/,uái iz it véri érchent?,¿Por qué es muy urgente?
It was very urgent.,/ɪt wɒz ˈvɛri ˈɜːrdʒənt/,it woz veri urdyent.,Era muy urgente.
He needs it urgently.,/hiː niːdz ɪt ˈɜːrdʒəntli/,ji nidz it urdyentli.,Él lo necesita urgentemente.
The utility is high.,/ðə juːˈtɪləti ɪz haɪ/,de yutiliti is jai.,La utilidad es alta.
This is a variant.,/ðɪs ɪz ə ˈvɛriənt/,dis is a variant.,Esta es una variante.
Show me the way.,/ʃoʊ miː ðə weɪ/,sho mi de uei.,Muéstrame el camino.
This is a no zone.,/ðɪs ɪz ə noʊ zoʊn/,dis is a no zon.,Esta es una zona prohibida.
I need more time.,/aɪ niːd mɔːr taɪm/,ai nid mor taim.,Necesito más tiempo.
It is very ancient.,/ɪt ɪz ˈvɛri ˈeɪnʃənt/,it is veri eishent.,Es muy antiguo.
It isn't very ancient.,/ɪt ˈɪznt ˈvɛri ˈeɪnʃənt/,it isent veri eishent.,No es muy antiguo.
Is it very ancient?,/ɪz ɪt ˈvɛri ˈeɪnʃənt/,is it veri eishent?,¿Es muy antiguo?
Why is it very ancient?,/waɪ ɪz ɪt ˈveri ˈeɪnʃənt/,uái iz it véri éinshent?,¿Por qué es muy antiguo?
It was very ancient.,/ɪt wɒz ˈvɛri ˈeɪnʃənt/,it woz veri eishent.,Era muy antiguo.
It is artificial.,/ɪt ɪz ˌɑːrtɪˈfɪʃl/,it is artifiSHial.,Es artificial.
Sit in the back.,/sɪt ɪn ðə bæk/,sit in de bak.,Siéntate atrás.
It is bad.,/ɪt ɪz bæd/,it is bad.,Es malo.
The house is beautiful.,/ðə haʊs ɪz ˈbjuːtɪfəl/,de jaus is biutiful.,La casa es hermosa.
You are beautiful.,/juː ɑːr ˈbjuːtɪfəl/,yu ar biutiful.,Eres hermosa.
It is big.,/ɪt ɪz bɪg/,it is big.,Es grande.
It is not big.,/ɪt ɪz nɒt bɪɡ/,it is not big.,No es grande.
Is it big?,/ɪz ɪt bɪɡ/,is it big?,¿Es grande?
How big is it?,/haʊ bɪɡ ɪz ɪt/,jau big is it?,¿Qué tan grande es?
It was big.,/ɪt wɒz bɪɡ/,it guoz big.,Era grande.
This coffee is bitter.,/ðɪs ˈkɒfi ɪz ˈbɪtər/,dis coffi is bitter.,Este café es amargo.
He is blind.,/hiː ɪz blaɪnd/,ji is blaind.,Él es ciego.
It is calm.,/ɪt ɪz kɑːm/,it is kam.,Está tranquilo.
He is very careless.,/hiː ɪz ˈvɛri ˈkɛəlɪs/,ji is veri kerlis.,Él es muy descuidado.
He isn't very careless.,/hiː ˈɪznt ˈvɛri ˈkɛəlɪs/,ji isent veri kerlis.,Él no es muy descuidado.
Is he very careless?,/ɪz hiː ˈvɛri ˈkɛəlɪs/,is ji veri kerlis?,¿Él es muy descuidado?
How careless is he?,/haʊ ˈkɛəlɪs ɪz hiː/,jau kerlis is ji?,¿Qué tan descuidado es?
He was very careless.,/hiː wɒz ˈvɛri ˈkɛəlɪs/,ji woz veri kerlis.,Él era muy descuidado.
She is a caring mother.,/ʃiː ɪz ə ˈkɛərɪŋ ˈmʌðə/,shi is a kerin mader.,Ella es una madre cariñosa.
It is a central park.,/ɪt ɪz ə ˈsɛntrəl pɑːk/,it is a sentral park.,Es un parque central.
The book is cheap.,/ðə bʊk ɪz tʃiːp/,de buk is chip.,El libro es barato.
The girl is cheerful.,/ðə ɡɜːl ɪz ˈtʃɪəfʊl/,de guerl is chirful.,La chica es alegre.
It is a children's book.,/ɪt ɪz ə ˈtʃɪldrənz bʊk/,it is a chilidrens buk.,Es un libro para niños.
This is a civil case.,/ðɪs ɪz ə ˈsɪvəl keɪs/,dis is a sivil keis.,Este es un caso civil.
The plan was clandestine.,/ðə plæn wɒz klænˈdɛstaɪn/,de plan uas klandestain.,El plan era clandestino.
The room is clean.,/ðə ruːm ɪz kliːn/,de rum is klin.,La habitación está limpia.
The water is clear.,/ðə ˈwɔːtə ɪz klɪə/,de uater is klier.,El agua está clara.
The boy is clever.,/ðə bɔɪ ɪz ˈklɛvə/,de boi is klever.,El niño es listo.
The shop is close.,/ðə ʃɒp ɪz kləʊs/,de shop is clous.,La tienda está cerca.
The door is closed.,/ðə dɔː ɪz kləʊzd/,de dor is clouzd.,La puerta está cerrada.
The sky is cloudless.,/ðə skaɪ ɪz ˈklaʊdlɪs/,de skai is claudlis.,El cielo está despejado.
The tea is cold.,/ðə tiː ɪz kəʊld/,de ti is cold.,El té está frío.
They are compatible.,/ðeɪ ɑː kəmˈpætəbəl/,dei ar compatible.,Ellos son compatibles.
She looks contented.,/ʃiː lʊks kənˈtɛntɪd/,shi luks contented.,Ella parece contenta.
It was a continuous noise.,/ɪt wɒz ə kənˈtɪnjuəs nɔɪz/,it uas a continuous nois.,Era un ruido continuo.
The rain is continuous.,/ðə reɪn ɪz kənˈtɪnjuəs/,de rein is continuous.,La lluvia es continua.
It is very convenient.,/ɪt ɪz ˈvɛri kənˈviːniənt/,it is veri convenient.,Es muy conveniente.
It isn't very convenient.,/ɪt ˈɪznt ˈvɛri kənˈviːniənt/,it isent veri convenient.,No es muy conveniente.
Is it very convenient?,/ɪz ɪt ˈvɛri kənˈviːniənt/,is it veri convenient?,¿Es muy conveniente?
Why is it very convenient?,/waɪ ɪz ɪt ˈveri kənˈviːniənt/,uái iz it véri konvíniient?,¿Por qué es muy conveniente?
It was very convenient.,/ɪt wɒz ˈvɛri kənˈviːniənt/,it woz veri convenient.,Era muy conveniente.
Today is cool.,/təˈdeɪ ɪz kuːl/,tudei is cul.,Hoy hace fresco.
The dog is dangerous.,/ðə dɒɡ ɪz ˈdeɪndʒərəs/,de dog is dangerous.,El perro es peligroso.
The room is dark.,/ðə ruːm ɪz dɑːk/,de rum is dark.,La habitación está oscura.
The plant is dead.,/ðə plɑːnt ɪz dɛd/,de plant is ded.,La planta está muerta.
The fog is dense.,/ðə fɒɡ ɪz dɛns/,de fog is dens.,La niebla es densa.
They are different.,/ðeɪ ɑːr ˈdɪfrənt/,dei ar difrent.,Son diferentes.
The choice is difficult.,/ðə tʃɔɪs ɪz ˈdɪfɪkəlt/,de chois is difikolt.,La decisión es difícil.
The task is difficult.,/ðə tæsk ɪz ˈdɪfɪkəlt/,de tas is difikolt.,La tarea es difícil.
The light is dim.,/ðə laɪt ɪz dɪm/,de lait is dim.,La luz es tenue.
The floor is dirty.,/ðə flɔːr ɪz ˈdɜːrti/,de flor is derti.,El suelo está sucio.
The place is distant.,/ðə pleɪs ɪz ˈdɪstənt/,de pleis is distant.,El lugar está distante.
Stars are distant.,/stɑːrz ɑːr ˈdɪstənt/,stars ar distant.,Las estrellas están distantes.
The clothes are dry.,/ðə kloʊðz ɑːr draɪ/,de clous ar drai.,La ropa está seca.
It is very easy.,/ɪt ɪz ˈvɛri ˈiːzi/,it is veri isi.,Es muy fácil.
It is not very easy.,/ɪt ɪz nɒt ˈvɛri ˈiːzi/,it is not veri isi.,No es muy fácil.
Is it very easy?,/ɪz ɪt ˈvɛri ˈiːzi/,is it veri isi?,¿Es muy fácil?
Why is it very easy?,/waɪ ɪz ɪt ˈveri ˈiːzi/,uái iz it véri ísi?,¿Por qué es muy fácil?
It was very easy.,/ɪt wɒz ˈvɛri ˈiːzi/,it guoz veri isi.,Era muy fácil.
The glass is empty.,/ðə ɡlæs ɪz ˈɛmpti/,de glas is empi.,El vaso está vacío.
It is the exact amount.,/ɪt ɪz ðiː ɪɡˈzækt əˈmaʊnt/,it is de igzact amaunt.,Es la cantidad exacta.
The food is excellent.,/ðə fuːd ɪz ˈɛksələnt/,de fud is ekselent.,La comida es excelente.
The cost is excessive.,/ðə kɔːst ɪz ɪkˈsɛsɪv/,de kost is eksesiv.,El costo es excesivo.
The car is expensive.,/ðə kɑːr ɪz ɪkˈspɛnsɪv/,de car is eksensiv.,El auto es caro.
It is an exterior wall.,/ɪt ɪz ən ɪkˈstɪriər wɔːl/,it is an exterior uol.,Es una pared exterior.
The car is fast.,/ðə kɑːr ɪz fæst/,de car is fast.,El auto es rápido.
The meat is fatty.,/ðə miːt ɪz ˈfæti/,de mit is fati.,La carne es grasosa.
The land is fertile.,/ðə lænd ɪz ˈfɜːrtaɪl/,de land is fertileil.,La tierra es fértil.
The screen is flat.,/ðə skriːn ɪz flæt/,de skrin is flat.,La pantalla es plana.
The floor is even.,/ðə flɔːr ɪz ˈiːvən/,de flor is ivn.,El suelo está nivelado.
He likes foreign food.,/hiː laɪks ˈfɔːrən fuːd/,ji laiks forin fud.,A él le gusta la comida extranjera.
The cup is fragile.,/ðə kʌp ɪz ˈfrædʒəl/,de cap is froljol.,La taza es frágil.
The ticket is free.,/ðə ˈtɪkɪt ɪz friː/,de ticket is fri.,El boleto es gratis.
The bird is free.,/ðə bɜːrd ɪz friː/,de bord is fri.,El pájaro es libre.
The water is fresh.,/ðə ˈwɔːtər ɪz frɛʃ/,de uoter is fresh.,El agua es fresca.
I like fresh bread.,/aɪ laɪk frɛʃ brɛd/,ai laik fresh bred.,Me gusta el pan fresco.
I eat frozen food.,/aɪ iːt ˈfrəʊzən fuːd/,ai iit frozen fud.,Como comida congelada.
The cup is full.,/ðə kʌp ɪz fʊl/,de cap is ful.,La taza está llena.
It is a good book.,/ɪt ɪz ə ɡʊd bʊk/,it is a gud buk.,Es un buen libro.
He is a good boy.,/hiː ɪz ə ɡʊd bɔɪ/,ji is a gud boi.,Él es un buen chico.
I am grateful.,/aɪ æm ˈɡreɪtfʊl/,ai am greitful.,Estoy agradecido.
I am very happy.,/aɪ æm ˈvɛri ˈhæpi/,ai am veri japi.,Estoy muy feliz.
The table is hard.,/ðə ˈteɪbəl ɪz hɑːd/,de teibol is jard.,La mesa es dura.
The box is heavy.,/ðə bɒks ɪz ˈhɛvi/,de boks is jevi.,La caja es pesada.
He is hostile.,/hiː ɪz ˈhɒstaɪl/,ji is jostail.,Él es hostil.
The tea is hot.,/ðə tiː ɪz hɒt/,de ti is jot.,El té está caliente.
The car is huge.,/ðə kɑːr ɪz hjuːdʒ/,de car is jiudch.,El coche es enorme.
It is humid.,/ɪt ɪz ˈhjuːmɪd/,it is jiumid.,Está húmedo.
I am hungry.,/aɪ æm ˈhʌŋɡri/,ai am jangri.,Tengo hambre.
She is ill.,/ʃiː ɪz ɪl/,shi is il.,Ella está enferma.
The dog is immobile.,/ðə dɒɡ ɪz ɪˈməʊbaɪl/,de dog is imobail.,El perro está inmóvil.
It is important.,/ɪt ɪz ɪmˈpɔːtənt/,it is impórtant.,Es importante.
It is impossible.,/ɪt ɪz ɪmˈpɒsəbl/,it is imposibol.,Es imposible.
It is incomprehensible.,/ɪt ɪz ˌɪnkɒmprɪˈhɛnsəbl/,it is inkomprehensibol.,Es incomprensible.
You are indispensable.,/juː ɑːr ˌɪndɪˈspɛnsəbl/,yu ar indispendibol.,Eres indispensable.
He is inexperienced.,/hiː ɪz ˌɪnɪkˈspɪəriənst/,ji is iniksperiment.,Él es inexperto.
The cost is insignificant.,/ðə kɒst ɪz ˌɪnsɪɡˈnɪfɪkənt/,de cost is insifikant.,El costo es insignificante.
It is interior.,/ɪt ɪz ɪnˈtɪəriər/,it is interíor.,Es interior.
It is a joint decision.,/ɪt ɪz ə dʒɔɪnt dɪˈsɪʒən/,it is a yoint disisión.,Es una decisión conjunta.
I saw him last week.,/aɪ sɔː hɪm lɑːst wiːk/,ai so jim last uik.,Lo vi la semana pasada.
It is the last day.,/ɪt ɪz ðə lɑːst deɪ/,it is de last dei.,Es el último día.
The bag is on the left.,/ðə bæɡ ɪz ɒn ðə lɛft/,de bag is on de left.,La bolsa está a la izquierda.
It is a legal job.,/ɪt ɪz ə ˈliːɡəl dʒɒb/,it is a liyobal yob.,Es un trabajo legal.
The box is very light.,/ðə bɒks ɪz ˈvɛri laɪt/,de boks is beri lait.,La caja es muy ligera.
I like the light blue.,/aɪ laɪk ðə laɪt bluː/,ai laik de lait blu.,Me gusta el azul claro.
The time is limited.,/ðə taɪm ɪz ˈlɪmɪtɪd/,de taim is limitid.,El tiempo es limitado.
Water is a clear liquid.,/ˈwɔːtər ɪz ə klɪər ˈlɪkwɪd/,uater is a cliar likuid.,El agua es un líquido claro.
It is a long way.,/ɪt ɪz ə lɒŋ weɪ/,it is a long uei.,Es un camino largo.
The music is too loud.,/ðə ˈmjuːzɪk ɪz tuː laʊd/,de miuzic is tu laud.,La música está muy alta.
His voice is very low.,/hɪz vɔɪs ɪz ˈvɛri ləʊ/,jis vois is beri lou.,Su voz es muy baja.
This is the main road.,/ðɪs ɪz ðə meɪn rəʊd/,dis is de meinroud.,Esta es la carretera principal.
I like the matt wall.,/aɪ laɪk ðə mæt wɔːl/,ai laik de mat uol.,Me gusta la pared mate.
She does a meticulous job.,/ʃiː dʌz ə məˈtɪkjʊləs dʒɒb/,shi das a mikyulos yob.,Ella hace un trabajo meticuloso.
The place is mysterious.,/ðə pleɪs ɪz mɪˈstɪəriəs/,de pleis is mistirios.,El lugar es misterioso.
The street is very narrow.,/ðə striːt ɪz ˈvɛri ˈnærəʊ/,de strit is beri narou.,La calle es muy estrecha.
He is a native speaker.,/hiː ɪz ə ˈneɪtɪv ˈspiːkər/,ji is a neitiv spiker.,Él es un hablante nativo.
The shop is nearby.,/ðə ʃɒp ɪz ˌnɪəˈbaɪ/,de shop is nibai.,La tienda está cerca.
I am a little near-sighted.,/aɪ æm ə ˈlɪtəl ˌnɪəˈsaɪtɪd/,ai am a litol nibisaitid.,Soy un poco miope.
Water is necessary for life.,/ˈwɔːtər ɪz ˈnɛsɪsəri fɔː laɪf/,uater is nesesari fo laif.,El agua es necesaria para la vida.
He has a negative attitude.,/hiː hæz ə ˈnɛɡətɪv ˈætɪtjuːd/,ji jas a negativ atityud.,Él tiene una actitud negativa.
We visited the neighboring city.,/wiː ˈvɪzɪtɪd ðə ˈneɪbərɪŋ ˈsɪti/,ui visitid de neiboring siti.,Visitamos la ciudad vecina.
I feel very nervous.,/aɪ fiːl ˈvɛri ˈnɜːvəs/,ai fil beri nervos.,Me siento muy nervioso.
I have a new car.,/aɪ hæv ə njuː kɑːr/,ai jav a nu kar.,Tengo un coche nuevo.
See you next week.,/siː juː nɛkst wiːk/,si yu next wik.,Nos vemos la próxima semana.
You are very nice.,/juː ɑːr ˈvɛri naɪs/,yu ar beri nais.,Eres muy amable.
You are not very nice.,/juː ɑːr nɒt ˈvɛri naɪs/,yu ar not beri nais.,No eres muy amable.
Are you very nice?,/ɑːr juː ˈvɛri naɪs/,ar yu beri nais?,¿Eres muy amable?
Who is very nice?,/huː ɑːr ˈvɛri naɪs/,ju ar beri nais?,¿Quién es muy amable?
You were very nice.,/juː wɜːr ˈvɛri naɪs/,yu guer beri nais.,Fuiste muy amable.
You have a nice voice.,/juː hæv ə naɪs vɔɪs/,yu jav a nais vois.,Tienes una voz agradable.
It is a normal day.,/ɪt ɪz ə ˈnɔːməl deɪ/,it is a normal dei.,Es un día normal.
The house is not big.,/ðə haʊs ɪz nɒt bɪɡ/,de jaus is not big.,La casa no es grande.
The picture is unclear.,/ðə ˈpɪktʃər ɪz ʌnˈklɪər/,de picshur is unclir.,La imagen no está clara.
The test is not difficult.,/ðə tɛst ɪz nɒt ˈdɪfɪkəlt/,de test is not difikolt.,La prueba no es difícil.
It is obligatory to go.,/ɪt ɪz əˈblɪɡətəri tuː ɡəʊ/,it is obligatori tu gou.,Es obligatorio ir.
They live in an old house.,/ðeɪ lɪv ɪn ən əʊld haʊs/,dei liv in an old jaus.,Viven en una casa antigua.
The window is open.,/ðə ˈwɪndəʊ ɪz ˈəʊpən/,de uindou is open.,La ventana está abierta.
He sits opposite me.,/hiː sɪts ˈɒpəzɪt miː/,ji sits oposit mi.,Él se sienta frente a mí.
It was an ordinary day.,/ɪt wɒz ən ˈɔːdənri deɪ/,it uoz an ordinary dei.,Era un día ordinario.
Her idea is very original.,/hɜːr aɪˈdɪə ɪz ˈvɛri əˈrɪdʒənl/,jer aidia is veri original.,Su idea es muy original.
She likes the past style.,/ʃiː laɪks ðə pɑːst staɪl/,shi laiks de past stail.,A ella le gusta el estilo pasado.
This is a permanent home.,/ðɪs ɪz ə ˈpɜːmənənt həʊm/,dis is a permanent jom.,Esta es un hogar permanente.
This is my personal bag.,/ðɪs ɪz maɪ ˈpɜːsənl bæɡ/,dis is mai personal bag.,Este es mi bolso personal.
He is a very polite boy.,/hiː ɪz ə ˈvɛri pəˈlaɪt bɔɪ/,ji is a veri polite boy.,Él es un niño muy educado.
He is not a very polite boy.,/hiː ɪz nɒt ə ˈvɛri pəˈlaɪt bɔɪ/,ji is not a veri polite boy.,Él no es un niño muy educado.
Is he a very polite boy?,/ɪz hiː ə ˈvɛri pəˈlaɪt bɔɪ/,is ji a veri polite boy?,¿Es él un niño muy educado?
Who is a very polite boy?,/huː ɪz ə ˈvɛri pəˈlaɪt bɔɪ/,ju is a veri polite boy?,¿Quién es un niño muy educado?
He was a very polite boy.,/hiː wɒz ə ˈvɛri pəˈlaɪt bɔɪ/,ji woz a veri polite boy.,Él era un niño muy educado.
They are very poor people.,/ðeɪ ɑː ˈvɛri pʊə ˈpiːpl/,dei ar veri pipor pipol.,Ellos son personas muy pobres.
It is possible to go.,/ɪt ɪz ˈpɒsəbl tuː ɡəʊ/,it is posibol tu gou.,Es posible ir.
The man is destitute.,/ðə mæn ɪz ˈdɛstɪtjuːt/,de man is destitut.,El hombre está en la indigencia.
I like the present time.,/aɪ laɪk ðə ˈprɛzənt taɪm/,ai laik de present taim.,Me gusta el tiempo presente.
I do not like the present time.,/aɪ duː nɒt laɪk ðə ˈprɛzənt taɪm/,ai du not laik de present taim.,No me gusta el tiempo presente.
Do you like the present time?,/duː juː laɪk ðə ˈprɛzənt taɪm/,du iu laik de present taim?,¿Te gusta el tiempo presente?
Why do you like the present time?,/waɪ duː juː laɪk ðə ˈpreznt taɪm/,uái du yu laik de préznt táim?,¿Por qué te gusta la época actual?
I liked the present time.,/aɪ laɪkt ðə ˈprɛzənt taɪm/,ai laikt de present taim.,Me gustó el tiempo presente.
He had a previous job.,/hiː hæd ə ˈpriːviəs dʒɒb/,ji jad a previos yob.,Él tenía un trabajo anterior.
This is the principal street.,/ðɪs ɪz ðə ˈprɪnsəpl striːt/,dis is de principal strit.,Esta es la calle principal.
It is a private car.,/ɪt ɪz ə ˈpraɪvət kɑːr/,it is a private car.,Es un coche privado.
It is probable to rain.,/ɪt ɪz ˈprɒbəbl tuː reɪn/,it is probable tu rein.,Es probable que llueva.
This is a public park.,/ðɪs ɪz ə ˈpʌblɪk pɑːrk/,dis is a public park.,Este es un parque público.
She is a punctual girl.,/ʃiː ɪz ə ˈpʌŋktʃuəl ɡɜːrl/,shi is a punctual guerl.,Ella es una chica puntual.
The room is very quiet.,/ðə ruːm ɪz ˈvɛri kwaɪət/,de rum is veri kuaiet.,La habitación es muy tranquila.
The room is not very quiet.,/ðə ruːm ɪz nɒt ˈvɛri kwaɪət/,de rum is not veri kuaiet.,La habitación no es muy tranquila.
Is the room very quiet?,/ɪz ðə ruːm ˈvɛri kwaɪət/,is de rum veri kuaiet?,¿Es la habitación muy tranquila?
Which room is very quiet?,/wɪtʃ ruːm ɪz ˈvɛri kwaɪət/,guich rum is veri kuaiet?,¿Qué habitación es muy tranquila?
The room was very quiet.,/ðə ruːm wɒz ˈvɛri kwaɪət/,de rum woz veri kuaiet.,La habitación era muy tranquila.
It is a rare bird.,/ɪt ɪz ə rɛə bɜːd/,it is a rair berd.,Es un pájaro raro.
I do not eat raw meat.,/aɪ duː nɒt iːt rɔː miːt/,ai du not iit ro miit.,No como carne cruda.
My right hand hurts.,/maɪ raɪt hænd hɜːts/,mai raiant jand jerts.,Me duele la mano derecha.
Your answer is right.,/jɔː ˈɑːnsə ɪz raɪt/,yu aranser is rait.,Tu respuesta es correcta.
The banana is ripe.,/ðə bəˈnɑːnə ɪz raɪp/,de banana is raip.,El plátano está maduro.
It is too risky.,/ɪt ɪz tuː ˈrɪski/,it is tu riski.,Es demasiado arriesgado.
He looks very sad.,/hiː lʊks ˈvɛri sæd/,ji luks veri sad.,Él se ve muy triste.
It is a sad story.,/ɪt ɪz ə sæd ˈstɔːri/,it is a sad estori.,Es una historia triste.
The car is safe.,/ðə kɑː ɪz seɪf/,de kar is seif.,El carro es seguro.
The soup is salty.,/ðə suːp ɪz ˈsɔːlti/,de sup is solti.,La sopa está salada.
The customer is satisfied.,/ðə ˈkʌstəmə ɪz ˈsætɪsfaɪd/,de costumer is satishfaid.,El cliente está satisfecho.
I bought a second hand car.,/aɪ bɔːt ə ˈsɛkənd hænd kɑː/,ai bot a sekond jand kar.,Compré un carro usado.
The water is shallow.,/ðə ˈwɔːtə ɪz ˈʃæləʊ/,de uater is shalou.,El agua es poco profunda.
This knife is sharp.,/ðɪs naɪf ɪz ʃɑːp/,dis naif is sharp.,Este cuchillo está afilado.
The dress is short.,/ðə drɛs ɪz ʃɔːt/,de dres is shor t.,El vestido es corto.
The meeting was short.,/ðə ˈmiːtɪŋ wɒz ʃɔːt/,de miting was shor t.,La reunión fue corta.
It is a significant change.,/ɪt ɪz ə sɪgˈnɪfɪkənt tʃeɪndʒ/,it is a signifikant cheindch.,Es un cambio importante.
They look very similar.,/ðeɪ lʊk ˈvɛri ˈsɪmɪlə/,dei luks veri similar.,Se ven muy similares.
They do not look very similar.,/ðeɪ duː nɒt lʊk ˈvɛri ˈsɪmɪlə/,dei du not luks veri similar.,Ellos no se ven muy similares.
Do they look very similar?,/duː ðeɪ lʊk ˈvɛri ˈsɪmɪlə/,du dei luks veri similar?,¿Se ven ellos muy similares?
What looks very similar?,/wɒt lʊks ˈvɛri ˈsɪmɪlə/,guot luks veri similar?,¿Qué se ve muy similar?
They looked very similar.,/ðeɪ lʊkt ˈvɛri ˈsɪmɪlə/,dei lukt veri similar.,Se veían muy similares.
The game is simple.,/ðə geɪm ɪz ˈsɪmpəl/,de geim is simple.,El juego es simple.
He is a skinny boy.,/hiː ɪz ə ˈskɪni bɔɪ/,ji is a skini boi.,Él es un chico flaco.
She is thin and tall.,/ʃiː ɪz θɪn ænd tɔːl/,shi is zin an tol.,Ella es delgada y alta.
The box is small.,/ðə bɒks ɪz smɔːl/,de boks is smol.,La caja es pequeña.
The table is smooth.,/ðə ˈteɪbəl ɪz smuːð/,de teibol is smuz.,La mesa es lisa.
The pillow is soft.,/ðə ˈpɪləʊ ɪz sɒft/,de pilou is sof t.,La almohada es suave.
The wall is solid.,/ðə wɔːl ɪz ˈsɒlɪd/,de uol is solide.,La pared es sólida.
The room is somber.,/ðə ruːm ɪz ˈsɒmbə/,de rum is somber.,La habitación es sombría.
The lemon is sour.,/ðə ˈlɛmən ɪz ˈsaʊə/,de lemen is sauer.,El limón es agrio.
The house is spacious.,/ðə haʊs ɪz ˈspeɪʃəs/,de jaus is speishios.,La casa es espaciosa.
Today is a special day.,/təˈdeɪ ɪz ə ˈspɛʃəl deɪ/,tudei is a speshial dei.,Hoy es un día especial.
The line is straight.,/ðə laɪn ɪz streɪt/,de lain is streit.,La línea es recta.
He is very strong.,/hiː ɪz ˈvɛri strɒŋ/,ji is veri strong.,Él es muy fuerte.
He isn't very strong.,/hiː ˈɪznt ˈvɛri strɒŋ/,ji isent veri strong.,Él no es muy fuerte.
Is he very strong?,/ɪz hiː ˈvɛri strɒŋ/,is ji veri strong?,¿Él es muy fuerte?
Who is very strong?,/huː ɪz ˈvɛri strɒŋ/,ju is veri strong?,¿Quién es muy fuerte?
He was very strong.,/hiː wɒz ˈvɛri strɒŋ/,ji woz veri strong.,Él era muy fuerte.
That is a stupid idea.,/ðæt ɪz ə ˈstjuːpɪd aɪˈdɪə/,dat is a stiupid aidia.,Esa es una idea estúpida.
It is a sunny day.,/ɪt ɪz ə ˈsʌni deɪ/,it is a sani dei.,Es un día soleado.
The food is superb.,/ðə fuːd ɪz suːˈpɜːb/,de fud is superb.,La comida es excelente.
He is a swarthy man.,/hiː ɪz ə ˈswɔːði mæn/,ji is a suuordi man.,Él es un hombre moreno.
The cake is sweet.,/ðə keɪk ɪz swiːt/,de keik is swit.,El pastel es dulce.
She has a tan face.,/ʃiː hæz ə tæn feɪs/,shi jas a tan feis.,Ella tiene la cara bronceada.
She does not have a tan face.,/ʃiː dʌz nɒt hæv ə tæn feɪs/,shi das not jav a tan feis.,Ella no tiene la cara bronceada.
Does she have a tan face?,/dʌz ʃiː hæv ə tæn feɪs/,das shi jav a tan feis?,¿Tiene ella la cara bronceada?
Who has a tan face?,/huː hæz ə tæn feɪs/,ju jas a tan feis?,¿Quién tiene la cara bronceada?
She had a tan face.,/ʃiː hæd ə tæn feɪs/,shi jad a tan feis.,Ella tenía la cara bronceada.
This fruit is tasty.,/ðɪs fruːt ɪz ˈteɪsti/,dis frut is teisti.,Esta fruta es sabrosa.
She is very tender.,/ʃiː ɪz ˈvɛri ˈtɛndə/,shi is veri tander.,Ella es muy tierna.
She is not very tender.,/ʃiː ɪz nɒt ˈvɛri ˈtɛndə/,shi is not veri tander.,Ella no es muy tierna.
Is she very tender?,/ɪz ʃiː ˈvɛri ˈtɛndə/,is shi veri tander?,¿Es ella muy tierna?
Why is she very tender?,/waɪ ɪz ʃi ˈveri ˈtendə/,uái iz shi véri ténder?,¿Por qué es ella muy tierna?
She was very tender.,/ʃiː wɒz ˈvɛri ˈtɛndə/,shi woz veri tander.,Ella era muy tierna.
It is the highest mountain.,/ɪt ɪz ðə ˈhaɪɪst ˈmaʊntɪn/,it is de jaitest mauntin.,Es la montaña más alta.
This is the most important thing.,/ðɪs ɪz ðə məʊst ɪmˈpɔːtənt θɪŋ/,dis is de most important zing.,Esto es lo más importante.
The shop is the nearest.,/ðə ʃɒp ɪz ðə ˈnɪərɪst/,de shop is de nirest.,La tienda es la más cercana.
We have the same car.,/wiː hæv ðə seɪm kɑː/,ui jav de seim kar.,Tenemos el mismo coche.
The fog is very thick.,/ðə fɒg ɪz ˈvɛri θɪk/,de fog is veri zik.,La niebla es muy espesa.
This book is thick.,/ðɪs bʊk ɪz θɪk/,dis buk is zik.,Este libro es grueso.
My shoes are too tight.,/maɪ ʃuːz ɑː tuː taɪt/,mai shus ar tu tait.,Mis zapatos están muy apretados.
I am very tired.,/aɪ æm ˈvɛri ˈtaɪəd/,ai am veri taierd.,Estoy muy cansado.
I am not very tired.,/aɪ æm nɒt ˈvɛri ˈtaɪəd/,ai am not veri taierd.,No estoy muy cansado.
Are you very tired?,/ɑː juː ˈvɛri ˈtaɪəd/,ar iu veri taierd?,¿Estás muy cansado?
Why are you very tired?,/waɪ ɑː juː ˈvɛri ˈtaɪəd/,guai ar iu veri taierd?,¿Por qué estás muy cansado?
I was very tired.,/aɪ wɒz ˈvɛri ˈtaɪəd/,ai woz veri taierd.,Estaba muy cansado.
The work is tiring.,/ðə wɜːk ɪz ˈtaɪərɪŋ/,de uork is tairing.,El trabajo es cansado.
The glass is transparent.,/ðə glɑːs ɪz trænsˈpɛərənt/,de glas is transparent.,El vidrio es transparente.
You are unique.,/juː ɑːr juːˈniːk/,yu ar yunik.,Tú eres único.
I like various colors.,/aɪ laɪk ˈvɛəriəs ˈkʌləz/,ai laik verios kalers.,Me gustan varios colores.
The tea is warm.,/ðə tiː ɪz wɔːrm/,de ti is uorm.,El té está caliente.
My shirt is wet.,/maɪ ʃɜːrt ɪz wɛt/,mai shert is uet.,Mi camisa está mojada.
I ate the whole apple.,/aɪ eɪt ðə hoʊl ˈæpl/,ai eit de jol apl.,Me comí toda la manzana.
The road is wide.,/ðə roʊd ɪz waɪd/,de rood is uaid.,La carretera es ancha.
He is very young.,/hiː ɪz ˈvɛri jʌŋ/,ji is veri yang.,Él es muy joven.
He isn't very young.,/hiː ˈɪznt ˈvɛri jʌŋ/,ji isent veri yang.,Él no es muy joven.
Is he very young?,/ɪz hiː ˈvɛri jʌŋ/,is ji veri yang?,¿Él es muy joven?
How young is he?,/haʊ jʌŋ ɪz hiː/,jau yang is ji?,¿Qué tan joven es él?
He was very young.,/hiː wɒz ˈvɛri jʌŋ/,ji woz veri yang.,Él era muy joven.
I accompany my friend.,/aɪ əˈkʌmpəni maɪ frɛnd/,ai akompani mai frend.,Acompaño a mi amigo.
Do not accuse me.,/duː nɒt əˈkjuːz miː/,du not akius mi.,No me acuses.
I acknowledge the error.,/aɪ əkˈnɒlɪdʒ ðə ˈɛrər/,ai aknolich de erer.,Reconozco el error.
You must act now.,/juː mʌst ækt naʊ/,yu mast akt nau.,Debes actuar ahora.
Please add sugar.,/pliːz æd ˈʃʊɡər/,pliz ad shugar.,Por favor añade azúcar.
I address the teacher.,/aɪ əˈdrɛs ðə ˈtiːtʃər/,ai adres de ticher.,Me dirijo al profesor.
We admire the view.,/wiː ədˈmaɪər ðə vjuː/,ui admair de viu.,Admiramos la vista.
They advertise the car.,/ðeɪ ˈædvərtaɪz ðə kɑːr/,dei advetaiz de kar.,Ellos anuncian el coche.
I advise him daily.,/aɪ ədˈvaɪz hɪm ˈdeɪli/,ai advais him deili.,Le aconsejo a diario.
I affirm the truth.,/aɪ əˈfɜːrm ðə truːθ/,ai afirm de trud.,Afirmo la verdad.
We agree with you.,/wiː əˈɡriː wɪð juː/,ui agri wid yu.,Estamos de acuerdo contigo.
Please allow me here.,/pliːz əˈlaʊ miː hɪər/,pliz alau mi jier.,Por favor permíteme aquí.
He alludes to the book.,/hiː əˈluːdz tuː ðə bʊk/,ji alius tu de buk.,Él alude al libro.
They amputate the leg.,/ðeɪ ˈæmpjuteɪt ðə lɛɡ/,dei ampiuteit de leg.,Amputan la pierna.
I answer the phone.,/aɪ ˈænsər ðə foʊn/,ai anser de fon.,Contesto el teléfono.
I apologize to you.,/aɪ əˈpɒlədʒaɪz tuː juː/,ai apolochair tu yu.,Te pido disculpas.
The moon appears now.,/ðə muːn əˈpɪərz naʊ/,de mun apiers nau.,La luna aparece ahora.
We applaud the team.,/wiː əˈplɔːd ðə tiːm/,ui aplod de tim.,Aplaudimos al equipo.
They appoint him for the job.,/ðeɪ əˈpɔɪnt hɪm fɔː ðə dʒɒb/,dei apoint jim for de yob.,Lo nombran para el trabajo.
We approach the big house.,/wiː əˈprəʊtʃ ðə bɪɡ haʊs/,ui aprouch de big jaus.,Nos acercamos a la casa grande.
We do not approach the big house.,/wiː duː nɒt əˈprəʊtʃ ðə bɪɡ haʊs/,ui du not aprouch de big jaus.,No nos acercamos a la casa grande.
Do we approach the big house?,/duː wiː əˈprəʊtʃ ðə bɪɡ haʊs/,du ui aprouch de big jaus?,¿Nos acercamos a la casa grande?
Where is the big house?,/weər ɪz ðə bɪɡ haʊs/,guer is de big jaus?,¿Dónde está la casa grande?
We approached the big house.,/wiː əˈprəʊtʃt ðə bɪɡ haʊs/,ui aproucht de big jaus.,Nos acercamos a la casa grande.
The train arrives now.,/ðə treɪn əˈraɪvs naʊ/,de trein araivs nau.,El tren llega ahora.
I ask her to help.,/aɪ ɑːsk hɜː tuː hɛlp/,ai ask jar tu jelp.,Le pido que ayude.
I aspire to be happy.,/aɪ əˈspaɪə tuː biː ˈhæpi/,ai aspair tu bi japi.,Aspiro a ser feliz.
I assist you with the work.,/aɪ əˈsɪst juː wɪð ðə wɜːk/,ai asist yu wid de werk.,Te ayudo con el trabajo.
They attack the town.,/ðeɪ əˈtæk ðə taʊn/,dei atak de taun.,Atacan la ciudad.
We attain our goals.,/wiː əˈteɪn aʊə ɡəʊlz/,ui atein auar gols.,Alcanzamos nuestras metas.
He wants to revenge.,/hiː wɒnts tuː rɪˈvɛndʒ/,ji guants tu rivendy.,Quiere vengarse.
You avoid the danger.,/juː əˈvɔɪd ðə ˈdeɪndʒə/,yu avoid de deindyer.,Evitas el peligro.
They award her a medal.,/ðeɪ əˈwɔːd hɜːr ə ˈmɛdəl/,dei uord jar un medol.,Le otorgan una medalla.
We battle for peace.,/wiː ˈbætəl fɔː piːs/,ui batol for pis.,Luchamos por la paz.
The book is on the table.,/ðə bʊk ɪz ɒn ðə ˈteɪbəl/,de buk is on de teibol.,El libro está en la mesa.
I am at home.,/aɪ æm æt həʊm/,ai am at jom.,Estoy en casa.
She is afraid of dogs.,/ʃiː ɪz əˈfreɪd ɒv dɒɡz/,shi is afreid ov dogs.,Ella tiene miedo a los perros.
He is angry with you.,/hiː ɪz ˈæŋɡri wɪð juː/,ji is angri wid yu.,Él está enojado contigo.
They are at war.,/ðeɪ ɑːr æt wɔː/,dei ar at uor.,Ellos están en guerra.
It is based on facts.,/ɪt ɪz beɪst ɒn fækts/,it is beist on facts.,Está basado en hechos.
I am bored today.,/aɪ æm bɔːd təˈdeɪ/,ai am bord tudei.,Estoy aburrido hoy.
She is convinced now.,/ʃiː ɪz kənˈvɪnst naʊ/,shi is convinst nau.,Ella está convencida ahora.
The food is enough.,/ðə fuːd ɪz ɪˈnʌf/,de fud is inaf.,La comida es suficiente.
He is envious of you.,/hiː ɪz ˈɛnvɪəs ɒv juː/,ji is envius ov yu.,Él tiene envidia de ti.
I am indignant.,/aɪ æm ɪnˈdɪɡnənt/,ai am indignant.,Estoy indignado.
We are interested in art.,/wiː ɑːr ˈɪntrəstɪd ɪn ɑːt/,ui ar intrastid in art.,Estamos interesados en el arte.
She is lying down.,/ʃiː ɪz ˈlaɪɪŋ daʊn/,shi is laying daun.,Ella está acostada.
I am needed at home.,/aɪ æm ˈniːdɪd æt həʊm/,ai am nided at jom.,Se me necesita en casa.
He is perplexed by the map.,/hiː ɪz pəˈplekst baɪ ðə mæp/,ji is perplekst bai de map.,Él está perplejo con el mapa.
The food is preserved in a jar.,/ðə fuːd ɪz prɪˈzɜːvd ɪn ə dʒɑː/,de fud is preservd in un yar.,La comida se conserva en un frasco.
A ticket is required to enter.,/ə ˈtɪkɪt ɪz rɪˈkwaɪəd tuː ˈɛntə/,a tiket is rikuaierd tu entar.,Se requiere un boleto para entrar.
She is surprised by the gift.,/ʃiː ɪz səˈpraɪzd baɪ ðə gɪft/,shi is sorpraisd bai de gift.,Ella está sorprendida por el regalo.
I am worried about the test.,/aɪ æm ˈwʌrid əˈbaʊt ðə tɛst/,ai am uarid abaut de test.,Estoy preocupado por el examen.
Do not beat the dog.,/duː nɒt biːt ðə dɒg/,du not bit de dog.,No golpees al perro.
I want to become a doctor.,/aɪ wɒnt tuː bɪˈkʌm ə ˈdɒktə/,ai guant tu bikam un doktor.,Quiero ser doctor.
He became pensive after the news.,/hiː bɪˈkeɪm ˈpɛnsɪv ˈɑːftə ðə njuːz/,ji bikam pensiv aftar de niuz.,Él se quedó pensativo tras la noticia.
Please behave well at school.,/pliːz bɪˈheɪv wɛl æt skuːl/,pliz bijeiv uel at skul.,"Por favor, compórtate bien en la escuela."
I believe you are right.,/aɪ bɪˈliːv juː ɑː raɪt/,ai beliv yu ar rait.,Creo que tienes razón.
This book belongs to me.,/ðɪs bʊk bɪˈlɒŋz tuː miː/,dis buk bilonks tu mi.,Este libro me pertenece.
The ship will berth here.,/ðə ʃɪp wɪl bɜːθ hɪə/,de ship uil berj jia.,El barco atracará aquí.
The sun can blind drivers.,/ðə sʌn kæn blaɪnd ˈdraɪvəz/,de sun can blain drivers.,El sol puede deslumbrar a los conductores.
The wind blows hard today.,/ðə wɪnd bləʊz hɑːd təˈdeɪ/,de wind blows jard tudei.,El viento sopla fuerte hoy.
She blushes when she sees him.,/ʃiː ˈblʌʃɪz wɛn ʃiː siːz hɪm/,shi blashes guen shi sijs jim.,Ella se sonroja cuando lo ve.
He likes to boast about work.,/hiː laɪks tuː bəʊst əˈbaʊt wɜːk/,ji laiks tu bost abaut uork.,A él le gusta presumir de su trabajo.
Can I borrow some money?,/kæn aɪ ˈbɒrəʊ sʌm ˈmʌni/,can ai borou sam mani.,¿Puedes prestarme dinero?
Do not break the toy.,/duː nɒt breɪk ðə tɔɪ/,du not breik de toy.,No rompas el juguete.
Fish breathe in the water.,/fɪʃ briːð ɪn ðə ˈwɔːtə/,fish brid in de uater.,Los peces respiran en el agua.
Please bring me the water.,/pliːz brɪŋ miː ðə ˈwɔːtə/,pliz brin mi de uater.,"Por favor, tráeme el agua."
Do not burn the paper.,/duː nɒt bɜːn ðə ˈpeɪpə/,du not bern de peiper.,No quemes el papel.
I want to buy bread.,/aɪ wɒnt tuː baɪ brɛd/,ai guant tu bai bred.,Quiero comprar pan.
Call for help now.,/kɔːl fɔː hɛlp naʊ/,col for jelp nau.,Pide ayuda ahora.
She calls her mom every day.,/ʃiː kɔːlz hɜː mɒm ˈɛvri deɪ/,shi cols jer mom evri dei.,Ella llama a su mamá todos los días.
I can calm down the baby.,/aɪ kæn kɑːm daʊn ðə ˈbeɪbi/,ai kan kam daun de beibi.,Puedo calmar al bebé.
I can run fast.,/aɪ kæn rʌn fɑːst/,ai kan ran fast.,Puedo correr rápido.
They will cancel the game.,/ðeɪ wɪl ˈkænsəl ðə ɡeɪm/,dei uil cancel de geim.,Ellos cancelarán el juego.
He can cast off the net.,/hiː kæn kɑːst ɒf ðə nɛt/,ji kan cast of de net.,Él puede lanzar la red.
You catch the ball.,/juː kæʃ ðə bɔːl/,yu cach de bol.,Tú atrapas la pelota.
I catch sight of a bird.,/aɪ kæʃ saɪt ɒv ə bɜːd/,ai cach sait ov e berd.,Vislumbro un pájaro.
The rain can cause a flood.,/ðə reɪn kæn kɔːz ə flʌd/,de rein kan caus e flod.,La lluvia puede causar una inundación.
I change my opinion.,/aɪ ʧeɪnʤ maɪ əˈpɪnjən/,ai cheinch main opinion.,Cambio mi opinión.
I change the money.,/aɪ ʧeɪnʤ ðə ˈmʌni/,ai cheinch de mani.,Cambio el dinero.
She can charm him.,/ʃiː kæn ʧɑːm hɪm/,shi kan charm jim.,Ella puede encantarlo.
I choose the red one.,/aɪ ʧuːz ðə rɛd wʌn/,ai chuz de red uan.,Eligo el rojo.
He can chop off the wood.,/hiː kæn ʧɒp ɒf ðə wʊd/,ji kan chop of de wud.,Él puede cortar la leña.
I clean the plate.,/aɪ kliːn ðə pleɪt/,ai clin de pleit.,Limpio el plato.
I clean my shoes.,/aɪ kliːn maɪ ʃuːz/,ai clin main shus.,Limpio mis zapatos.
We clean the room.,/wiː kliːn ðə ruːm/,ui clin de rum.,Limpiamos la habitación.
Please close the door.,/pliːz kləʊz ðə dɔː/,pliz clos de dor.,Por favor cierra la puerta.
I comb my hair.,/aɪ kəʊm maɪ heə/,ai com main jer.,Me peino el cabello.
He comes down the stairs.,/hiː kʌmz daʊn ðə stɛəz/,ji coms daun de sters.,Él baja las escaleras.
Please come in.,/pliːz kʌm ɪn/,pliz com in.,Por favor pasa.
The book comes out today.,/ðə bʊk kʌmz aʊt təˈdeɪ/,de buk coms aut tudei.,El libro sale hoy.
I compare the two cars.,/aɪ kəmˈpeə ðə tuː kɑːz/,ai compare de tu cars.,Comparo los dos coches.
They compensate the worker.,/ðeɪ ˈkɒmpənseɪt ðə ˈwɜːkə/,dei compens de uerker.,Ellos compensan al trabajador.
I compete in the game.,/aɪ kəmˈpiːt ɪn ðə ɡeɪm/,ai compete in de geim.,Compito en el juego.
She compiles a list.,/ʃiː kəmˈpaɪlz ə lɪst/,shi compails e list.,Ella compila una lista.
I complain about the food.,/aɪ kəmˈpleɪn əˈbaʊt ðə fuːd/,ai complain abaut de fud.,Me quejo de la comida.
Do not complicate the story.,/duː nɒt ˈkɒmplɪkeɪt ðə ˈstɔːri/,du nat komplikeit de stori.,No compliques la historia.
He can compose a song.,/hiː kæn kəmˈpəʊz ə sɒŋ/,ji kan compous e song.,Él puede componer una canción.
Do not compromise your name.,/duː nɒt ˈkɒmprəmaɪz jɔː neɪm/,du nat kompromaiz yor neim.,No comprometas tu nombre.
I try to concentrate.,/aɪ traɪ tuː ˈkɒnsəntreɪt/,ai chrai tu konsentreit.,Intento concentrarme.
He will confess the truth.,/hiː wɪl kənˈfes ðə truːθ/,ji uil confes de truuz.,Él confesará la verdad.
Do not confuse the words.,/duː nɒt kənˈfjuːz ðə wɜːdz/,du nat confius de uerds.,No confundas las palabras.
We congratulate the winner.,/wiː kənˈɡrætʃʊleɪt ðə ˈwɪnə/,ui congrachuleit de winner.,Felicitamos al ganador.
She consults the doctor.,/ʃiː kənˈsʌlts ðə ˈdɒktə/,shi consults de doctor.,Ella consulta al médico.
Please continue to read.,/pliːz kənˈtɪnjuː tuː riːd/,plis continiu tu rid.,Por favor continúa leyendo.
He can control the car.,/hiː kæn kənˈtrəʊl ðə kɑː/,ji kan control de car.,Él puede controlar el coche.
She convinces her friend.,/ʃiː kənˈvɪnsɪz hɜː frend/,shi convins jor frend.,Ella convence a su amiga.
We cooperate at work.,/wiː kəʊˈɒpəreɪt æt wɜːk/,ui joperate at uork.,Cooperamos en el trabajo.
They coordinate the event.,/ðeɪ kəʊˈɔːdɪneɪt ðiː ɪˈvent/,dei jordeineit de event.,Ellos coordinan el evento.
Please correct the paper.,/pliːz kəˈrekt ðə ˈpeɪpə/,plis correct de paper.,Por favor corrige el papel.
It costs five dollars.,/ɪt kɒsts faɪv ˈdɒləz/,it casts faiv dolers.,Cuesta cinco dólares.
I count the coins.,/aɪ kaʊnt ðə kɔɪnz/,ai caunt de coins.,Cuento las monedas.
I count on my family.,/aɪ kaʊnt ɒn maɪ ˈfæmɪli/,ai caunt on mai famili.,Cuento con mi familia.
The wall starts to crack.,/ðə wɔːl stɑːts tuː kræk/,de uol starts tu crak.,La pared empieza a agrietarse.
She creates a new dress.,/ʃiː kriːˈeɪts ə njuː dres/,shi crieits e niu dress.,Ella crea un vestido nuevo.
The baby cries at night.,/ðə ˈbeɪbi kraɪz æt naɪt/,de beibi craiz at nait.,El bebé llora por la noche.
Cut off a piece of bread.,/kʌt ɒf ə piːs ɒv bred/,kat of e pis of bred.,Corta un trozo de pan.
I dare to go there.,/aɪ deə tuː ɡəʊ ðeə/,ai der tu go der.,Me atrevo a ir allí.
This book dates from Tuesday.,/ðɪs bʊk deɪts frɒm ˈtjuːzdeɪ/,dis buk deits from tiusdei.,Este libro data del martes.
Do not deceive your mother.,/duː nɒt dɪˈsiːv jɔː ˈmʌðə/,du nat disiv yor mader.,No engañes a tu madre.
We decide to play games.,/wiː dɪˈsaɪd tuː pleɪ ɡeɪmz/,ui disaid tu plei geims.,Decidimos jugar juegos.
I decorate the tree.,/aɪ ˈdɛkəreɪt ðə triː/,ai dekoreit de tri.,Decoro el árbol.
I dedicate this book.,/aɪ ˈdɛdɪkeɪt ðɪs bʊk/,ai dedikeit dis buk.,Dedico este libro.
We defend our home.,/wiː dɪˈfɛnd aʊə həʊm/,wi difend awer jom.,Defendemos nuestro hogar.
You defend yourself.,/juː dɪˈfɛnd jɔːˈsɛlf/,yu difend yu.self.,Te defiendes a ti mismo.
I demand my money.,/aɪ dɪˈmɑːnd maɪ ˈmʌni/,ai dimand mai mani.,Exijo mi dinero.
They denounce the lie.,/ðeɪ dɪˈnaʊns ðə laɪ/,dei denauns de lai.,Denuncian la mentira.
I deny the error.,/aɪ dɪˈnaɪ ðə ˈɛrə/,ai denai de eror.,Niego el error.
It depends on you.,/ɪt dɪˈpɛnds ɒn juː/,it dipends on yu.,Depende de ti.
They deprive the boy.,/ðeɪ dɪˈpraɪv ðə bɔɪ/,dei depraiv de boi.,Privan al niño.
You deserve a gift.,/juː dɪˈzɜːv ə ɡɪft/,yu dizerv a gift.,Mereces un regalo.
We design a car.,/wiː dɪˈzaɪn ə kɑː/,wi dizain a kar.,Diseñamos un coche.
I desire a cup.,/aɪ dɪˈzaɪə ə kʌp/,ai dizair a kap.,Deseo una taza.
He despises the act.,/hiː dɪˈspaɪzɪz ðiː ækt/,ji dispaizes di akt.,Desprecia el acto.
I destroy the box.,/aɪ dɪˈstrɔɪ ðə bɒks/,ai destroy de boks.,Destruyo la caja.
We differ from them.,/wiː ˈdɪfə frɒm ðɛm/,wi difer from dem.,Diferimos de ellos.
I dig in the garden.,/aɪ dɪɡ ɪn ðə ˈɡɑːdn/,ai dig in de garden.,Cavo en el jardín.
He directs the car.,/hiː dɪˈrɛkts ðə kɑː/,ji directs de kar.,Dirige el coche.
The bird disappears.,/ðə bɜːd ˌdɪsəˈpɪəz/,de berd disapiars.,El pájaro desaparece.
I discover a star.,/aɪ dɪˈskʌvə ə stɑː/,ai diskaver a star.,Descubro una estrella.
We discuss the plan.,/wiː dɪˈskʌs ðə plæn/,wi diskus de plan.,Discutimos el plan.
I distribute the food.,/aɪ ˈdɪstrɪbjuːt ðə fuːd/,ai distribiut de fud.,Distribuyo la comida.
Do not disturb me.,/duː nɒt dɪˈstɜːb miː/,du not disturb mi.,No me molestes.
They dive into water.,/ðeɪ daɪv ˈɪntuː ˈwɔːtə/,dei daiv intu uoter.,Se sumergen en el agua.
We divide the cake.,/wiː dɪˈvaɪd ðə keɪk/,wi divide de keik.,Dividimos el pastel.
I do my work.,/aɪ duː maɪ wɜːk/,ai du mai uerk.,Hago mi trabajo.
I do the laundry on Sunday.,/aɪ duː ðə ˈlɔːndri ɒn ˈsʌndeɪ/,ai du de landri on sandei,Hago la ropa los domingos.
The price will double soon.,/ðə praɪs wɪl ˈdʌbl suːn/,de prais wil dubel sun,El precio se duplicará pronto.
I doubt the story is true.,/aɪ daʊt ðə ˈstɔːri ɪz truː/,ai daout de stori is tru,Dudo que la historia sea cierta.
We can draw a conclusion.,/wiː kæn drɔː ə kənˈkluːʒən/,ui cen dro a conclushon,Podemos sacar una conclusión.
I dream about my holiday.,/aɪ driːm əˈbaʊt maɪ ˈhɒlədeɪ/,ai drim abaut mai joleidei,Sueño con mis vacaciones.
I dream at night.,/aɪ driːm æt naɪt/,ai drim at nait,Sueño por la noche.
I drink water every day.,/aɪ drɪŋk ˈwɔːtər ˈevri deɪ/,ai drink uoter evri dei,Bebo agua todos los días.
I can drive a car.,/aɪ kæn draɪv ə kɑːr/,ai cen draiv a car,Puedo conducir un coche.
The dog will drive them away.,/ðə dɒg wɪl draɪv ðem əˈweɪ/,de dog wil draiv dem awei,El perro los ahuyentará.
I drop the cup.,/aɪ drɒp ðə kʌp/,ai drop de cap,Se me cae la taza.
He cannot swim or drown.,/hiː ˈkænɒt swɪm ɔː draʊn/,ji canot swim or draun,No sabe nadar ni ahogarse.
I dry my hair.,/aɪ draɪ maɪ heər/,ai drai mai jer,Seco mi pelo.
I eat breakfast at home.,/aɪ iːt ˈbrekfəst æt həʊm/,ai iit brekfost at jom,Desayuno en casa.
I do not eavesdrop.,/aɪ duː nɒt ˈiːvzdrɒp/,ai du not iivzdrop,No escucho a escondidas.
The lamp emits light.,/ðə læmp ɪˈmɪts laɪt/,de lamp imits lait,La lámpara emite luz.
I enter my name.,/aɪ ˈentər maɪ neɪm/,ai enter mein neim,Pongo mi nombre.
The show entertains us.,/ðə ʃəʊ ˌentəˈteɪnz ʌs/,de shou enterteins as,El espectáculo nos entretiene.
We equip the room.,/wiː ɪˈkwɪp ðə ruːm/,ui ikuip de rum,Equipamos la habitación.
I examine the paper.,/aɪ ɪɡˈzæmɪn ðə ˈpeɪpər/,ai igzamin de peiper,Examiné el papel.
I exchange the book.,/aɪ ɪksˈtʃeɪndʒ ðə bʊk/,ai ikscheinch de buk,Cambio el libro.
I exclude him.,/aɪ ɪksˈkluːd hɪm/,ai iksclud jim,Lo excluyo.
Please excuse me.,/pliːz ɪksˈkjuːz miː/,plis ikskius mi,"Por favor, discúlpame."
The house exists now.,/ðə haʊs ɪɡˈzɪsts naʊ/,de jaus igzists nau,La casa existe ahora.
I expect rain today.,/aɪ ɪksˈpɛkt reɪn təˈdeɪ/,ai ikspect rein tudei,Espero lluvia hoy.
We expect a change.,/wiː ɪksˈpɛkt ə tʃeɪndʒ/,ui ikspect a cheinch,Prevemos un cambio.
Please explain the word.,/pliːz ɪkˈspleɪn ðə wɜːd/,pliz iksplein de uord,Por favor explica la palabra.
I can express my love.,/aɪ kæn ɪkˈsprɛs maɪ lʌv/,ai can ikspres mai lav,Puedo expresar mi amor.
He extinguishes the fire.,/hiː ɪkˈstɪŋɡwɪʃɪz ðə ˈfaɪə/,ji ikstingguishes de faier,Él apaga el fuego.
I fall in love with you.,/aɪ fɔːl ɪn lʌv wɪð juː/,ai fol in lav wid yu,Me enamoro de ti.
She feeds the cat.,/ʃiː fiːdz ðə kæt/,shi fits de kat,Ella alimenta al gato.
They fight the enemy.,/ðeɪ faɪt ðiː ˈɛnəmi/,dei fait de enemi,Ellos luchan contra el enemigo.
The boys fight now.,/ðə bɔɪz faɪt naʊ/,de bois fait nau,Los niños pelean ahora.
Fill the glass with water.,/fɪl ðə ɡlɑːs wɪð ˈwɔːtə/,fil de glas wid uater,Llena el vaso con agua.
I find my key.,/aɪ faɪnd maɪ kiː/,ai faind mai ki,Encuentro mi llave.
I finish the book.,/aɪ ˈfɪnɪʃ ðə bʊk/,ai finish de buk,Termino el libro.
We fish in the river.,/wiː fɪʃ ɪn ðə ˈrɪvə/,ui fish in de river,Pescamos en el río.
The dress fits well.,/ðə drɛs fɪts wɛl/,de dres fits uel,El vestido le queda bien.
Do not flatter me.,/duː nɒt ˈflætə miː/,du not flater mi,No me halagues.
Birds fly in the sky.,/bɜːdz flaɪ ɪn ðə skaɪ/,berds flai in de skai,Los pájaros vuelan en el cielo.
Follow me please.,/ˈfɒləʊ miː pliːz/,folou mi pliz,Sígueme por favor.
They forbid the dog.,/ðeɪ fəˈbɪd ðə dɒɡ/,dei forbid de dog,Ellos prohíben el perro.
Do not force him.,/duː nɒt fɔːs hɪm/,du not forsim jim,No lo fuerces.
I forget your name.,/aɪ fəˈɡɛt jɔː neɪm/,ai forget yor neim,Olvido tu nombre.
Please forgive me.,/pliːz fəˈɡɪv miː/,pliz forgiv mi,Por favor perdóname.
We form a line.,/wiː fɔːrm ə laɪn/,ui form a lain,Formamos una fila.
The shirt gets dirty.,/ðə ʃɜːt ɡɛts ˈdɜːti/,de shurt gets derti,La camisa se ensucia.
She gets infected easily.,/ʃiː ɡɛts ɪnˈfɛktɪd ˈiːzɪli/,shi gets infektid isili,Ella se infecta fácilmente.
He gets irritated fast.,/hiː ɡɛts ˈɪrɪteɪtɪd fɑːst/,ji gets iritaited fast,Él se irrita rápido.
We get married soon.,/wiː ɡɛt ˈmærid suːn/,ui get merrid sun,Nos casamos pronto.
Get rid of the bug.,/ɡɛt rɪd ɒv ðə bʌɡ/,get rid ov de bag,Deshazte del insecto.
I get tired after work.,/aɪ ɡet ˈtaɪərd ˈæftər wɜːrk/,ai get tayerd after work.,Me canso después del trabajo.
He gets up at seven.,/hiː ɡʌts ʌp æt ˈsɛvən/,ji gats ap at seven.,Él se levanta a las siete.
She gives me a gift.,/ʃiː ɡɪvz miː ə ɡɪft/,shi givs mi a gift.,Ella me da un regalo.
I give the baby a bath.,/aɪ ɡɪv ðə ˈbeɪbi ə bæθ/,ai giv de beibi a baz.,Le doy un baño al bebé.
She gives him a hug.,/ʃiː ɡɪvz hɪm ə hʌɡ/,shi givs jim a jag.,Ella le da un abrazo.
He gives in to her.,/hiː ɡɪvz ɪn tuː hɜːr/,ji givs in tu jer.,Él se rinde ante ella.
We go by car.,/wiː ɡəʊ baɪ kɑːr/,ui gou bai car.,Nosotros vamos en coche.
We don't go by car.,/wiː dəʊnt ɡəʊ baɪ kɑːr/,ui dount gou bai car.,No vamos en coche.
Do we go by car?,/duː wiː ɡəʊ baɪ kɑːr/,du ui gou bai car?,¿Vamos en coche?
Where do we go by car?,/weər duː wiː ɡəʊ baɪ kɑːr/,uer du ui gou bai car?,¿A dónde vamos en coche?
We went by car.,/wiː went baɪ kɑːr/,ui uent bai car.,Fuimos en coche.
They go on foot.,/ðeɪ ɡəʊ ɒn fʊt/,dei gou on fut.,Ellos van a pie.
They don't go on foot.,/ðeɪ dəʊnt ɡəʊ ɒn fʊt/,dei dount gou on fut.,Ellos no van a pie.
Do they go on foot?,/duː ðeɪ ɡəʊ ɒn fʊt/,du dei gou on fut?,¿Ellos van a pie?
How often do they go on foot?,/haʊ ˈɒfən duː ðeɪ ɡəʊ ɒn fʊt/,jau ofen du dei gou on fut?,¿Con qué frecuencia van a pie?
They went on foot.,/ðeɪ went ɒn fʊt/,dei uent on fut.,Ellos fueron a pie.
We go for a swim.,/wiː ɡəʊ fɔːr ə swɪm/,ui gou for a swim.,Vamos a nadar.
I go out with friends.,/aɪ ɡəʊ aʊt wɪð frɛndz/,ai gou aut wid friends.,Salgo con amigos.
I go to bed late.,/aɪ ɡəʊ tuː bɛd leɪt/,ai gou tu bed leit.,Me voy a la cama tarde.
She greets the teacher.,/ʃiː ɡriːts ðə ˈtiːtʃər/,shi grits de ticher.,Ella saluda al profesor.
I grow flowers in spring.,/aɪ ɡroʊ ˈflaʊərz ɪn sprɪŋ/,ai gro flausers in spring.,Cultivo flores en primavera.
I guarantee it is good.,/aɪ ˌɡærənˈtiː ɪt ɪz ɡʊd/,ai garanti it is gud.,Garantizo que es bueno.
I do not guarantee it is good.,/aɪ duː nɒt ˌɡærənˈtiː ɪt ɪz ɡʊd/,ai du not garanti it is gud.,No garantizo que es bueno.
Do you guarantee it is good?,/duː juː ˌɡærənˈtiː ɪt ɪz ɡʊd/,du yu garanti it is gud?,¿Garantizas que es bueno?
Why do you guarantee it is good?,/waɪ duː juː ˌɡærənˈtiː ɪt ɪz ɡʊd/,guai du yu garanti it is gud?,¿Por qué garantizas que es bueno?
I guaranteed it was good.,/aɪ ˌɡærənˈtiːd ɪt wɒz ɡʊd/,ai garantid it wos gud.,Garanticé que era bueno.
You guess right every time.,/juː ɡɛs raɪt ˈɛvri taɪm/,yu gues rait evri time.,Adivinas bien siempre.
He hands out the paper.,/hiː hændz aʊt ðə ˈpeɪpər/,ji jands aut de paper.,Él reparte el papel.
She hangs the picture.,/ʃiː hæŋz ðə ˈpɪktʃər/,shi jangs de pichter.,Ella cuelga el cuadro.
I have a new bike.,/aɪ hæv ə nuː baɪk/,ai jav a nu bike.,Tengo una bicicleta nueva.
I don't have a new bike.,/aɪ dəʊnt hæv ə nuː baɪk/,ai dount jav a nu bike.,No tengo una bicicleta nueva.
Do you have a new bike?,/duː juː hæv ə nuː baɪk/,du iu jav a nu bike?,¿Tienes una bicicleta nueva?
What does your new bike look like?,/wɒt dəz jɔː njuː baɪk lʊk laɪk/,uot daz yor niu baik luk laik?,¿Cómo es tu bicicleta nueva?
I had a new bike.,/aɪ hæd ə nuː baɪk/,ai jad a nu bike.,Tenía una bicicleta nueva.
I have a try at it.,/aɪ hæv ə traɪ æt ɪt/,ai jav a trai at it.,Lo intento.
I don't have a try at it.,/aɪ dəʊnt hæv ə traɪ æt ɪt/,ai dount jav a trai at it.,No lo intento.
Do you have a try at it?,/duː juː hæv ə traɪ æt ɪt/,du iu jav a trai at it?,¿Lo intentas?
Why do you have a try at it?,/waɪ duː juː hæv ə traɪ æt ɪt/,uái du yu jav a trái at it?,¿Por qué lo intentas?
I had a try at it.,/aɪ hæd ə traɪ æt ɪt/,ai jad a trai at it.,Lo intenté.
We have breakfast at home.,/wiː hæv ˈbrɛkfəst æt hoʊm/,ui jav brekfost at jom.,Desayunamos en casa.
They have dinner early.,/ðeɪ hæv ˈdɪnər ˈɜːrli/,dei jav dinner erli.,Cenan temprano.
We have fun at the park.,/wiː hæv fʌn æt ðə pɑːrk/,ui jav fan at de park.,Nos divertimos en el parque.
He has lunch at noon.,/hiː hæz lʌntʃ æt nuːn/,ji jas lanch at nun.,Él almuerza al mediodía.
He doesn't have lunch at noon.,/hiː dʌznt hæv lʌntʃ æt nuːn/,ji dasnt jav lanch at nun.,Él no almuerza al mediodía.
Does he have lunch at noon?,/dʌz hiː hæv lʌntʃ æt nuːn/,das ji jav lanch at nun?,¿Él almuerza al mediodía?
When does he have lunch?,/wen dʌz hiː hæv lʌntʃ/,uen das ji jav lanch?,¿Cuándo almuerza?
He had lunch at noon.,/hiː hæd lʌntʃ æt nuːn/,ji jad lanch at nun.,Él almorzó al mediodía.
She heads the team.,/ʃiː hɛdz ðə tiːm/,shi jeds de tim.,Ella lidera el equipo.
I hear the birds sing.,/aɪ hɪər ðə bɜːrdz sɪŋ/,ai jer de berds sing.,Oigo a los pájaros cantar.
I heat the food for lunch.,/aɪ hiːt ðə fuːd fɔː lʌntʃ/,ai jit de fud for lanch.,Caliento la comida para el almuerzo.
I help my mom at home.,/aɪ hɛlp maɪ mɒm æt həʊm/,ai jelp mai mom at jom.,Ayudo a mi mamá en casa.
The dog hides the bone.,/ðə dɒg haɪdz ðə bəʊn/,de dog jais de bon.,El perro esconde el hueso.
We hire a boat for the day.,/wiː ˈhaɪər ə bəʊt fɔː ðə deɪ/,gui jair a bot for de dei.,Alquilamos un barco por el día.
She hires a new teacher.,/ʃiː ˈhaɪərz ə njuː ˈtiːtʃər/,shi jairs a niu ticher.,Ella contrata a un nuevo profesor.
I hope you are happy.,/aɪ həʊp juː ɑːr ˈhæpi/,ai jop yu ar japi.,Espero que seas feliz.
They hunt in the forest.,/ðeɪ hʌnt ɪn ðə ˈfɒrɪst/,dei jant in de forist.,Ellos cazan en el bosque.
I hurry the children.,/aɪ ˈhʌri ðə ˈtʃɪldrən/,ai jari de children.,Apuro a los niños.
I hurry to the school.,/aɪ ˈhʌri tuː ðə skuːl/,ai jari tu de scul.,Voy rápido a la escuela.
I imagine a big house.,/aɪ ɪˈmædʒɪn ə bɪg haʊs/,ai imachin a big jaus.,Imagino una casa grande.
I don't imagine a big house.,/aɪ dəʊnt ɪˈmædʒɪn ə bɪg haʊs/,ai dount imachin a big jaus.,No imagino una casa grande.
Do you imagine a big house?,/duː juː ɪˈmædʒɪn ə bɪg haʊs/,du iu imachin a big jaus?,¿Imaginas una casa grande?
Why do you imagine a big house?,/waɪ duː juː ɪˈmædʒɪn ə bɪɡ haʊs/,uái du yu imádyin a big jáus?,¿Por qué imaginas una casa grande?
I imagined a big house.,/aɪ ɪˈmædʒɪnd ə bɪg haʊs/,ai imachind a big jaus.,Imaginé una casa grande.
The bird imitates the song.,/ðə bɜːrd ˈɪmɪteɪts ðə sɒŋ/,de berd imiteits de song.,El pájaro imita la canción.
I implore you for help.,/aɪ ɪmˈplɔːr juː fɔː hɛlp/,ai implor yu for jelp.,Te suplico ayuda.
They import cars here.,/ðeɪ ɪmˈpɔːrt kɑːrz hɪər/,dei import cars jir.,Ellos importan coches aquí.
They do not import cars here.,/ðeɪ duː nɒt ɪmˈpɔːrt kɑːrz hɪər/,dei du not import cars jir.,Ellos no importan coches aquí.
Do they import cars here?,/duː ðeɪ ɪmˈpɔːrt kɑːrz hɪər/,du dei import cars jir?,¿Ellos importan coches aquí?
Where do they import cars?,/wɛər duː ðeɪ ɪmˈpɔːrt kɑːrz/,güer du dei import cars?,¿Dónde importan ellos coches?
They imported cars here.,/ðeɪ ɪmˈpɔːrtɪd kɑːrz hɪər/,dei importid cars jir.,Ellos importaron coches aquí.
The price increases today.,/ðə praɪs ɪnˈkriːsɪz təˈdeɪ/,de prais incriisis tudei.,El precio aumenta hoy.
I increase the speed.,/aɪ ɪnˈkriːs ðə spiːd/,ai incriisis de espid.,Aumento la velocidad.
The germ can infect you.,/ðə dʒɜːrm kæn ɪnˈfɛkt juː/,de jerm can infect yu.,El germen puede infectarte.
She influences her friends.,/ʃiː ˈɪnfluənsɪz hɜːr frɛnds/,shi influencis jer frends.,Ella influye en sus amigos.
I inform him about the cat.,/aɪ ɪnˈfɔːrm hɪm əˈbaʊt ðə kæt/,ai inform him abaut de kat.,Le informo sobre el gato.
Please inform the police.,/pliːz ɪnˈfɔːrm ðə pəˈliːs/,pliz inform de polis.,Por favor informe a la policía.
She inherits the house.,/ʃiː ɪnˈhɛrɪts ðə haʊs/,shi inerits de jaus.,Ella hereda la casa.
I inquire about the time.,/aɪ ɪnˈkwaɪər əˈbaʊt ðə taɪm/,ai inkuair abaut de taim.,Pregunto por la hora.
I insist on good food.,/aɪ ɪnˈsɪst ɒn gʊd fuːd/,ai insist on gud fud.,Insisto en buena comida.
She inspires me to read.,/ʃiː ɪnˈspaɪərz miː tuː riːd/,shi inspairs mi tu rid.,Ella me inspira a leer.
I instruct the class.,/aɪ ɪnˈstrʌkt ðə klɑːs/,ai instruct de clas.,Instruyo a la clase.
Do not insult your friend.,/duː nɒt ɪnˈsʌlt jɔːr frɛnd/,du not insult yor frend.,No insultes a tu amigo.
This book interests me.,/ðɪs bʊk ˈɪntrəsts miː/,dis buk interest mi.,Este libro me interesa.
I do not intervene.,/aɪ duː nɒt ˌɪntəˈviːn/,ai du not intirvin.,No intervengo.
I introduce my friend.,/aɪ ˌɪntrəˈdjuːs maɪ frɛnd/,ai intrudius mai frend.,Presento a mi amigo.
He invents a machine.,/hiː ɪnˈvɛnts ə məˈʃiːn/,ji invents a mashin.,Él inventa una máquina.
She invites me to the party.,/ʃiː ɪnˈvaɪts miː tuː ðə ˈpɑːti/,shi invaits mi tu de parti.,Ella me invita a la fiesta.
I iron my shirt.,/aɪ ˈaɪən maɪ ʃɜːt/,ai aiorn mai shert.,Planchado mi camisa.
The noise irritates me.,/ðə nɔɪz ˈɪrɪteɪts miː/,de nois iriteits mi.,El ruido me irrita.
They isolate the sick cat.,/ðeɪ ˈaɪsəleɪt ðə sɪk kæt/,dei aisoleit de sik kat.,Aíslan al gato enfermo.
He joins the club.,/hiː dʒɔɪnz ðə klʌb/,ji goins de clab.,Él se une al club.
I joke with you.,/aɪ dʒəʊk wɪð juː/,ai yok wid yu.,Bromeo contigo.
I keep the letter.,/aɪ kiːp ðə ˈlɛtə/,ai kip de leter.,Me quedo con la carta.
We keep silent.,/wiː kiːp ˈsaɪlənt/,ui kip sailent.,Mantenemos silencio.
The lion kills the zebra.,/ðə ˈlaɪən kɪlz ðə ˈziːbrə/,de laion kilz de zebra.,El león mata a la cebra.
I knock at the door.,/aɪ nɒk æt ðə dɔː/,ai nak at de dor.,Llamo a la puerta.
I know him well.,/aɪ nəʊ hɪm wɛl/,ai no him uel.,Lo conozco bien.
I know the answer.,/aɪ nəʊ ðiː ˈɑːnsə/,ai no de answer.,Sé la respuesta.
They laugh at the joke.,/ðeɪ lɑːf æt ðə dʒəʊk/,dei laf at de yok.,Se ríen del chiste.
They launch a new ship.,/ðeɪ lɔːntʃ ə njuː ʃɪp/,dei lanch a niu ship.,Lanzan un nuevo barco.
We leave for Tokyo.,/wiː liːv fɔː təʊkiːəʊ/,ui liv for toquio.,Salimos para Tokio.
She leaves her husband.,/ʃiː liːvz hɜː ˈhʌzbənd/,shi livs jer hasband.,Ella deja a su esposo.
I leave behind my bag.,/aɪ liːv bɪˈhaɪnd maɪ bæg/,ai liv bijain mai bag.,Olvido mi bolso.
They liberate the city.,/ðeɪ ˈlɪbəreɪt ðə ˈsɪti/,dei libereit de siti.,Liberan la ciudad.
He lies to me.,/hiː laɪz tuː miː/,ji lais tu mi.,Él me miente.
I light the fire.,/aɪ laɪt ðə ˈfaɪə/,ai lait de faier.,Enciendo el fuego.
The lamp lights up the room.,/ðə læmp laɪts ʌp ðə ruːm/,de lamp laits ap de rum.,La lámpara ilumina la habitación.
I love dancing.,/aɪ lʌv ˈdɑːnsɪŋ/,ai lav dansing.,Me encanta bailar.
I like tea.,/aɪ laɪk tiː/,ai laik ti.,Me gusta el té.
I don't like tea.,/aɪ dəʊnt laɪk tiː/,ai dount laik ti.,No me gusta el té.
Do you like tea?,/duː juː laɪk tiː/,du iu laik ti?,¿Te gusta el té?
Why do you like tea?,/waɪ duː juː laɪk tiː/,uai du iu laik ti?,¿Por qué te gusta el té?
I liked tea.,/aɪ laɪkt tiː/,ai laikt ti.,Me gustó el té.
I limit the sugar.,/aɪ ˈlɪmɪt ðə ˈʃʊɡər/,ai limit de shugar.,Limito el azúcar.
I listen to music.,/aɪ ˈlɪsən tuː ˈmjuːzɪk/,ai lisn tu miusic.,Escucho música.
I live in a house.,/aɪ lɪv ɪn ə haʊs/,ai liv in a jaus.,Vivo en una casa.
Animals live here.,/ˈænɪməlz lɪv hɪər/,animals liv jier.,Los animales viven aquí.
He loads the gun.,/hiː ləʊdz ðə ɡʌn/,ji lods de gan.,Él carga el arma.
They load the truck.,/ðeɪ ləʊd ðə trʌk/,dei lod de trak.,Ellos cargan el camión.
I look at the dog.,/aɪ lʊk æt ðə dɒɡ/,ai luk at de dog.,Miro al perro.
I do not look at the dog.,/aɪ duː nɒt lʊk æt ðə dɒɡ/,ai du not luk at de dog.,No miro al perro.
Do you look at the dog?,/duː juː lʊk æt ðə dɒɡ/,du yu luk at de dog?,¿Miras al perro?
Why do you look at the dog?,/waɪ duː juː lʊk æt ðə dɒɡ/,uai du yu luk at de dog?,¿Por qué miras al perro?
I looked at the dog.,/aɪ lʊkt æt ðə dɒɡ/,ai lukt at de dog.,Miré al perro.
I look for my bag.,/aɪ lʊk fɔː maɪ bæɡ/,ai luk for mai bag.,Busco mi bolso.
You look like your mom.,/juː lʊk laɪk jɔːr mɒm/,yu luk laik yor mom.,Te pareces a tu mamá.
You do not look like your mom.,/juː duː nɒt lʊk laɪk jɔːr mɒm/,yu du not luk laik yor mom.,No te pareces a tu mamá.
Do you look like your mom?,/duː juː lʊk laɪk jɔːr mɒm/,du yu luk laik yor mom?,¿Te pareces a tu mamá?
Who looks like your mom?,/huː lʊks laɪk jɔːr mɒm/,ju luks laik yor mom?,¿Quién se parece a tu mamá?
You looked like your mom.,/juː lʊkt laɪk jɔːr mɒm/,yu lukt laik yor mom.,Te parecías a tu mamá.
I lose my keys.,/aɪ luːz maɪ kiːz/,ai luz mi kis.,Pierdo mis llaves.
I love you.,/aɪ lʌv juː/,ai lav yu.,Te amo.
Please lower your head.,/pliːz ˈləʊər jɔːr hɛd/,pliz lover yor jed.,Por favor baja la cabeza.
I make dinner.,/aɪ meɪk ˈdɪnər/,ai meik dinner.,Hago la cena.
I make a mistake.,/aɪ meɪk ə mɪˈsteɪk/,ai meik a mis-teik.,Cometo un error.
Do not make me angry.,/duː nɒt meɪk miː ˈæŋɡri/,du not meik mi angri.,No me hagas enojar.
I make copies.,/aɪ meɪk ˈkɒpiz/,ai meik copis.,Hago copias.
I make it easier.,/aɪ meɪk ɪt ˈiːziər/,ai meik it isier.,Lo hago más fácil.
I make his acquaintance.,/aɪ meɪk hɪz əˈkweɪntəns/,ai meik jis akweintans.,Hago su conocimiento.
I make use of it.,/aɪ meɪk juːs ɒv ɪt/,ai meik yus ov it.,Hago uso de ello.
I do not make use of it.,/aɪ duː nɒt meɪk juːs ɒv ɪt/,ai du not meik yus ov it.,No hago uso de ello.
Do you make use of it?,/duː juː meɪk juːs ɒv ɪt/,du yu meik yus ov it?,¿Haces uso de ello?
When do you make use of it?,/wen duː juː meɪk juːs ɒv ɪt/,uen du yu meik yus ov it?,¿Cuándo haces uso de ello?
I made use of it.,/aɪ meɪd juːs ɒv ɪt/,ai meid yus ov it.,Hice uso de ello.
He manages the shop.,/hiː ˈmænɪdʒɪz ðə ʃɒp/,ji manichis de shop.,Él gestiona la tienda.
I mark the paper.,/aɪ mɑːrk ðə ˈpeɪpər/,ai mark de peiper.,Marco el papel.
I mean yes.,/aɪ miːn jɛs/,ai min yes.,Quiero decir sí.
I memorize words.,/aɪ ˈmɛməraɪz wɜːrdz/,ai memoraiz werds.,Memorizo palabras.
I mention the food.,/aɪ ˈmɛnʃən ðə fuːd/,ai menshon de fud.,Menciono la comida.
I miss the bus.,/aɪ mɪs ðə bʌs/,ai mis de bas.,Pierdo el autobús.
I mix the water.,/aɪ mɪks ðə ˈwɔːtə/,ai mix de uater.,Mezclo el agua.
Do not mock the dog.,/duː nɒt mɒk ðə dɒg/,du not mok de dog.,No te burles del perro.
I move the box.,/aɪ muːv ðə bɒks/,ai muv de boks.,Muevo la caja.
I multiply the numbers.,/aɪ ˈmʌltɪplaɪ ðə ˈnʌmbəz/,ai moltiplai de nambers.,Multiplico los números.
We name the cat.,/wiː neɪm ðə kæt/,ui neim de kat.,Ponemos nombre al gato.
They negotiate the price.,/ðeɪ nɪˈɡəʊʃieɪt ðə praɪs/,dei goshieit de prais.,Negocian el precio.
I note the time.,/aɪ nəʊt ðə taɪm/,ai not de taim.,Anoto la hora.
I notice the bird.,/aɪ ˈnəʊtɪs ðə bɜːd/,ai notis de berd.,Noté el pájaro.
You obey the law.,/juː əˈbeɪ ðə lɔː/,yu obei de law.,Obedeces la ley.
I object to the plan.,/aɪ əbˈdʒɛkt tuː ðə plæn/,ai obyect tu de plan.,Me opongo al plan.
We observe the sky.,/wiː əbˈzɜːv ðə skaɪ/,ui obserf de skai.,Observamos el cielo.
I do not offend you.,/aɪ duː nɒt əˈfɛnd juː/,ai do not ofend yu.,No te ofendo.
Do not omit the word.,/duː nɒt əʊˈmɪt ðə wɜːd/,do not omit de werld.,No omitas la palabra.
I open the door.,/aɪ ˈəʊpən ðə dɔː/,ai open de dor.,Abro la puerta.
I order the tea.,/aɪ ˈɔːdə ðə tiː/,ai order de ti.,Pido el té.
He orders the troops.,/hiː ˈɔːdəz ðə truːps/,ji order de trups.,Él ordena a las tropas.
We organize the party.,/wiː ˈɔːɡənaɪz ðə ˈpɑːti/,ui organaiz de parti.,Organizamos la fiesta.
I overestimate the cost.,/aɪ ˌəʊvərˈɛstɪmeɪt ðə kɒst/,ai overestimeit de cost.,Sobreestimo el costo.
I own a car.,/aɪ əʊn ə kɑː/,ai own a car.,Tengo un coche.
I participate in the game.,/aɪ pɑːˈtɪsɪpeɪt ɪn ðə ɡeɪm/,ai participait in de geim.,Participo en el juego.
I pass the car.,/aɪ pɑːs ðə kɑː/,ai pas de car.,Paso el coche.
I pay the bill.,/aɪ peɪ ðə bɪl/,ai pei de bil.,Pago la cuenta.
Do not peep at me.,/duː nɒt piːp æt miː/,do not pip at mi.,No me espies.
The light can penetrate the glass.,/ðə laɪt kæn ˈpɛnɪtreɪt ðə ɡlɑːs/,de lait can penetreit de glas.,La luz puede penetrar el vidrio.
I permit you to go now.,/aɪ pəˈmɪt juː tuː ɡəʊ naʊ/,ai permit yu tu gou nau.,Te permito ir ahora.
I do not permit you to go now.,/aɪ duː nɒt pəˈmɪt juː tuː ɡəʊ naʊ/,ai du not permit yu tu gou nau.,No te permito ir ahora.
Do you permit me to go now?,/duː juː pəˈmɪt miː tuː ɡəʊ naʊ/,du yu permit mi tu gou nau?,¿Me permites ir ahora?
What do you permit me to do now?,/wɒt duː juː pəˈmɪt miː tuː duː naʊ/,guot du yu permit mi tu du nau?,¿Qué me permites hacer ahora?
I permitted you to go now.,/aɪ pəˈmɪtɪd juː tuː ɡəʊ naʊ/,ai permitid yu tu gou nau.,Te permití ir ahora.
She likes to pick red flowers.,/ʃiː laɪks tuː pɪk rɛd ˈflaʊəz/,shi laiks tu pik red flawers.,A ella le gusta recoger flores rojas.
Please place the book here.,/pliːz pleɪs ðə bʊk hɪə/,plis pleis de buk jia.,Por favor coloca el libro aquí.
We plan to eat at home.,/wiː plæn tuː iːt æt həʊm/,ui plan tu iit at jom.,Planeamos comer en casa.
He can play the king well.,/hiː kæn pleɪ ðə kɪŋ wɛl/,ji can plei de king uel.,Él puede interpretar al rey bien.
The children play in the park.,/ðə ˈtʃɪldrən pleɪ ɪn ðə pɑːk/,de children plein in de park.,Los niños juegan en el parque.
He points the way to me.,/hiː pɔɪnts ðə weɪ tuː miː/,ji points de uei tu mi.,Él me señala el camino.
Please pour water in the cup.,/pliːz pɔː ˈwɔːtər ɪn ðə kʌp/,plis por uoter in de cap.,Por favor vierte agua en la taza.
They pray in the church daily.,/ðeɪ preɪ ɪn ðə tʃɜːrtʃ ˈdeɪli/,dei prei in de cherch deili.,Ellos oran en la iglesia diariamente.
Red colors predominate in this room.,/rɛd ˈkʌlərz prɪˈdɒmɪneɪt ɪn ðɪs ruːm/,red colors predomineit in dis rum.,Los colores rojos predominan en esta habitación.
I prefer tea over coffee now.,/aɪ prɪˈfɜːr tiː ˈəʊvər ˈkɒfi naʊ/,ai prefer ti ofer coffi nau.,Prefiero té antes que café ahora.
She prepares a plan for us.,/ʃiː prɪˈpeərz ə plæn fɔːr ʌs/,shi prepares a plan for os.,Ella prepara un plan para nosotros.
I present my friend to you.,/aɪ prɪˈzɛnt maɪ frɛnd tuː juː/,ai present mai frend tu yu.,Te presento a mi amigo.
We try to preserve the peace.,/wiː traɪ tuː prɪˈzɜːrv ðə piːs/,ui trai tu preserv de pis.,Intentamos preservar la paz.
The car can progress slowly now.,/ðə kɑːr kæn prəˈɡrɛs ˈsloʊli naʊ/,de car can progress slouli nau.,El coche puede avanzar despacio ahora.
I promise to help you today.,/aɪ ˈprɒmɪs tuː hɛlp juː təˈdeɪ/,ai promis tu jelp yu tudei.,Prometo ayudarte hoy.
She can pronounce the word well.,/ʃiː kæn prəˈnaʊns ðə wɜːrd wɛl/,shi can pronauns de uerd uel.,Ella puede pronunciar la palabra bien.
He proposes a new idea today.,/hiː prəˈpəʊzəz ə nuː aɪˈdiːə təˈdeɪ/,ji proposes a niua aidea tudei.,Él propone una nueva idea hoy.
We must protect nature together.,/wiː mʌst prəˈtɛkt ˈneɪtʃər təˈɡɛðər/,ui mast protect neicher togueder.,Debemos proteger la naturaleza juntos.
They protest the bad rules now.,/ðeɪ ˈproʊtɛst ðə bæd ruːlz naʊ/,dei protest de bad ruls nau.,Ellos protestan contra las malas reglas.
I can prove it to you.,/aɪ kæn pruːv ɪt tuː juː/,ai can pruv it tu yu.,Puedo probártelo.
Do not provoke the small dog.,/duː nɒt prəˈvəʊk ðə smɔːl dɒɡ/,du not provok de small dog.,No provoques al perro pequeño.
Please pull the rope to the left.,/pliːz pʊl ðə rəʊp tuː ðə lɛft/,plis pul de rop tu de left.,Por favor tira de la cuerda a la izquierda.
The teacher will punish the boy.,/ðə ˈtiːtʃər wɪl ˈpʌnɪʃ ðə bɔɪ/,de ticher wil panish de boi.,El maestro castigará al niño.
Push the door.,/pʊʃ ðə dɔː/,push de dor.,Empuja la puerta.
Put away the book.,/pʊt əˈweɪ ðə bʊk/,put auei de buk.,Guarda el libro.
Put in the key.,/pʊt ɪn ðə kiː/,put in de ki.,Pon la llave.
Put in order the room.,/pʊt ɪn ˈɔːdə ðə ruːm/,put in oder de rum.,Ordena la habitación.
Put the cup here.,/pʊt ðə kʌp hɪə/,put de kap jia.,Pon la taza aquí.
Quote the text.,/kwəʊt ðə tɛkst/,kuout de tekst.,Cita el texto.
Reach the park.,/riːtʃ ðə pɑːk/,rich de park.,Llega al parque.
Read the page.,/riːd ðə peɪdʒ/,rid de peidy.,Lee la página.
Realize the dream.,/ˈrɪəlaɪz ðə driːm/,rialais de drim.,Haz realidad el sueño.
Recall the name.,/rɪˈkɔːl ðə neɪm/,rikol de neim.,Recuerda el nombre.
Recognize the face.,/ˈrɛkəɡnaɪz ðə feɪs/,rekognaiz de feis.,Reconoce la cara.
Recommend the song.,/rɛkəˈmɛnd ðə sɒŋ/,rekemend de song.,Recomienda la canción.
Recover from the flu.,/rɪˈkʌvə frɒm ðə fluː/,rikover from de flu.,Recupérate de la gripe.
Redo the work.,/riːˈduː ðə wɜːk/,ridu de werk.,Rehaz el trabajo.
Reduce the speed.,/rɪˈdjuːs ðə spiːd/,ridyus de speed.,Reduce la velocidad.
Refuse the gift.,/rɪˈfjuːz ðə ɡɪft/,rifius de gift.,Rechaza el regalo.
Regret the choice.,/rɪˈɡrɛt ðə tʃɔɪs/,rigret de chois.,Lamenta la elección.
Reinforce the wall.,/riːɪnˈfɔːs ðə wɔːl/,riinfor de uol.,Refuerza la pared.
Remember the day.,/rɪˈmɛmbə ðə deɪ/,rimemba de dei.,Recuerda el día.
Remind me of him.,/rɪˈmaɪnd miː ɒv hɪm/,rimaind mi ov jim.,Recuérdame a él.
Remove the stain.,/rɪˈmuːv ðə steɪn/,rimuv de stein.,Quita la mancha.
Remove the stone.,/rɪˈmuːv ðə stəʊn/,rimuv de ston.,Quita la piedra.
Rent the car.,/rɛnt ðə kɑː/,rent de kar.,Alquila el coche.
Repair the chair.,/rɪˈpɛə ðə tʃɛə/,riper de cher.,Repara la silla.
Repeat the word.,/rɪˈpiːt ðə wɜːd/,ripit de werd.,Repite la palabra.
I report the news.,/aɪ rɪˈpɔːrt ðə nuːz/,ai riport de niuz.,Yo reporto las noticias.
She reproaches him.,/ʃiː rɪˈproʊtʃɪz hɪm/,shi ri-prochis him.,Ella lo reprende.
We book a table.,/wiː bʊk ə ˈteɪbəl/,ui buk a teibol.,Nosotros reservamos una mesa.
He restrains the dog.,/hiː rɪˈstreɪnz ðə dɔːɡ/,ji ri-streins de dog.,Él sujeta al perro.
You return home.,/juː rɪˈtɜːrn hoʊm/,yu ri-torn jom.,Tú regresas a casa.
They take a risk.,/ðeɪ teɪk ə rɪsk/,dei teik a risk.,Ellos corren un riesgo.
I rub off the mark.,/aɪ rʌb ɒf ðə mɑːrk/,ai rab of de mark.,Borro la marca.
He runs fast.,/hiː rʌnz fæst/,ji rans fast.,Él corre rápido.
He does not run fast.,/hiː dʌz nɒt rʌn fɑːst/,ji das not ran fast.,Él no corre rápido.
Does he run fast?,/dʌz hiː rʌn fɑːst/,das ji ran fast?,¿Él corre rápido?
He ran fast.,/hiː ræn fɑːst/,ji ran fast.,Él corrió rápido.
The food satisfies me.,/ðə fuːd ˈsætɪsfaɪz miː/,de fud satis-fais mi.,La comida me satisface.
They save the cat.,/ðeɪ seɪv ðə kæt/,dei seiv de kat.,Ellos salvan al gato.
I say thank you.,/aɪ seɪ θæŋk juː/,ai sei zank yu.,Doy las gracias.
Mom scolds the boy.,/mɑːmskoʊldz ðə bɔɪ/,mam skolds de boi.,Mamá regaña al niño.
The cat scratches me.,/ðə kæt ˈskrætʃɪz miː/,de kat skreches mi.,El gato me araña.
She selects a dress.,/ʃiː sɪˈlɛkts ə drɛs/,shi si-lects a dres.,Ella selecciona un vestido.
We sell cars.,/wiː sɛl kɑːrz/,ui sel cars.,Nosotros vendemos coches.
I send a letter.,/aɪ sɛnd ə ˈlɛtər/,ai send a leter.,Yo envío una carta.
He sends it back.,/hiː sɛndz ɪt bæk/,ji sends it bak.,Él lo devuelve.
Dogs sense danger.,/dɔːɡz sɛns ˈdeɪndʒər/,dogs sens dein-yer.,Los perros sienten el peligro.
The judge sentences him.,/ðə dʒʌdʒ ˈsɛntənsɪz hɪm/,de yady sentencis him.,El juez lo sentencia.
She serves the food.,/ʃiː sɜːrvz ðə fuːd/,shi servs de fud.,Ella sirve la comida.
They settle the problem.,/ðeɪ ˈsɛtəl ðə ˈprɑːbləm/,dei setol de problom.,Ellos resuelven el problema.
I shake the bottle.,/aɪ ʃeɪk ðə ˈbɑːtəl/,ai sheik de batol.,Agito la botella.
He shaves his face.,/hiː ʃeɪvz hɪz feɪs/,ji sheivs his feis.,Él se afeita la cara.
The sun shines.,/ðə sʌn ʃaɪnz/,de san shains.,El sol brilla.
I shiver with cold.,/aɪ ˈʃɪvər wɪð koʊld/,ai shiver wid cold.,Tiemblo de frío.
He can shoot the arrow.,/hiː kæn ʃuːt ðiː ˈærəʊ/,ji can shuut de arrow.,Él puede disparar la flecha.
Do not shout at me.,/duː nɒt ʃaʊt æt miː/,du not shaut at mi.,No me grites.
Please show me the book.,/pliːz ʃəʊ miː ðə bʊk/,pliz shou mi de buk.,Por favor muéstrame el libro.
She will shudder in the cold.,/ʃiː wɪl ʃʌdər ɪn ðə kəʊld/,shi wil shoder in de cold.,Ella temblará de frío.
He sighs because he is tired.,/hiː saɪz bɪˈkɒz hiː ɪz ˈtaɪəd/,hi sais bikoz hi is taird.,Él suspira porque está cansado.
You can sign the paper here.,/juː kæn saɪn ðə ˈpeɪpə hɪə/,yu can sain de peiper jia.,Puedes firmar el papel aquí.
You cannot sign the paper here.,/juː ˈkænɒt saɪn ðə ˈpeɪpə hɪə/,yu canot sain de peiper jir.,No puedes firmar el papel aquí.
Can you sign the paper here?,/kæn juː saɪn ðə ˈpeɪpə hɪə/,can yu sain de peiper jir?,¿Puedes firmar el papel aquí?
When can you sign the paper?,/wɛn kæn juː saɪn ðə ˈpeɪpə/,guen can yu sain de peiper?,¿Cuándo puedes firmar el papel?
You could sign the paper here.,/juː kʊd saɪn ðə ˈpeɪpə hɪə/,yu cud sain de peiper jir.,Podías firmar el papel aquí.
It does not signify a problem.,/ɪt dʌz nɒt ˈsɪɡnɪfaɪ ə ˈprɒbləm/,it das not sgnifai a problem.,No significa un problema.
We simplify the work for you.,/wiː ˈsɪmplɪfaɪ ðə wɜːk fɔː juː/,ui simplifai de werk for yu.,Simplificamos el trabajo para ti.
He does not sin at all.,/hiː dʌz nɒt sɪn æt ɔːl/,hi das not sin at ol.,Él no peca en absoluto.
The cat sits on the mat.,/ðə kæt sɪts ɒn ðə mæt/,de kat sits on de mat.,El gato se sienta en la estera.
Please sit down and eat.,/pliːz sɪt daʊn ænd iːt/,pliz sit daun and iit.,Por favor siéntate y come.
I can smash the big bug.,/aɪ kæn smæʃ ðə bɪg bʌg/,ai can smach de big bag.,Puedo aplastar el insecto grande.
I cannot smash the big bug.,/aɪ ˈkænɒt smæʃ ðə bɪg bʌg/,ai canot smach de big bag.,No puedo aplastar el insecto grande.
Can you smash the big bug?,/kæn juː smæʃ ðə bɪg bʌg/,can yu smach de big bag?,¿Puedes aplastar el insecto grande?
Which big bug can you smash?,/wɪtʃ bɪg bʌg kæn juː smæʃ/,guich big bag can yu smach?,¿Qué insecto grande puedes aplastar?
I could smash the big bug.,/aɪ kʊd smæʃ ðə bɪg bʌg/,ai cud smach de big bag.,Podía aplastar el insecto grande.
The flower smells very good.,/ðə ˈflaʊər smels ˈvɛri gʊd/,de flaouer smels veri gud.,La flor huele muy bien.
The flower does not smell very good.,/ðə ˈflaʊər dʌz nɒt smel ˈvɛri gʊd/,de flaouer daz not smel veri gud.,La flor no huele muy bien.
Does the flower smell very good?,/dʌz ðə ˈflaʊər smel ˈvɛri gʊd/,daz de flaouer smel veri gud?,¿Huele muy bien la flor?
How does the flower smell?,/haʊ dʌz ðə ˈflaʊər smel/,jau daz de flaouer smel?,¿Cómo huele la flor?
The flower smelled very good.,/ðə ˈflaʊər smeld ˈvɛri gʊd/,de flaouer smeld veri gud.,La flor olía muy bien.
She smells the milk.,/ʃiː smels ðə mɪlk/,shi smels de milk.,Ella huele la leche.
The baby smiles at me.,/ðə ˈbeɪbi smaɪlz æt miː/,de beibi smails at mi.,El bebé me sonríe.
The rope will snap soon.,/ðə rəʊp wɪl snæp suːn/,de rop wil snap sun.,La cuerda se romperá pronto.
We solve the math problem.,/wiː sɒlv ðə mæθ ˈprɒbləm/,ui solv de mas problem.,Resolvemos el problema de matemáticas.
He sows the seeds now.,/hiː səʊz ðə siːdz naʊ/,hi sohs de siids nau.,Él siembra las semillas ahora.
Do not spill the water.,/duː nɒt spɪl ðə ˈwɔːtə/,du not spil de uater.,No derrames el agua.
The flour spills out of the bag.,/ðə ˈflaʊər spɪls aʊt ɒv ðə bæg/,de flaouer spils aut of de bag.,La harina se derrama del saco.
He spits on the ground.,/hiː spɪts ɒn ðə ɡraʊnd/,hi spits on de graund.,Él escupe en el suelo.
I can not stand the cold.,/aɪ kæn nɒt stænd ðə kəʊld/,ai can not stand de cold.,No puedo soportar el frío.
We start the class at nine.,/wiː stɑːt ðə klɑːs æt naɪn/,ui start de clas at nain.,Empezamos la clase a las nueve.
Do not steal my money.,/duː nɒt stiːl maɪ ˈmʌni/,du not stil mai mani.,No robes mi dinero.
Please stop calling me now.,/pliːz stɒp ˈkɔːlɪŋ miː naʊ/,pliz stop coling mi nau.,Por favor deja de llamarme.
Please stop here for a moment.,/pliːz stɒp hɪə fɔːr ə məʊmənt/,pliz stop jir for a moment.,"Por favor, para aquí por un momento."
They stop talking when the teacher comes.,/ðeɪ stɒp tɔːkɪŋ wen ðə tiːtʃə kʌmz/,dei stop toking wen de ticher kams.,Ellos dejan de hablar cuando llega el profesor.
She likes to stroke the cat.,/ʃiː laɪks tuː strəʊk ðə kæt/,shi laiks tu strok de kat.,A ella le gusta acariciar al gato.
I study English every day.,/aɪ stʌdi ɪŋɡlɪʃ ˈɛvri deɪ/,ai study inglish evrei dei.,Estudio inglés todos los días.
He does not suffer from pain.,/hiː dʌz nɒt sʌfə frɒm peɪn/,ji daZ not suffer from pein.,Él no sufre de dolor.
We support our friends.,/wiː səˈpɔːrt aʊə frɛndz/,ui suport auar frends.,Apoyamos a nuestros amigos.
I suppose it is true.,/aɪ səˈpəʊz ɪt ɪz truː/,ai supous it is tru.,Supongo que es verdad.
The boat can surface here.,/ðə bəʊt kæn ˈsɜːrfɪs hɪə/,de boat kan serfis jir.,El barco puede salir a la superficie aquí.
The boat cannot surface here.,/ðə bəʊt ˈkænɒt ˈsɜːrfɪs hɪə/,de boat canot serfis jir.,El barco no puede salir a la superficie aquí.
Can the boat surface here?,/kæn ðə bəʊt ˈsɜːrfɪs hɪə/,can de boat serfis jir?,¿Puede el barco salir a la superficie aquí?
How can the boat surface here?,/haʊ kæn ðə bəʊt ˈsɜːrfɪs hɪə/,jau can de boat serfis jir?,¿Cómo puede el barco salir a la superficie aquí?
The boat could surface here.,/ðə bəʊt kʊd ˈsɜːrfɪs hɪə/,de boat cud serfis jir.,El barco podía salir a la superficie aquí.
You surprise me with your gift.,/juː səˈpraɪz miː wɪð jɔː gɪft/,yu surpraiz mi wid yuor gift.,Me sorprendes con tu regalo.
I suspect he is right.,/aɪ səˈspɛkt hiː ɪz raɪt/,ai suspect ji is rait.,Sospecho que él tiene razón.
Fish swim in the water.,/fɪʃ swɪm ɪn ðə wɔːtə/,fish swim in de uoter.,Los peces nadan en el agua.
I turn on the computer.,/aɪ tɜːrn ɒn ðə kəmˈpjuːtə/,ai tern on de computer.,Enciendo la computadora.
Please take this book.,/pliːz teɪk ðɪs bʊk/,pliz teik dis buk.,"Por favor, toma este libro."
He likes to take a bath.,/hiː laɪks tuː teɪk ə bɑːθ/,ji laiks tu teik a baZ.,A él le gusta bañarse.
I need to take a rest.,/aɪ niːd tuː teɪk ə rɛst/,ai nid tu teik a rest.,Necesito descansar.
He takes aim at the target.,/hiː teɪks eɪm æt ðə ˈtɑːrgɪt/,ji teiks eim at de target.,Él apunta al objetivo.
Please take away the plate.,/pliːz teɪk əˈweɪ ðə pleɪt/,pliz teik auei de pleit.,"Por favor, retira el plato."
The plane takes off soon.,/ðə pleɪn teɪks ɒf suːn/,de plein teiks of sun.,El avión despega pronto.
I take off my shoes.,/aɪ teɪk ɒf maɪ ʃuːz/,ai teik of mai shus.,Me quito los zapatos.
They take pictures of the park.,/ðeɪ teɪk ˈpɪktʃərz ɒv ðə pɑːrk/,dei teik pictchers of de park.,Ellos toman fotos del parque.
I talk to my friend.,/aɪ tɔːk tuː maɪ frɛnd/,ai tok tu mai frend.,Hablo con mi amigo.
She teaches children at school.,/ʃiː tiːtʃɪz ˈtʃɪldrən æt skuːl/,shi tiches children at skul.,Ella enseña a los niños en la escuela.
I tear off the paper.,/aɪ teər ɒf ðə ˈpeɪpə/,ai tear of de peiper.,Arranco el papel.
He tells a funny story.,/hiː tɛlz ə ˈfʌni stɔːri/,ji tels a fani stori.,Él cuenta una historia divertida.
I thank you for help.,/aɪ θæŋk juː fɔːr hɛlp/,ai zank yu for jelp.,Te agradezco la ayuda.
I think you are happy.,/aɪ θɪŋk juː ɑːr ˈhæpi/,ai zink yu ar japi.,Creo que tú eres feliz.
I think about my cat.,/aɪ θɪŋk əˈbaʊt maɪ kæt/,ai zink abaut mai kat.,Pienso en mi gato.
He does not threaten me.,/hiː dʌz nɒt ˈθrɛtən miː/,ji das nat zreten mi.,Él no me amenaza.
Please throw the ball.,/pliːz θrəʊ ðə bɔːl/,plis zrou de bol.,Por favor tira la pelota.
I tie the dog to the tree.,/aɪ taɪ ðə dɒg tuː ðə triː/,ai tai de dog tu de tri.,Ato al perro al árbol.
They tie up the man.,/ðeɪ taɪ ʌp ðə mæn/,dei tai ap de man.,Ellos atan al hombre.
The long walk tires me.,/ðə lɒŋ wɔːk ˈtaɪəz miː/,de long guok tairs mi.,El largo paseo me cansa.
Do not touch the cat.,/duː nɒt tʌtʃ ðə kæt/,du nat tach de kat.,No toques al gato.
The big tree towers over the house.,/ðə bɪg triː ˈtaʊəz ˈəʊvə ðə haʊs/,de big tri tauers ov de jaus.,El árbol grande se eleva sobre la casa.
The big tree does not tower over the house.,/ðə bɪɡ triː dʌz nɒt ˈtaʊər ˈəʊvə ðə haʊs/,de big tri das not tauer ov de jaus.,El árbol grande no se eleva sobre la casa.
Does the big tree tower over the house?,/dʌz ðə bɪɡ triː ˈtaʊər ˈəʊvə ðə haʊs/,das de big tri tauer ov de jaus?,¿El árbol grande se eleva sobre la casa?
Which house does the big tree tower over?,/wɪtʃ haʊs dʌz ðə bɪɡ triː ˈtaʊər ˈəʊvə/,guich jaus das de big tri tauer ovar?,¿Sobre qué casa se eleva el árbol grande?
The big tree towered over the house.,/ðə bɪɡ triː ˈtaʊərd ˈəʊvə ðə haʊs/,de big tri tauerd ov de jaus.,El árbol grande se elevaba sobre la casa.
I train my dog.,/aɪ treɪn maɪ dɒg/,ai trein mai dog.,Entreno a mi perro.
She trains the team.,/ʃiː treɪnz ðə tiːm/,shi treins de tim.,Ella entrena al equipo.
We train every day.,/wiː treɪn ˈevri deɪ/,ui trein evri dei.,Entrenamos todos los días.
He transforms the room.,/hiː trænsˈfɔːmz ðə ruːm/,ji transfoms de rum.,Él transforma la habitación.
Please translate the letter.,/pliːz trænsˈleɪt ðə ˈlɛtə/,plis transléit de leter.,Por favor traduce la carta.
She treats sick people.,/ʃiː triːts sɪk ˈpiːpəl/,shi trits sik pipol.,Ella trata a los enfermos.
I trust my friend.,/aɪ trʌst maɪ frɛnd/,ai trust mai frend.,Confío en mi amigo.
I try to open the door.,/aɪ traɪ tuː ˈəʊpən ðə dɔː/,ai trai tu open de dor.,Intento abrir la puerta.
Turn to the left.,/tɜːn tuː ðə lɛft/,torn tu de left.,Gira a la izquierda.
Please do not turn away.,/pliːz duː nɒt tɜːn əˈweɪ/,plis du nat torn auei.,Por favor no te des la vuelta.
Turn off the light.,/tɜːn ɒf ðə laɪt/,torn of de lait.,Apaga la luz.
Turn over the page.,/tɜːn ˈəʊvə ðə peɪdʒ/,torn ov de peidj.,Pasa la página.
Do not underestimate the boy.,/duː nɒt ˌʌndərˈɛstɪmeɪt ðə bɔɪ/,du nat underestimeit de boi.,No subestimes al niño.
I underline the word.,/aɪ ˌʌndəˈlaɪn ðə wɜːd/,ai underlain de uord.,Subrayo la palabra.
I understand the lesson.,/aɪ ˌʌndəˈstænd ðə ˈlɛsən/,ai understand de lesson.,Entiendo la lección.
I undertake the work.,/aɪ ˌʌndəˈteɪk ðə wɜːk/,ai undertéik de uork.,Emprendo el trabajo.
We unite the two parts.,/wiː juːˈnaɪt ðə tuː pɑːts/,wi yunait de tu parts,Unimos las dos partes.
Please untie the dog.,/pliːz ʌnˈtaɪ ðə dɒɡ/,pliz untai de dog,Por favor desata al perro.
I use the phone.,/aɪ juːz ðə fəʊn/,ai yus de foun,Uso el teléfono.
They vaccinate the baby.,/ðeɪ ˈvæksɪneɪt ðə ˈbeɪbi/,dei vaksineit de beibi,Vacunan al bebé.
You vote today.,/juː vəʊt təˈdeɪ/,yu vout tudei,Votas hoy.
I wait for my mom.,/aɪ weɪt fɔː maɪ mɒm/,ai weit for mai mom,Espero a mi mamá.
He wakes his sister.,/hiː weɪks hɪz ˈsɪstə/,ji weiks jis sista,Él despierta a su hermana.
I want some water.,/aɪ wɒnt sʌm ˈwɔːtə/,ai uont sam uater,Quiero un poco de agua.
I warn you about the dog.,/aɪ wɔːn juː əˈbaʊt ðə dɒɡ/,ai uorn yu abaut de dog,Te advierto sobre el perro.
She washes the apple.,/ʃiː wɒʃɪz ðə ˈæpl/,shi wuashes de apol,Ella lava la manzana.
We water the flowers.,/wiː ˈwɔːtə ðə ˈflaʊəz/,wi uater de flauers,Regamos las flores.
They wave at the bus.,/ðeɪ weɪv æt ðə bʌs/,dei weiv at de bas,Saludan al autobús.
I weigh the bag.,/aɪ weɪ ðə bæɡ/,ai wei de bag,Peso la bolsa.
He works at the shop.,/hiː wɜːks æt ðə ʃɒp/,ji uorks at de shop,Él trabaja en la tienda.
Do not worry me.,/duː nɒt ˈwʌri miː/,du not uori mi,No me preocupes.
I worry about my test.,/aɪ ˈwʌri əˈbaʊt maɪ test/,ai uori abaut mai test,Me preocupo por mi examen.
Wrap the gift now.,/ræp ðə ɡɪft naʊ/,rap de gift nau,Envuelve el regalo ahora.
They wrestle on the mat.,/ðeɪ ˈrɛsl ɒn ðə mæt/,dei uresl on de mat,Luchan en la colchoneta.
She writes a letter.,/ʃiː raɪts ə ˈlɛtə/,shi raits a leta,Ella escribe una carta.
Write down the name.,/raɪt daʊn ðə neɪm/,rait daun de neim,Escribe el nombre.
